priority,graph_name,chart_type,source_file,status,detected_columns_or_asset,reason,suggested_output_filename
1,Accuracy by round/epoch,line,streamlit-ui/streamlit-ui/data/experiment_results.csv,Ready from structured data,"distribution, method, selected_round, accuracy","Shows convergence and whether FedAvg, FedPer or FedRep stabilize differently across training rounds.",experiment_results_accuracy_convergence.png
1,Accuracy by round/epoch,line,streamlit-ui/streamlit-ui/data/round_metrics.csv,Ready from structured data,"distribution, method, round, accuracy","Shows convergence and whether FedAvg, FedPer or FedRep stabilize differently across training rounds.",round_metrics_accuracy_convergence.png
1,Accuracy comparison across experiments,grouped horizontal bar,experiments/results/tables/rice_architecture_evaluation.csv,Ready from structured data,"model, accuracy","Provides the clearest final comparison of centralized, distributed and federated approaches.",rice_architecture_evaluation_accuracy_comparison.png
1,Accuracy comparison across experiments,grouped horizontal bar,results/Reports/FinalReportArchive/tables/rice_architecture_evaluation.csv,Ready from structured data,"model, accuracy","Provides the clearest final comparison of centralized, distributed and federated approaches.",rice_architecture_evaluation_accuracy_comparison.png
1,Accuracy comparison across experiments,grouped horizontal bar,results/Rice/Federated/Summaries/Presentation_tables/table_1_alpha0p5_comprehensive.csv,Ready from structured data,"Approach, Backbone, Accuracy","Provides the clearest final comparison of centralized, distributed and federated approaches.",table_1_alpha0p5_comprehensive_accuracy_comparison.png
1,Accuracy comparison across experiments,grouped horizontal bar,streamlit-ui/streamlit-ui/data/experiment_results.csv,Ready from structured data,"architecture, dataset, distribution, method, accuracy","Provides the clearest final comparison of centralized, distributed and federated approaches.",experiment_results_accuracy_comparison.png
1,Accuracy comparison across experiments,grouped horizontal bar,streamlit-ui/streamlit-ui/data/round_metrics.csv,Ready from structured data,"architecture, dataset, distribution, method, accuracy","Provides the clearest final comparison of centralized, distributed and federated approaches.",round_metrics_accuracy_comparison.png
1,Class distribution across federated clients,100% stacked bar or heatmap,streamlit-ui/streamlit-ui/data/client_statistics.csv,Ready from structured data,"alpha, class_entropy, client, images",This is the strongest visual demonstration of IID versus non-IID client heterogeneity.,client_statistics_client_class_distribution.png
1,Dataset category distribution,horizontal bar,experiments/results/provenance/wheat_grouped_split_v2/class_allocation.csv,Ready from structured data,"label, total_images, validation_images","Shows the actual number and percentage of healthy, disease or defect categories in the rice and wheat datasets.",class_allocation_category_distribution.png
1,Dataset category distribution,horizontal bar,experiments/results/rice/rice_ddp_resnet18/evaluation/evaluation_metrics.json,Ready from structured data,"class_names, results.test.num_images, results.test.per_class, results.test.per_class.support, results.validation.num_images, results.validation.per_class, results.validation.per_class.support","Shows the actual number and percentage of healthy, disease or defect categories in the rice and wheat datasets.",evaluation_metrics_category_distribution.png
1,Dataset category distribution,horizontal bar,experiments/results/rice/rice_ddp_resnet18/evaluation/test_per_class_metrics.csv,Ready from structured data,"class_name, support","Shows the actual number and percentage of healthy, disease or defect categories in the rice and wheat datasets.",test_per_class_metrics_category_distribution.png
1,Dataset category distribution,horizontal bar,experiments/results/rice/rice_ddp_resnet18/evaluation/validation_per_class_metrics.csv,Ready from structured data,"class_name, support","Shows the actual number and percentage of healthy, disease or defect categories in the rice and wheat datasets.",validation_per_class_metrics_category_distribution.png
1,Dataset category distribution,horizontal bar,experiments/results/rice/rice_efficientnetb0_grouped_v1/test_per_class_metrics.csv,Ready from structured data,"class_name, support","Shows the actual number and percentage of healthy, disease or defect categories in the rice and wheat datasets.",test_per_class_metrics_category_distribution.png
1,Dataset category distribution,horizontal bar,experiments/results/rice/rice_efficientnetb0_grouped_v1/validation_per_class_metrics.csv,Ready from structured data,"class_name, support","Shows the actual number and percentage of healthy, disease or defect categories in the rice and wheat datasets.",validation_per_class_metrics_category_distribution.png
1,Dataset category distribution,horizontal bar,experiments/results/rice/rice_fedavg_iid_mobilenetv2/evaluation/test_per_class_metrics.csv,Ready from structured data,"class_name, support","Shows the actual number and percentage of healthy, disease or defect categories in the rice and wheat datasets.",test_per_class_metrics_category_distribution.png
1,Dataset category distribution,horizontal bar,experiments/results/rice/rice_fedavg_iid_mobilenetv2/evaluation/validation_per_class_metrics.csv,Ready from structured data,"class_name, support","Shows the actual number and percentage of healthy, disease or defect categories in the rice and wheat datasets.",validation_per_class_metrics_category_distribution.png
1,Dataset category distribution,horizontal bar,experiments/results/rice/rice_fedavg_iid_resnet18/evaluation/evaluation_metrics.json,Ready from structured data,"class_names, results.test.num_images, results.test.per_class, results.test.per_class.support, results.validation.num_images, results.validation.per_class, results.validation.per_class.support","Shows the actual number and percentage of healthy, disease or defect categories in the rice and wheat datasets.",evaluation_metrics_category_distribution.png
1,Dataset category distribution,horizontal bar,experiments/results/rice/rice_fedavg_iid_resnet18/evaluation/test_per_class_metrics.csv,Ready from structured data,"class_name, support","Shows the actual number and percentage of healthy, disease or defect categories in the rice and wheat datasets.",test_per_class_metrics_category_distribution.png
1,Dataset category distribution,horizontal bar,experiments/results/rice/rice_fedavg_iid_resnet18/evaluation/validation_per_class_metrics.csv,Ready from structured data,"class_name, support","Shows the actual number and percentage of healthy, disease or defect categories in the rice and wheat datasets.",validation_per_class_metrics_category_distribution.png
1,Dataset category distribution,horizontal bar,experiments/results/rice/rice_fedavg_noniid_mobilenetv2/evaluation/test_per_class_metrics.csv,Ready from structured data,"class_name, support","Shows the actual number and percentage of healthy, disease or defect categories in the rice and wheat datasets.",test_per_class_metrics_category_distribution.png
1,Dataset category distribution,horizontal bar,experiments/results/rice/rice_fedavg_noniid_mobilenetv2/evaluation/validation_per_class_metrics.csv,Ready from structured data,"class_name, support","Shows the actual number and percentage of healthy, disease or defect categories in the rice and wheat datasets.",validation_per_class_metrics_category_distribution.png
1,Dataset category distribution,horizontal bar,experiments/results/rice/rice_fedavg_noniid_resnet18/evaluation/evaluation_metrics.json,Ready from structured data,"class_names, results.test.num_images, results.test.per_class, results.test.per_class.support, results.validation.num_images, results.validation.per_class, results.validation.per_class.support","Shows the actual number and percentage of healthy, disease or defect categories in the rice and wheat datasets.",evaluation_metrics_category_distribution.png
1,Dataset category distribution,horizontal bar,experiments/results/rice/rice_fedavg_noniid_resnet18/evaluation/test_per_class_metrics.csv,Ready from structured data,"class_name, support","Shows the actual number and percentage of healthy, disease or defect categories in the rice and wheat datasets.",test_per_class_metrics_category_distribution.png
1,Dataset category distribution,horizontal bar,experiments/results/rice/rice_fedavg_noniid_resnet18/evaluation/validation_per_class_metrics.csv,Ready from structured data,"class_name, support","Shows the actual number and percentage of healthy, disease or defect categories in the rice and wheat datasets.",validation_per_class_metrics_category_distribution.png
1,Dataset category distribution,horizontal bar,experiments/results/rice/rice_mobilenetv2_grouped_v1/test_per_class_metrics.csv,Ready from structured data,"class_name, support","Shows the actual number and percentage of healthy, disease or defect categories in the rice and wheat datasets.",test_per_class_metrics_category_distribution.png
1,Dataset category distribution,horizontal bar,experiments/results/rice/rice_mobilenetv2_grouped_v1/validation_per_class_metrics.csv,Ready from structured data,"class_name, support","Shows the actual number and percentage of healthy, disease or defect categories in the rice and wheat datasets.",validation_per_class_metrics_category_distribution.png
1,Dataset category distribution,horizontal bar,experiments/results/rice/rice_resnet18_grouped_v1/test_per_class_metrics.csv,Ready from structured data,"class_name, support","Shows the actual number and percentage of healthy, disease or defect categories in the rice and wheat datasets.",test_per_class_metrics_category_distribution.png
1,Dataset category distribution,horizontal bar,experiments/results/rice/rice_resnet18_grouped_v1/validation_per_class_metrics.csv,Ready from structured data,"class_name, support","Shows the actual number and percentage of healthy, disease or defect categories in the rice and wheat datasets.",validation_per_class_metrics_category_distribution.png
1,Dataset category distribution,horizontal bar,experiments/results/wheat/wheat_resnet18_grouped_v2/test_07_per_class_metrics.csv,Ready from structured data,"class_name, support","Shows the actual number and percentage of healthy, disease or defect categories in the rice and wheat datasets.",test_07_per_class_metrics_category_distribution.png
1,Dataset category distribution,horizontal bar,experiments/results/wheat/wheat_resnet18_grouped_v2/test_per_class_metrics.csv,Ready from structured data,"class_name, support","Shows the actual number and percentage of healthy, disease or defect categories in the rice and wheat datasets.",test_per_class_metrics_category_distribution.png
1,Dataset category distribution,horizontal bar,experiments/results/wheat/wheat_resnet18_grouped_v2/validation_per_class_metrics.csv,Ready from structured data,"class_name, support","Shows the actual number and percentage of healthy, disease or defect categories in the rice and wheat datasets.",validation_per_class_metrics_category_distribution.png
1,Dataset category distribution,horizontal bar,experiments/results/wheat/wheat_resnet18_grouped_v3_sqrt_weights/test_07_per_class_metrics.csv,Ready from structured data,"class_name, support","Shows the actual number and percentage of healthy, disease or defect categories in the rice and wheat datasets.",test_07_per_class_metrics_category_distribution.png
1,Dataset category distribution,horizontal bar,experiments/results/wheat/wheat_resnet18_grouped_v3_sqrt_weights/test_per_class_metrics.csv,Ready from structured data,"class_name, support","Shows the actual number and percentage of healthy, disease or defect categories in the rice and wheat datasets.",test_per_class_metrics_category_distribution.png
1,Dataset category distribution,horizontal bar,experiments/results/wheat/wheat_resnet18_grouped_v3_sqrt_weights/validation_per_class_metrics.csv,Ready from structured data,"class_name, support","Shows the actual number and percentage of healthy, disease or defect categories in the rice and wheat datasets.",validation_per_class_metrics_category_distribution.png
1,Dataset category distribution,horizontal bar,results/Rice/Centralized/EfficientNetB0/seed42/test_per_class_metrics.csv,Ready from structured data,"class_name, support","Shows the actual number and percentage of healthy, disease or defect categories in the rice and wheat datasets.",test_per_class_metrics_category_distribution.png
1,Dataset category distribution,horizontal bar,results/Rice/Centralized/EfficientNetB0/seed42/validation_per_class_metrics.csv,Ready from structured data,"class_name, support","Shows the actual number and percentage of healthy, disease or defect categories in the rice and wheat datasets.",validation_per_class_metrics_category_distribution.png
1,Dataset category distribution,horizontal bar,results/Rice/Centralized/MobileNetV2/seed42/test_per_class_metrics.csv,Ready from structured data,"class_name, support","Shows the actual number and percentage of healthy, disease or defect categories in the rice and wheat datasets.",test_per_class_metrics_category_distribution.png
1,Dataset category distribution,horizontal bar,results/Rice/Centralized/MobileNetV2/seed42/validation_per_class_metrics.csv,Ready from structured data,"class_name, support","Shows the actual number and percentage of healthy, disease or defect categories in the rice and wheat datasets.",validation_per_class_metrics_category_distribution.png
1,Dataset category distribution,horizontal bar,results/Rice/Centralized/ResNet18/seed42/test_per_class_metrics.csv,Ready from structured data,"class_name, support","Shows the actual number and percentage of healthy, disease or defect categories in the rice and wheat datasets.",test_per_class_metrics_category_distribution.png
1,Dataset category distribution,horizontal bar,results/Rice/Centralized/ResNet18/seed42/validation_per_class_metrics.csv,Ready from structured data,"class_name, support","Shows the actual number and percentage of healthy, disease or defect categories in the rice and wheat datasets.",validation_per_class_metrics_category_distribution.png
1,Dataset category distribution,horizontal bar,results/Rice/DDP/ResNet18/Final/evaluation/evaluation_metrics.json,Ready from structured data,"class_names, results.test.num_images, results.test.per_class, results.test.per_class.support, results.validation.num_images, results.validation.per_class, results.validation.per_class.support","Shows the actual number and percentage of healthy, disease or defect categories in the rice and wheat datasets.",evaluation_metrics_category_distribution.png
1,Dataset category distribution,horizontal bar,results/Rice/DDP/ResNet18/Final/evaluation/test_per_class_metrics.csv,Ready from structured data,"class_name, support","Shows the actual number and percentage of healthy, disease or defect categories in the rice and wheat datasets.",test_per_class_metrics_category_distribution.png
1,Dataset category distribution,horizontal bar,results/Rice/DDP/ResNet18/Final/evaluation/validation_per_class_metrics.csv,Ready from structured data,"class_name, support","Shows the actual number and percentage of healthy, disease or defect categories in the rice and wheat datasets.",validation_per_class_metrics_category_distribution.png
1,Dataset category distribution,horizontal bar,results/Rice/Federated/FedAvg/IID/MobileNetV2/evaluation/test_per_class_metrics.csv,Ready from structured data,"class_name, support","Shows the actual number and percentage of healthy, disease or defect categories in the rice and wheat datasets.",test_per_class_metrics_category_distribution.png
1,Dataset category distribution,horizontal bar,results/Rice/Federated/FedAvg/IID/MobileNetV2/evaluation/validation_per_class_metrics.csv,Ready from structured data,"class_name, support","Shows the actual number and percentage of healthy, disease or defect categories in the rice and wheat datasets.",validation_per_class_metrics_category_distribution.png
1,Dataset category distribution,horizontal bar,results/Rice/Federated/FedAvg/IID/ResNet18/evaluation/evaluation_metrics.json,Ready from structured data,"class_names, results.test.num_images, results.test.per_class, results.test.per_class.support, results.validation.num_images, results.validation.per_class, results.validation.per_class.support","Shows the actual number and percentage of healthy, disease or defect categories in the rice and wheat datasets.",evaluation_metrics_category_distribution.png
1,Dataset category distribution,horizontal bar,results/Rice/Federated/FedAvg/IID/ResNet18/evaluation/test_per_class_metrics.csv,Ready from structured data,"class_name, support","Shows the actual number and percentage of healthy, disease or defect categories in the rice and wheat datasets.",test_per_class_metrics_category_distribution.png
1,Dataset category distribution,horizontal bar,results/Rice/Federated/FedAvg/IID/ResNet18/evaluation/validation_per_class_metrics.csv,Ready from structured data,"class_name, support","Shows the actual number and percentage of healthy, disease or defect categories in the rice and wheat datasets.",validation_per_class_metrics_category_distribution.png
1,Dataset category distribution,horizontal bar,results/Rice/Federated/FedAvg/NonIID_alpha0p1/MobileNetV2/evaluation/test_per_class_metrics.csv,Ready from structured data,"class_name, support","Shows the actual number and percentage of healthy, disease or defect categories in the rice and wheat datasets.",test_per_class_metrics_category_distribution.png
1,Dataset category distribution,horizontal bar,results/Rice/Federated/FedAvg/NonIID_alpha0p1/MobileNetV2/evaluation/validation_per_class_metrics.csv,Ready from structured data,"class_name, support","Shows the actual number and percentage of healthy, disease or defect categories in the rice and wheat datasets.",validation_per_class_metrics_category_distribution.png
1,Dataset category distribution,horizontal bar,results/Rice/Federated/FedAvg/NonIID_alpha0p5/MobileNetV2/evaluation/test_per_class_metrics.csv,Ready from structured data,"class_name, support","Shows the actual number and percentage of healthy, disease or defect categories in the rice and wheat datasets.",test_per_class_metrics_category_distribution.png
1,Dataset category distribution,horizontal bar,results/Rice/Federated/FedAvg/NonIID_alpha0p5/MobileNetV2/evaluation/validation_per_class_metrics.csv,Ready from structured data,"class_name, support","Shows the actual number and percentage of healthy, disease or defect categories in the rice and wheat datasets.",validation_per_class_metrics_category_distribution.png
1,Dataset category distribution,horizontal bar,results/Rice/Federated/FedAvg/NonIID_alpha0p5/ResNet18/evaluation/evaluation_metrics.json,Ready from structured data,"class_names, results.test.num_images, results.test.per_class, results.test.per_class.support, results.validation.num_images, results.validation.per_class, results.validation.per_class.support","Shows the actual number and percentage of healthy, disease or defect categories in the rice and wheat datasets.",evaluation_metrics_category_distribution.png
1,Dataset category distribution,horizontal bar,results/Rice/Federated/FedAvg/NonIID_alpha0p5/ResNet18/evaluation/test_per_class_metrics.csv,Ready from structured data,"class_name, support","Shows the actual number and percentage of healthy, disease or defect categories in the rice and wheat datasets.",test_per_class_metrics_category_distribution.png
1,Dataset category distribution,horizontal bar,results/Rice/Federated/FedAvg/NonIID_alpha0p5/ResNet18/evaluation/validation_per_class_metrics.csv,Ready from structured data,"class_name, support","Shows the actual number and percentage of healthy, disease or defect categories in the rice and wheat datasets.",validation_per_class_metrics_category_distribution.png
1,Dataset category distribution,horizontal bar,results/Wheat/Centralized/ResNet18/GroupedV2_FullInverseWeights/test_07_per_class_metrics.csv,Ready from structured data,"class_name, support","Shows the actual number and percentage of healthy, disease or defect categories in the rice and wheat datasets.",test_07_per_class_metrics_category_distribution.png
1,Dataset category distribution,horizontal bar,results/Wheat/Centralized/ResNet18/GroupedV2_FullInverseWeights/test_per_class_metrics.csv,Ready from structured data,"class_name, support","Shows the actual number and percentage of healthy, disease or defect categories in the rice and wheat datasets.",test_per_class_metrics_category_distribution.png
1,Dataset category distribution,horizontal bar,results/Wheat/Centralized/ResNet18/GroupedV2_FullInverseWeights/validation_per_class_metrics.csv,Ready from structured data,"class_name, support","Shows the actual number and percentage of healthy, disease or defect categories in the rice and wheat datasets.",validation_per_class_metrics_category_distribution.png
1,Dataset category distribution,horizontal bar,results/Wheat/Centralized/ResNet18/GroupedV3_SqrtWeights/test_07_per_class_metrics.csv,Ready from structured data,"class_name, support","Shows the actual number and percentage of healthy, disease or defect categories in the rice and wheat datasets.",test_07_per_class_metrics_category_distribution.png
1,Dataset category distribution,horizontal bar,results/Wheat/Centralized/ResNet18/GroupedV3_SqrtWeights/test_per_class_metrics.csv,Ready from structured data,"class_name, support","Shows the actual number and percentage of healthy, disease or defect categories in the rice and wheat datasets.",test_per_class_metrics_category_distribution.png
1,Dataset category distribution,horizontal bar,results/Wheat/Centralized/ResNet18/GroupedV3_SqrtWeights/validation_per_class_metrics.csv,Ready from structured data,"class_name, support","Shows the actual number and percentage of healthy, disease or defect categories in the rice and wheat datasets.",validation_per_class_metrics_category_distribution.png
1,Dataset category distribution,horizontal bar,streamlit-ui/streamlit-ui/data/dataset_categories.csv,Ready from structured data,"category, count, dataset","Shows the actual number and percentage of healthy, disease or defect categories in the rice and wheat datasets.",dataset_categories_category_distribution.png
1,Dirichlet alpha vs Accuracy,line with markers,streamlit-ui/streamlit-ui/data/experiment_results.csv,Ready if multiple alpha values exist,"alpha, client, method, accuracy",Directly explains how stronger or weaker non-IID partitioning changes model performance.,experiment_results_alpha_vs_accuracy.png
1,Dirichlet alpha vs Accuracy,line with markers,streamlit-ui/streamlit-ui/data/round_metrics.csv,Ready if multiple alpha values exist,"alpha, client, method, accuracy",Directly explains how stronger or weaker non-IID partitioning changes model performance.,round_metrics_alpha_vs_accuracy.png
1,Dirichlet alpha vs Loss,line with markers,streamlit-ui/streamlit-ui/data/round_metrics.csv,Ready if multiple alpha values exist,"alpha, client, method, loss",Directly explains how stronger or weaker non-IID partitioning changes model performance.,round_metrics_alpha_vs_loss.png
1,Dirichlet alpha vs Macro F1,line with markers,streamlit-ui/streamlit-ui/data/experiment_results.csv,Ready if multiple alpha values exist,"alpha, client, method, macro_f1",Directly explains how stronger or weaker non-IID partitioning changes model performance.,experiment_results_alpha_vs_macro_f1.png
1,Dirichlet alpha vs Macro F1,line with markers,streamlit-ui/streamlit-ui/data/round_metrics.csv,Ready if multiple alpha values exist,"alpha, client, method, macro_f1",Directly explains how stronger or weaker non-IID partitioning changes model performance.,round_metrics_alpha_vs_macro_f1.png
1,Display existing Confusion Matrix,existing saved image,experiments/results/rice/rice_ddp_resnet18/evaluation/test_confusion_matrix.png,Existing asset; no regeneration required,experiments/results/rice/rice_ddp_resnet18/evaluation/test_confusion_matrix.png,The repository already contains a suitable visual asset that can be displayed directly in Streamlit.,test_confusion_matrix.png
1,Display existing Confusion Matrix,existing saved image,experiments/results/rice/rice_ddp_resnet18/evaluation/validation_confusion_matrix.png,Existing asset; no regeneration required,experiments/results/rice/rice_ddp_resnet18/evaluation/validation_confusion_matrix.png,The repository already contains a suitable visual asset that can be displayed directly in Streamlit.,validation_confusion_matrix.png
1,Display existing Confusion Matrix,existing saved image,experiments/results/rice/rice_efficientnetb0_grouped_v1/confusion_matrix.png,Existing asset; no regeneration required,experiments/results/rice/rice_efficientnetb0_grouped_v1/confusion_matrix.png,The repository already contains a suitable visual asset that can be displayed directly in Streamlit.,confusion_matrix.png
1,Display existing Confusion Matrix,existing saved image,experiments/results/rice/rice_efficientnetb0_grouped_v1/test_confusion_matrix.png,Existing asset; no regeneration required,experiments/results/rice/rice_efficientnetb0_grouped_v1/test_confusion_matrix.png,The repository already contains a suitable visual asset that can be displayed directly in Streamlit.,test_confusion_matrix.png
1,Display existing Confusion Matrix,existing saved image,experiments/results/rice/rice_efficientnetb0_grouped_v1/validation_confusion_matrix.png,Existing asset; no regeneration required,experiments/results/rice/rice_efficientnetb0_grouped_v1/validation_confusion_matrix.png,The repository already contains a suitable visual asset that can be displayed directly in Streamlit.,validation_confusion_matrix.png
1,Display existing Confusion Matrix,existing saved image,experiments/results/rice/rice_fedavg_iid_mobilenetv2/evaluation/test_confusion_matrix.png,Existing asset; no regeneration required,experiments/results/rice/rice_fedavg_iid_mobilenetv2/evaluation/test_confusion_matrix.png,The repository already contains a suitable visual asset that can be displayed directly in Streamlit.,test_confusion_matrix.png
1,Display existing Confusion Matrix,existing saved image,experiments/results/rice/rice_fedavg_iid_mobilenetv2/evaluation/validation_confusion_matrix.png,Existing asset; no regeneration required,experiments/results/rice/rice_fedavg_iid_mobilenetv2/evaluation/validation_confusion_matrix.png,The repository already contains a suitable visual asset that can be displayed directly in Streamlit.,validation_confusion_matrix.png
1,Display existing Confusion Matrix,existing saved image,experiments/results/rice/rice_fedavg_iid_resnet18/evaluation/test_confusion_matrix.png,Existing asset; no regeneration required,experiments/results/rice/rice_fedavg_iid_resnet18/evaluation/test_confusion_matrix.png,The repository already contains a suitable visual asset that can be displayed directly in Streamlit.,test_confusion_matrix.png
1,Display existing Confusion Matrix,existing saved image,experiments/results/rice/rice_fedavg_iid_resnet18/evaluation/validation_confusion_matrix.png,Existing asset; no regeneration required,experiments/results/rice/rice_fedavg_iid_resnet18/evaluation/validation_confusion_matrix.png,The repository already contains a suitable visual asset that can be displayed directly in Streamlit.,validation_confusion_matrix.png
1,Display existing Confusion Matrix,existing saved image,experiments/results/rice/rice_fedavg_noniid_mobilenetv2/evaluation/test_confusion_matrix.png,Existing asset; no regeneration required,experiments/results/rice/rice_fedavg_noniid_mobilenetv2/evaluation/test_confusion_matrix.png,The repository already contains a suitable visual asset that can be displayed directly in Streamlit.,test_confusion_matrix.png
1,Display existing Confusion Matrix,existing saved image,experiments/results/rice/rice_fedavg_noniid_mobilenetv2/evaluation/validation_confusion_matrix.png,Existing asset; no regeneration required,experiments/results/rice/rice_fedavg_noniid_mobilenetv2/evaluation/validation_confusion_matrix.png,The repository already contains a suitable visual asset that can be displayed directly in Streamlit.,validation_confusion_matrix.png
1,Display existing Confusion Matrix,existing saved image,experiments/results/rice/rice_fedavg_noniid_resnet18/evaluation/test_confusion_matrix.png,Existing asset; no regeneration required,experiments/results/rice/rice_fedavg_noniid_resnet18/evaluation/test_confusion_matrix.png,The repository already contains a suitable visual asset that can be displayed directly in Streamlit.,test_confusion_matrix.png
1,Display existing Confusion Matrix,existing saved image,experiments/results/rice/rice_fedavg_noniid_resnet18/evaluation/validation_confusion_matrix.png,Existing asset; no regeneration required,experiments/results/rice/rice_fedavg_noniid_resnet18/evaluation/validation_confusion_matrix.png,The repository already contains a suitable visual asset that can be displayed directly in Streamlit.,validation_confusion_matrix.png
1,Display existing Confusion Matrix,existing saved image,experiments/results/rice/rice_mobilenetv2_grouped_v1/confusion_matrix.png,Existing asset; no regeneration required,experiments/results/rice/rice_mobilenetv2_grouped_v1/confusion_matrix.png,The repository already contains a suitable visual asset that can be displayed directly in Streamlit.,confusion_matrix.png
1,Display existing Confusion Matrix,existing saved image,experiments/results/rice/rice_mobilenetv2_grouped_v1/test_confusion_matrix.png,Existing asset; no regeneration required,experiments/results/rice/rice_mobilenetv2_grouped_v1/test_confusion_matrix.png,The repository already contains a suitable visual asset that can be displayed directly in Streamlit.,test_confusion_matrix.png
1,Display existing Confusion Matrix,existing saved image,experiments/results/rice/rice_mobilenetv2_grouped_v1/validation_confusion_matrix.png,Existing asset; no regeneration required,experiments/results/rice/rice_mobilenetv2_grouped_v1/validation_confusion_matrix.png,The repository already contains a suitable visual asset that can be displayed directly in Streamlit.,validation_confusion_matrix.png
1,Display existing Confusion Matrix,existing saved image,experiments/results/rice/rice_resnet18_grouped_v1/confusion_matrix.png,Existing asset; no regeneration required,experiments/results/rice/rice_resnet18_grouped_v1/confusion_matrix.png,The repository already contains a suitable visual asset that can be displayed directly in Streamlit.,confusion_matrix.png
1,Display existing Confusion Matrix,existing saved image,experiments/results/rice/rice_resnet18_grouped_v1/test_confusion_matrix.png,Existing asset; no regeneration required,experiments/results/rice/rice_resnet18_grouped_v1/test_confusion_matrix.png,The repository already contains a suitable visual asset that can be displayed directly in Streamlit.,test_confusion_matrix.png
1,Display existing Confusion Matrix,existing saved image,experiments/results/rice/rice_resnet18_grouped_v1/validation_confusion_matrix.png,Existing asset; no regeneration required,experiments/results/rice/rice_resnet18_grouped_v1/validation_confusion_matrix.png,The repository already contains a suitable visual asset that can be displayed directly in Streamlit.,validation_confusion_matrix.png
1,Display existing Confusion Matrix,existing saved image,experiments/results/wheat/wheat_resnet18_grouped_v2/test_07_confusion_matrix.png,Existing asset; no regeneration required,experiments/results/wheat/wheat_resnet18_grouped_v2/test_07_confusion_matrix.png,The repository already contains a suitable visual asset that can be displayed directly in Streamlit.,test_07_confusion_matrix.png
1,Display existing Confusion Matrix,existing saved image,experiments/results/wheat/wheat_resnet18_grouped_v2/test_confusion_matrix.png,Existing asset; no regeneration required,experiments/results/wheat/wheat_resnet18_grouped_v2/test_confusion_matrix.png,The repository already contains a suitable visual asset that can be displayed directly in Streamlit.,test_confusion_matrix.png
1,Display existing Confusion Matrix,existing saved image,experiments/results/wheat/wheat_resnet18_grouped_v2/validation_confusion_matrix.png,Existing asset; no regeneration required,experiments/results/wheat/wheat_resnet18_grouped_v2/validation_confusion_matrix.png,The repository already contains a suitable visual asset that can be displayed directly in Streamlit.,validation_confusion_matrix.png
1,Display existing Confusion Matrix,existing saved image,experiments/results/wheat/wheat_resnet18_grouped_v3_sqrt_weights/test_07_confusion_matrix.png,Existing asset; no regeneration required,experiments/results/wheat/wheat_resnet18_grouped_v3_sqrt_weights/test_07_confusion_matrix.png,The repository already contains a suitable visual asset that can be displayed directly in Streamlit.,test_07_confusion_matrix.png
1,Display existing Confusion Matrix,existing saved image,experiments/results/wheat/wheat_resnet18_grouped_v3_sqrt_weights/test_confusion_matrix.png,Existing asset; no regeneration required,experiments/results/wheat/wheat_resnet18_grouped_v3_sqrt_weights/test_confusion_matrix.png,The repository already contains a suitable visual asset that can be displayed directly in Streamlit.,test_confusion_matrix.png
1,Display existing Confusion Matrix,existing saved image,experiments/results/wheat/wheat_resnet18_grouped_v3_sqrt_weights/validation_confusion_matrix.png,Existing asset; no regeneration required,experiments/results/wheat/wheat_resnet18_grouped_v3_sqrt_weights/validation_confusion_matrix.png,The repository already contains a suitable visual asset that can be displayed directly in Streamlit.,validation_confusion_matrix.png
1,Display existing Confusion Matrix,existing saved image,paper/figures/wheat_v3_test07_confusion_matrix_normalized.png,Existing asset; no regeneration required,paper/figures/wheat_v3_test07_confusion_matrix_normalized.png,The repository already contains a suitable visual asset that can be displayed directly in Streamlit.,wheat_v3_test07_confusion_matrix_normalized.png
1,Display existing Confusion Matrix,existing saved image,results/Rice/Centralized/EfficientNetB0/seed42/confusion_matrix.png,Existing asset; no regeneration required,results/Rice/Centralized/EfficientNetB0/seed42/confusion_matrix.png,The repository already contains a suitable visual asset that can be displayed directly in Streamlit.,confusion_matrix.png
1,Display existing Confusion Matrix,existing saved image,results/Rice/Centralized/EfficientNetB0/seed42/test_confusion_matrix.png,Existing asset; no regeneration required,results/Rice/Centralized/EfficientNetB0/seed42/test_confusion_matrix.png,The repository already contains a suitable visual asset that can be displayed directly in Streamlit.,test_confusion_matrix.png
1,Display existing Confusion Matrix,existing saved image,results/Rice/Centralized/EfficientNetB0/seed42/validation_confusion_matrix.png,Existing asset; no regeneration required,results/Rice/Centralized/EfficientNetB0/seed42/validation_confusion_matrix.png,The repository already contains a suitable visual asset that can be displayed directly in Streamlit.,validation_confusion_matrix.png
1,Display existing Confusion Matrix,existing saved image,results/Rice/Centralized/MobileNetV2/seed42/confusion_matrix.png,Existing asset; no regeneration required,results/Rice/Centralized/MobileNetV2/seed42/confusion_matrix.png,The repository already contains a suitable visual asset that can be displayed directly in Streamlit.,confusion_matrix.png
1,Display existing Confusion Matrix,existing saved image,results/Rice/Centralized/MobileNetV2/seed42/test_confusion_matrix.png,Existing asset; no regeneration required,results/Rice/Centralized/MobileNetV2/seed42/test_confusion_matrix.png,The repository already contains a suitable visual asset that can be displayed directly in Streamlit.,test_confusion_matrix.png
1,Display existing Confusion Matrix,existing saved image,results/Rice/Centralized/MobileNetV2/seed42/validation_confusion_matrix.png,Existing asset; no regeneration required,results/Rice/Centralized/MobileNetV2/seed42/validation_confusion_matrix.png,The repository already contains a suitable visual asset that can be displayed directly in Streamlit.,validation_confusion_matrix.png
1,Display existing Confusion Matrix,existing saved image,results/Rice/Centralized/ResNet18/seed123/confusion_matrix.png,Existing asset; no regeneration required,results/Rice/Centralized/ResNet18/seed123/confusion_matrix.png,The repository already contains a suitable visual asset that can be displayed directly in Streamlit.,confusion_matrix.png
1,Display existing Confusion Matrix,existing saved image,results/Rice/Centralized/ResNet18/seed2026/confusion_matrix.png,Existing asset; no regeneration required,results/Rice/Centralized/ResNet18/seed2026/confusion_matrix.png,The repository already contains a suitable visual asset that can be displayed directly in Streamlit.,confusion_matrix.png
1,Display existing Confusion Matrix,existing saved image,results/Rice/Centralized/ResNet18/seed42/confusion_matrix.png,Existing asset; no regeneration required,results/Rice/Centralized/ResNet18/seed42/confusion_matrix.png,The repository already contains a suitable visual asset that can be displayed directly in Streamlit.,confusion_matrix.png
1,Display existing Confusion Matrix,existing saved image,results/Rice/Centralized/ResNet18/seed42/test_confusion_matrix.png,Existing asset; no regeneration required,results/Rice/Centralized/ResNet18/seed42/test_confusion_matrix.png,The repository already contains a suitable visual asset that can be displayed directly in Streamlit.,test_confusion_matrix.png
1,Display existing Confusion Matrix,existing saved image,results/Rice/Centralized/ResNet18/seed42/validation_confusion_matrix.png,Existing asset; no regeneration required,results/Rice/Centralized/ResNet18/seed42/validation_confusion_matrix.png,The repository already contains a suitable visual asset that can be displayed directly in Streamlit.,validation_confusion_matrix.png
1,Display existing Confusion Matrix,existing saved image,results/Rice/DDP/ResNet18/Final/evaluation/test_confusion_matrix.png,Existing asset; no regeneration required,results/Rice/DDP/ResNet18/Final/evaluation/test_confusion_matrix.png,The repository already contains a suitable visual asset that can be displayed directly in Streamlit.,test_confusion_matrix.png
1,Display existing Confusion Matrix,existing saved image,results/Rice/DDP/ResNet18/Final/evaluation/validation_confusion_matrix.png,Existing asset; no regeneration required,results/Rice/DDP/ResNet18/Final/evaluation/validation_confusion_matrix.png,The repository already contains a suitable visual asset that can be displayed directly in Streamlit.,validation_confusion_matrix.png
1,Display existing Confusion Matrix,existing saved image,results/Rice/Federated/FedAvg/IID/MobileNetV2/evaluation/test_confusion_matrix.png,Existing asset; no regeneration required,results/Rice/Federated/FedAvg/IID/MobileNetV2/evaluation/test_confusion_matrix.png,The repository already contains a suitable visual asset that can be displayed directly in Streamlit.,test_confusion_matrix.png
1,Display existing Confusion Matrix,existing saved image,results/Rice/Federated/FedAvg/IID/MobileNetV2/evaluation/validation_confusion_matrix.png,Existing asset; no regeneration required,results/Rice/Federated/FedAvg/IID/MobileNetV2/evaluation/validation_confusion_matrix.png,The repository already contains a suitable visual asset that can be displayed directly in Streamlit.,validation_confusion_matrix.png
1,Display existing Confusion Matrix,existing saved image,results/Rice/Federated/FedAvg/IID/ResNet18/evaluation/test_confusion_matrix.png,Existing asset; no regeneration required,results/Rice/Federated/FedAvg/IID/ResNet18/evaluation/test_confusion_matrix.png,The repository already contains a suitable visual asset that can be displayed directly in Streamlit.,test_confusion_matrix.png
1,Display existing Confusion Matrix,existing saved image,results/Rice/Federated/FedAvg/IID/ResNet18/evaluation/validation_confusion_matrix.png,Existing asset; no regeneration required,results/Rice/Federated/FedAvg/IID/ResNet18/evaluation/validation_confusion_matrix.png,The repository already contains a suitable visual asset that can be displayed directly in Streamlit.,validation_confusion_matrix.png
1,Display existing Confusion Matrix,existing saved image,results/Rice/Federated/FedAvg/NonIID_alpha0p1/MobileNetV2/evaluation/test_confusion_matrix.png,Existing asset; no regeneration required,results/Rice/Federated/FedAvg/NonIID_alpha0p1/MobileNetV2/evaluation/test_confusion_matrix.png,The repository already contains a suitable visual asset that can be displayed directly in Streamlit.,test_confusion_matrix.png
1,Display existing Confusion Matrix,existing saved image,results/Rice/Federated/FedAvg/NonIID_alpha0p1/MobileNetV2/evaluation/validation_confusion_matrix.png,Existing asset; no regeneration required,results/Rice/Federated/FedAvg/NonIID_alpha0p1/MobileNetV2/evaluation/validation_confusion_matrix.png,The repository already contains a suitable visual asset that can be displayed directly in Streamlit.,validation_confusion_matrix.png
1,Display existing Confusion Matrix,existing saved image,results/Rice/Federated/FedAvg/NonIID_alpha0p5/MobileNetV2/evaluation/test_confusion_matrix.png,Existing asset; no regeneration required,results/Rice/Federated/FedAvg/NonIID_alpha0p5/MobileNetV2/evaluation/test_confusion_matrix.png,The repository already contains a suitable visual asset that can be displayed directly in Streamlit.,test_confusion_matrix.png
1,Display existing Confusion Matrix,existing saved image,results/Rice/Federated/FedAvg/NonIID_alpha0p5/MobileNetV2/evaluation/validation_confusion_matrix.png,Existing asset; no regeneration required,results/Rice/Federated/FedAvg/NonIID_alpha0p5/MobileNetV2/evaluation/validation_confusion_matrix.png,The repository already contains a suitable visual asset that can be displayed directly in Streamlit.,validation_confusion_matrix.png
1,Display existing Confusion Matrix,existing saved image,results/Rice/Federated/FedAvg/NonIID_alpha0p5/ResNet18/evaluation/test_confusion_matrix.png,Existing asset; no regeneration required,results/Rice/Federated/FedAvg/NonIID_alpha0p5/ResNet18/evaluation/test_confusion_matrix.png,The repository already contains a suitable visual asset that can be displayed directly in Streamlit.,test_confusion_matrix.png
1,Display existing Confusion Matrix,existing saved image,results/Rice/Federated/FedAvg/NonIID_alpha0p5/ResNet18/evaluation/validation_confusion_matrix.png,Existing asset; no regeneration required,results/Rice/Federated/FedAvg/NonIID_alpha0p5/ResNet18/evaluation/validation_confusion_matrix.png,The repository already contains a suitable visual asset that can be displayed directly in Streamlit.,validation_confusion_matrix.png
1,Display existing Confusion Matrix,existing saved image,results/Rice/SupportingEvidence/ResNet18Proof/confusion_matrix.png,Existing asset; no regeneration required,results/Rice/SupportingEvidence/ResNet18Proof/confusion_matrix.png,The repository already contains a suitable visual asset that can be displayed directly in Streamlit.,confusion_matrix.png
1,Display existing Confusion Matrix,existing saved image,results/Wheat/Centralized/ResNet18/GroupedV2_FullInverseWeights/test_07_confusion_matrix.png,Existing asset; no regeneration required,results/Wheat/Centralized/ResNet18/GroupedV2_FullInverseWeights/test_07_confusion_matrix.png,The repository already contains a suitable visual asset that can be displayed directly in Streamlit.,test_07_confusion_matrix.png
1,Display existing Confusion Matrix,existing saved image,results/Wheat/Centralized/ResNet18/GroupedV2_FullInverseWeights/test_confusion_matrix.png,Existing asset; no regeneration required,results/Wheat/Centralized/ResNet18/GroupedV2_FullInverseWeights/test_confusion_matrix.png,The repository already contains a suitable visual asset that can be displayed directly in Streamlit.,test_confusion_matrix.png
1,Display existing Confusion Matrix,existing saved image,results/Wheat/Centralized/ResNet18/GroupedV2_FullInverseWeights/validation_confusion_matrix.png,Existing asset; no regeneration required,results/Wheat/Centralized/ResNet18/GroupedV2_FullInverseWeights/validation_confusion_matrix.png,The repository already contains a suitable visual asset that can be displayed directly in Streamlit.,validation_confusion_matrix.png
1,Display existing Confusion Matrix,existing saved image,results/Wheat/Centralized/ResNet18/GroupedV3_SqrtWeights/test_07_confusion_matrix.png,Existing asset; no regeneration required,results/Wheat/Centralized/ResNet18/GroupedV3_SqrtWeights/test_07_confusion_matrix.png,The repository already contains a suitable visual asset that can be displayed directly in Streamlit.,test_07_confusion_matrix.png
1,Display existing Confusion Matrix,existing saved image,results/Wheat/Centralized/ResNet18/GroupedV3_SqrtWeights/test_confusion_matrix.png,Existing asset; no regeneration required,results/Wheat/Centralized/ResNet18/GroupedV3_SqrtWeights/test_confusion_matrix.png,The repository already contains a suitable visual asset that can be displayed directly in Streamlit.,test_confusion_matrix.png
1,Display existing Confusion Matrix,existing saved image,results/Wheat/Centralized/ResNet18/GroupedV3_SqrtWeights/validation_confusion_matrix.png,Existing asset; no regeneration required,results/Wheat/Centralized/ResNet18/GroupedV3_SqrtWeights/validation_confusion_matrix.png,The repository already contains a suitable visual asset that can be displayed directly in Streamlit.,validation_confusion_matrix.png
1,Display existing Dataset Split,existing saved image,streamlit-ui/streamlit-ui/assets/generated_charts/dataset_split_rice.png,Existing asset; no regeneration required,streamlit-ui/streamlit-ui/assets/generated_charts/dataset_split_rice.png,The repository already contains a suitable visual asset that can be displayed directly in Streamlit.,dataset_split_rice.png
1,Images per federated client,bar,streamlit-ui/streamlit-ui/data/client_statistics.csv,Ready from structured data,"alpha, client, distribution, images",Visually proves that data was partitioned among separate federated clients.,client_statistics_images_per_client.png
1,Loss by round/epoch,line,streamlit-ui/streamlit-ui/data/round_metrics.csv,Ready from structured data,"distribution, method, round, loss","Shows convergence and whether FedAvg, FedPer or FedRep stabilize differently across training rounds.",round_metrics_loss_convergence.png
1,Loss comparison across experiments,grouped horizontal bar,streamlit-ui/streamlit-ui/data/round_metrics.csv,Ready from structured data,"architecture, dataset, distribution, method, loss","Provides the clearest final comparison of centralized, distributed and federated approaches.",round_metrics_loss_comparison.png
1,Macro F1 by round/epoch,line,streamlit-ui/streamlit-ui/data/experiment_results.csv,Ready from structured data,"distribution, method, selected_round, macro_f1","Shows convergence and whether FedAvg, FedPer or FedRep stabilize differently across training rounds.",experiment_results_macro_f1_convergence.png
1,Macro F1 by round/epoch,line,streamlit-ui/streamlit-ui/data/round_metrics.csv,Ready from structured data,"distribution, method, round, macro_f1","Shows convergence and whether FedAvg, FedPer or FedRep stabilize differently across training rounds.",round_metrics_macro_f1_convergence.png
1,Macro F1 comparison across experiments,grouped horizontal bar,experiments/results/tables/rice_architecture_evaluation.csv,Ready from structured data,"model, macro_f1","Provides the clearest final comparison of centralized, distributed and federated approaches.",rice_architecture_evaluation_macro_f1_comparison.png
1,Macro F1 comparison across experiments,grouped horizontal bar,results/Reports/FinalReportArchive/tables/rice_architecture_evaluation.csv,Ready from structured data,"model, macro_f1","Provides the clearest final comparison of centralized, distributed and federated approaches.",rice_architecture_evaluation_macro_f1_comparison.png
1,Macro F1 comparison across experiments,grouped horizontal bar,streamlit-ui/streamlit-ui/data/experiment_results.csv,Ready from structured data,"architecture, dataset, distribution, method, macro_f1","Provides the clearest final comparison of centralized, distributed and federated approaches.",experiment_results_macro_f1_comparison.png
1,Macro F1 comparison across experiments,grouped horizontal bar,streamlit-ui/streamlit-ui/data/round_metrics.csv,Ready from structured data,"architecture, dataset, distribution, method, macro_f1","Provides the clearest final comparison of centralized, distributed and federated approaches.",round_metrics_macro_f1_comparison.png
1,Macro-F1 comparison across experiments,grouped horizontal bar,results/Rice/Federated/Summaries/Presentation_tables/table_1_alpha0p5_comprehensive.csv,Ready from structured data,"Approach, Backbone, Macro-F1","Provides the clearest final comparison of centralized, distributed and federated approaches.",table_1_alpha0p5_comprehensive_macro_f1_comparison.png
1,Train Loss by round/epoch,line,experiments/results/rice/rice_ddp_resnet18/metrics.json,Ready from structured data,"epoch, epoch_seconds, train_loss","Shows convergence and whether FedAvg, FedPer or FedRep stabilize differently across training rounds.",metrics_train_loss_convergence.png
1,Train Loss by round/epoch,line,experiments/results/rice/rice_efficientnetb0_grouped_v1/history.json,Ready from structured data,"epoch, epoch_seconds, train_loss","Shows convergence and whether FedAvg, FedPer or FedRep stabilize differently across training rounds.",history_train_loss_convergence.png
1,Train Loss by round/epoch,line,experiments/results/rice/rice_mobilenetv2_grouped_v1/history.json,Ready from structured data,"epoch, epoch_seconds, train_loss","Shows convergence and whether FedAvg, FedPer or FedRep stabilize differently across training rounds.",history_train_loss_convergence.png
1,Train Loss by round/epoch,line,experiments/results/rice/rice_resnet18_grouped_v1/history.json,Ready from structured data,"epoch, epoch_seconds, train_loss","Shows convergence and whether FedAvg, FedPer or FedRep stabilize differently across training rounds.",history_train_loss_convergence.png
1,Train Loss by round/epoch,line,experiments/results/rice/rice_resnet18_grouped_v1/history_final.json,Ready from structured data,"epoch, epoch_seconds, train_loss","Shows convergence and whether FedAvg, FedPer or FedRep stabilize differently across training rounds.",history_final_train_loss_convergence.png
1,Train Loss by round/epoch,line,experiments/results/wheat/wheat_resnet18_grouped_v2/history.json,Ready from structured data,"epoch, epoch_seconds, train_loss","Shows convergence and whether FedAvg, FedPer or FedRep stabilize differently across training rounds.",history_train_loss_convergence.png
1,Train Loss by round/epoch,line,experiments/results/wheat/wheat_resnet18_grouped_v3_sqrt_weights/history.json,Ready from structured data,"epoch, epoch_seconds, train_loss","Shows convergence and whether FedAvg, FedPer or FedRep stabilize differently across training rounds.",history_train_loss_convergence.png
1,Train Loss by round/epoch,line,results/Rice/Centralized/EfficientNetB0/seed42/history.json,Ready from structured data,"epoch, epoch_seconds, train_loss","Shows convergence and whether FedAvg, FedPer or FedRep stabilize differently across training rounds.",history_train_loss_convergence.png
1,Train Loss by round/epoch,line,results/Rice/Centralized/MobileNetV2/seed42/history.json,Ready from structured data,"epoch, epoch_seconds, train_loss","Shows convergence and whether FedAvg, FedPer or FedRep stabilize differently across training rounds.",history_train_loss_convergence.png
1,Train Loss by round/epoch,line,results/Rice/Centralized/ResNet18/seed123/history.json,Ready from structured data,"epoch, epoch_seconds, train_loss","Shows convergence and whether FedAvg, FedPer or FedRep stabilize differently across training rounds.",history_train_loss_convergence.png
1,Train Loss by round/epoch,line,results/Rice/Centralized/ResNet18/seed2026/history.json,Ready from structured data,"epoch, epoch_seconds, train_loss","Shows convergence and whether FedAvg, FedPer or FedRep stabilize differently across training rounds.",history_train_loss_convergence.png
1,Train Loss by round/epoch,line,results/Rice/Centralized/ResNet18/seed42/history.json,Ready from structured data,"epoch, epoch_seconds, train_loss","Shows convergence and whether FedAvg, FedPer or FedRep stabilize differently across training rounds.",history_train_loss_convergence.png
1,Train Loss by round/epoch,line,results/Rice/DDP/ResNet18/Final/metrics.json,Ready from structured data,"epoch, epoch_seconds, train_loss","Shows convergence and whether FedAvg, FedPer or FedRep stabilize differently across training rounds.",metrics_train_loss_convergence.png
1,Train Loss by round/epoch,line,results/Rice/SupportingEvidence/ResNet18Proof/history.json,Ready from structured data,"epoch, epoch_seconds, train_loss","Shows convergence and whether FedAvg, FedPer or FedRep stabilize differently across training rounds.",history_train_loss_convergence.png
1,Train Loss by round/epoch,line,results/Wheat/Centralized/ResNet18/GroupedV2_FullInverseWeights/history.json,Ready from structured data,"epoch, epoch_seconds, train_loss","Shows convergence and whether FedAvg, FedPer or FedRep stabilize differently across training rounds.",history_train_loss_convergence.png
1,Train Loss by round/epoch,line,results/Wheat/Centralized/ResNet18/GroupedV3_SqrtWeights/history.json,Ready from structured data,"epoch, epoch_seconds, train_loss","Shows convergence and whether FedAvg, FedPer or FedRep stabilize differently across training rounds.",history_train_loss_convergence.png
1,Train/validation/test split,bar,experiments/results/rice/rice_ddp_resnet18/evaluation/evaluation_summary.csv,Ready from structured data,"num_images, split",Summarizes the evaluation protocol and can accompany the capture-group-overlap value.,evaluation_summary_data_split.png
1,Train/validation/test split,bar,experiments/results/rice/rice_efficientnetb0_grouped_v1/metrics.json,Ready from structured data,"classification_report.0_NOR.support, classification_report.1_F&S.support, classification_report.2_SD.support, classification_report.3_MY.support, classification_report.4_AP.support, classification_report.5_BN.support, classification_report.6_UN.support, classification_report.7_IM.support, classification_report.macro avg.support, classification_report.weighted avg.support, dataset_root, split_sizes, split_sizes.test, split_sizes.train, split_sizes.validation",Summarizes the evaluation protocol and can accompany the capture-group-overlap value.,metrics_data_split.png
1,Train/validation/test split,bar,experiments/results/rice/rice_efficientnetb0_grouped_v1/test_evaluation.json,Ready from structured data,"classification_report.0_NOR.support, classification_report.1_F&S.support, classification_report.2_SD.support, classification_report.3_MY.support, classification_report.4_AP.support, classification_report.5_BN.support, classification_report.6_UN.support, classification_report.7_IM.support, classification_report.macro avg.support, classification_report.weighted avg.support, split",Summarizes the evaluation protocol and can accompany the capture-group-overlap value.,test_evaluation_data_split.png
1,Train/validation/test split,bar,experiments/results/rice/rice_efficientnetb0_grouped_v1/validation_evaluation.json,Ready from structured data,"classification_report.0_NOR.support, classification_report.1_F&S.support, classification_report.2_SD.support, classification_report.3_MY.support, classification_report.4_AP.support, classification_report.5_BN.support, classification_report.6_UN.support, classification_report.7_IM.support, classification_report.macro avg.support, classification_report.weighted avg.support, split",Summarizes the evaluation protocol and can accompany the capture-group-overlap value.,validation_evaluation_data_split.png
1,Train/validation/test split,bar,experiments/results/rice/rice_fedavg_iid_mobilenetv2/evaluation/test_evaluation.json,Ready from structured data,"classification_report.0_NOR.support, classification_report.1_F&S.support, classification_report.2_SD.support, classification_report.3_MY.support, classification_report.4_AP.support, classification_report.5_BN.support, classification_report.6_UN.support, classification_report.7_IM.support, classification_report.macro avg.support, classification_report.weighted avg.support, split",Summarizes the evaluation protocol and can accompany the capture-group-overlap value.,test_evaluation_data_split.png
1,Train/validation/test split,bar,experiments/results/rice/rice_fedavg_iid_mobilenetv2/evaluation/validation_evaluation.json,Ready from structured data,"classification_report.0_NOR.support, classification_report.1_F&S.support, classification_report.2_SD.support, classification_report.3_MY.support, classification_report.4_AP.support, classification_report.5_BN.support, classification_report.6_UN.support, classification_report.7_IM.support, classification_report.macro avg.support, classification_report.weighted avg.support, split",Summarizes the evaluation protocol and can accompany the capture-group-overlap value.,validation_evaluation_data_split.png
1,Train/validation/test split,bar,experiments/results/rice/rice_fedavg_iid_resnet18/evaluation/evaluation_summary.csv,Ready from structured data,"num_images, split",Summarizes the evaluation protocol and can accompany the capture-group-overlap value.,evaluation_summary_data_split.png
1,Train/validation/test split,bar,experiments/results/rice/rice_fedavg_noniid_mobilenetv2/evaluation/test_evaluation.json,Ready from structured data,"classification_report.0_NOR.support, classification_report.1_F&S.support, classification_report.2_SD.support, classification_report.3_MY.support, classification_report.4_AP.support, classification_report.5_BN.support, classification_report.6_UN.support, classification_report.7_IM.support, classification_report.macro avg.support, classification_report.weighted avg.support, split",Summarizes the evaluation protocol and can accompany the capture-group-overlap value.,test_evaluation_data_split.png
1,Train/validation/test split,bar,experiments/results/rice/rice_fedavg_noniid_mobilenetv2/evaluation/validation_evaluation.json,Ready from structured data,"classification_report.0_NOR.support, classification_report.1_F&S.support, classification_report.2_SD.support, classification_report.3_MY.support, classification_report.4_AP.support, classification_report.5_BN.support, classification_report.6_UN.support, classification_report.7_IM.support, classification_report.macro avg.support, classification_report.weighted avg.support, split",Summarizes the evaluation protocol and can accompany the capture-group-overlap value.,validation_evaluation_data_split.png
1,Train/validation/test split,bar,experiments/results/rice/rice_fedavg_noniid_resnet18/evaluation/evaluation_summary.csv,Ready from structured data,"num_images, split",Summarizes the evaluation protocol and can accompany the capture-group-overlap value.,evaluation_summary_data_split.png
1,Train/validation/test split,bar,experiments/results/rice/rice_mobilenetv2_grouped_v1/metrics.json,Ready from structured data,"classification_report.0_NOR.support, classification_report.1_F&S.support, classification_report.2_SD.support, classification_report.3_MY.support, classification_report.4_AP.support, classification_report.5_BN.support, classification_report.6_UN.support, classification_report.7_IM.support, classification_report.macro avg.support, classification_report.weighted avg.support, dataset_root, split_sizes, split_sizes.test, split_sizes.train, split_sizes.validation",Summarizes the evaluation protocol and can accompany the capture-group-overlap value.,metrics_data_split.png
1,Train/validation/test split,bar,experiments/results/rice/rice_mobilenetv2_grouped_v1/test_evaluation.json,Ready from structured data,"classification_report.0_NOR.support, classification_report.1_F&S.support, classification_report.2_SD.support, classification_report.3_MY.support, classification_report.4_AP.support, classification_report.5_BN.support, classification_report.6_UN.support, classification_report.7_IM.support, classification_report.macro avg.support, classification_report.weighted avg.support, split",Summarizes the evaluation protocol and can accompany the capture-group-overlap value.,test_evaluation_data_split.png
1,Train/validation/test split,bar,experiments/results/rice/rice_mobilenetv2_grouped_v1/validation_evaluation.json,Ready from structured data,"classification_report.0_NOR.support, classification_report.1_F&S.support, classification_report.2_SD.support, classification_report.3_MY.support, classification_report.4_AP.support, classification_report.5_BN.support, classification_report.6_UN.support, classification_report.7_IM.support, classification_report.macro avg.support, classification_report.weighted avg.support, split",Summarizes the evaluation protocol and can accompany the capture-group-overlap value.,validation_evaluation_data_split.png
1,Train/validation/test split,bar,experiments/results/rice/rice_resnet18_grouped_v1/metrics.json,Ready from structured data,"classification_report.0_NOR.support, classification_report.1_F&S.support, classification_report.2_SD.support, classification_report.3_MY.support, classification_report.4_AP.support, classification_report.5_BN.support, classification_report.6_UN.support, classification_report.7_IM.support, classification_report.macro avg.support, classification_report.weighted avg.support, dataset_root, split_sizes, split_sizes.test, split_sizes.train, split_sizes.validation",Summarizes the evaluation protocol and can accompany the capture-group-overlap value.,metrics_data_split.png
1,Train/validation/test split,bar,experiments/results/rice/rice_resnet18_grouped_v1/metrics_final.json,Ready from structured data,"classification_report.0_NOR.support, classification_report.1_F&S.support, classification_report.2_SD.support, classification_report.3_MY.support, classification_report.4_AP.support, classification_report.5_BN.support, classification_report.6_UN.support, classification_report.7_IM.support, classification_report.macro avg.support, classification_report.weighted avg.support, dataset_root, split_sizes, split_sizes.test, split_sizes.train, split_sizes.validation",Summarizes the evaluation protocol and can accompany the capture-group-overlap value.,metrics_final_data_split.png
1,Train/validation/test split,bar,experiments/results/rice/rice_resnet18_grouped_v1/test_evaluation.json,Ready from structured data,"classification_report.0_NOR.support, classification_report.1_F&S.support, classification_report.2_SD.support, classification_report.3_MY.support, classification_report.4_AP.support, classification_report.5_BN.support, classification_report.6_UN.support, classification_report.7_IM.support, classification_report.macro avg.support, classification_report.weighted avg.support, split",Summarizes the evaluation protocol and can accompany the capture-group-overlap value.,test_evaluation_data_split.png
1,Train/validation/test split,bar,experiments/results/rice/rice_resnet18_grouped_v1/validation_evaluation.json,Ready from structured data,"classification_report.0_NOR.support, classification_report.1_F&S.support, classification_report.2_SD.support, classification_report.3_MY.support, classification_report.4_AP.support, classification_report.5_BN.support, classification_report.6_UN.support, classification_report.7_IM.support, classification_report.macro avg.support, classification_report.weighted avg.support, split",Summarizes the evaluation protocol and can accompany the capture-group-overlap value.,validation_evaluation_data_split.png
1,Train/validation/test split,bar,experiments/results/tables/rice_architecture_evaluation.csv,Ready from structured data,"num_images, split",Summarizes the evaluation protocol and can accompany the capture-group-overlap value.,rice_architecture_evaluation_data_split.png
1,Train/validation/test split,bar,experiments/results/tables/rice_fedavg_mobilenetv2_comparison.csv,Ready from structured data,"num_images, split",Summarizes the evaluation protocol and can accompany the capture-group-overlap value.,rice_fedavg_mobilenetv2_comparison_data_split.png
1,Train/validation/test split,bar,experiments/results/wheat/wheat_resnet18_grouped_v2/evaluation_summary.csv,Ready from structured data,"num_images, split",Summarizes the evaluation protocol and can accompany the capture-group-overlap value.,evaluation_summary_data_split.png
1,Train/validation/test split,bar,experiments/results/wheat/wheat_resnet18_grouped_v2/metrics.json,Ready from structured data,"results.test.classification_report.Black Germ.support, results.test.classification_report.Broken.support, results.test.classification_report.Fusarium.support, results.test.classification_report.Insect.support, results.test.classification_report.Moldy.support, results.test.classification_report.Sound.support, results.test.classification_report.Spotted.support, results.test.classification_report.Sprouted.support, results.test.classification_report.macro avg.support, results.test.classification_report.weighted avg.support, results.test_07.classification_report.Black Germ.support, results.test_07.classification_report.Broken.support, results.test_07.classification_report.Fusarium.support, results.test_07.classification_report.Insect.support, results.test_07.classification_report.Moldy.support, results.test_07.classification_report.Sound.support, results.test_07.classification_report.Spotted.support, results.test_07.classification_report.Sprouted.support, results.test_07.classification_report.macro avg.support, results.test_07.classification_report.weighted avg.support, results.validation.classification_report.Black Germ.support, results.validation.classification_report.Broken.support, results.validation.classification_report.Fusarium.support, results.validation.classification_report.Insect.support, results.validation.classification_report.Moldy.support, results.validation.classification_report.Sound.support, results.validation.classification_report.Spotted.support, results.validation.classification_report.Sprouted.support, results.validation.classification_report.macro avg.support, results.validation.classification_report.weighted avg.support, split_sizes, split_sizes.test, split_sizes.test_07, split_sizes.train, split_sizes.validation",Summarizes the evaluation protocol and can accompany the capture-group-overlap value.,metrics_data_split.png
1,Train/validation/test split,bar,experiments/results/wheat/wheat_resnet18_grouped_v3_sqrt_weights/evaluation_summary.csv,Ready from structured data,"num_images, split",Summarizes the evaluation protocol and can accompany the capture-group-overlap value.,evaluation_summary_data_split.png
1,Train/validation/test split,bar,experiments/results/wheat/wheat_resnet18_grouped_v3_sqrt_weights/metrics.json,Ready from structured data,"results.test.classification_report.Black Germ.support, results.test.classification_report.Broken.support, results.test.classification_report.Fusarium.support, results.test.classification_report.Insect.support, results.test.classification_report.Moldy.support, results.test.classification_report.Sound.support, results.test.classification_report.Spotted.support, results.test.classification_report.Sprouted.support, results.test.classification_report.macro avg.support, results.test.classification_report.weighted avg.support, results.test_07.classification_report.Black Germ.support, results.test_07.classification_report.Broken.support, results.test_07.classification_report.Fusarium.support, results.test_07.classification_report.Insect.support, results.test_07.classification_report.Moldy.support, results.test_07.classification_report.Sound.support, results.test_07.classification_report.Spotted.support, results.test_07.classification_report.Sprouted.support, results.test_07.classification_report.macro avg.support, results.test_07.classification_report.weighted avg.support, results.validation.classification_report.Black Germ.support, results.validation.classification_report.Broken.support, results.validation.classification_report.Fusarium.support, results.validation.classification_report.Insect.support, results.validation.classification_report.Moldy.support, results.validation.classification_report.Sound.support, results.validation.classification_report.Spotted.support, results.validation.classification_report.Sprouted.support, results.validation.classification_report.macro avg.support, results.validation.classification_report.weighted avg.support, split_sizes, split_sizes.test, split_sizes.test_07, split_sizes.train, split_sizes.validation",Summarizes the evaluation protocol and can accompany the capture-group-overlap value.,metrics_data_split.png
1,Train/validation/test split,bar,results/Reports/FinalReportArchive/tables/rice_architecture_evaluation.csv,Ready from structured data,"num_images, split",Summarizes the evaluation protocol and can accompany the capture-group-overlap value.,rice_architecture_evaluation_data_split.png
1,Train/validation/test split,bar,results/Reports/FinalReportArchive/tables/rice_fedavg_mobilenetv2_comparison.csv,Ready from structured data,"num_images, split",Summarizes the evaluation protocol and can accompany the capture-group-overlap value.,rice_fedavg_mobilenetv2_comparison_data_split.png
1,Train/validation/test split,bar,results/Rice/Centralized/EfficientNetB0/seed42/metrics.json,Ready from structured data,"classification_report.0_NOR.support, classification_report.1_F&S.support, classification_report.2_SD.support, classification_report.3_MY.support, classification_report.4_AP.support, classification_report.5_BN.support, classification_report.6_UN.support, classification_report.7_IM.support, classification_report.macro avg.support, classification_report.weighted avg.support, dataset_root, split_sizes, split_sizes.test, split_sizes.train, split_sizes.validation",Summarizes the evaluation protocol and can accompany the capture-group-overlap value.,metrics_data_split.png
1,Train/validation/test split,bar,results/Rice/Centralized/EfficientNetB0/seed42/test_evaluation.json,Ready from structured data,"classification_report.0_NOR.support, classification_report.1_F&S.support, classification_report.2_SD.support, classification_report.3_MY.support, classification_report.4_AP.support, classification_report.5_BN.support, classification_report.6_UN.support, classification_report.7_IM.support, classification_report.macro avg.support, classification_report.weighted avg.support, split",Summarizes the evaluation protocol and can accompany the capture-group-overlap value.,test_evaluation_data_split.png
1,Train/validation/test split,bar,results/Rice/Centralized/EfficientNetB0/seed42/validation_evaluation.json,Ready from structured data,"classification_report.0_NOR.support, classification_report.1_F&S.support, classification_report.2_SD.support, classification_report.3_MY.support, classification_report.4_AP.support, classification_report.5_BN.support, classification_report.6_UN.support, classification_report.7_IM.support, classification_report.macro avg.support, classification_report.weighted avg.support, split",Summarizes the evaluation protocol and can accompany the capture-group-overlap value.,validation_evaluation_data_split.png
1,Train/validation/test split,bar,results/Rice/Centralized/MobileNetV2/seed42/metrics.json,Ready from structured data,"classification_report.0_NOR.support, classification_report.1_F&S.support, classification_report.2_SD.support, classification_report.3_MY.support, classification_report.4_AP.support, classification_report.5_BN.support, classification_report.6_UN.support, classification_report.7_IM.support, classification_report.macro avg.support, classification_report.weighted avg.support, dataset_root, split_sizes, split_sizes.test, split_sizes.train, split_sizes.validation",Summarizes the evaluation protocol and can accompany the capture-group-overlap value.,metrics_data_split.png
1,Train/validation/test split,bar,results/Rice/Centralized/MobileNetV2/seed42/test_evaluation.json,Ready from structured data,"classification_report.0_NOR.support, classification_report.1_F&S.support, classification_report.2_SD.support, classification_report.3_MY.support, classification_report.4_AP.support, classification_report.5_BN.support, classification_report.6_UN.support, classification_report.7_IM.support, classification_report.macro avg.support, classification_report.weighted avg.support, split",Summarizes the evaluation protocol and can accompany the capture-group-overlap value.,test_evaluation_data_split.png
1,Train/validation/test split,bar,results/Rice/Centralized/MobileNetV2/seed42/validation_evaluation.json,Ready from structured data,"classification_report.0_NOR.support, classification_report.1_F&S.support, classification_report.2_SD.support, classification_report.3_MY.support, classification_report.4_AP.support, classification_report.5_BN.support, classification_report.6_UN.support, classification_report.7_IM.support, classification_report.macro avg.support, classification_report.weighted avg.support, split",Summarizes the evaluation protocol and can accompany the capture-group-overlap value.,validation_evaluation_data_split.png
1,Train/validation/test split,bar,results/Rice/Centralized/ResNet18/seed123/metrics.json,Ready from structured data,"classification_report.0_NOR.support, classification_report.1_F&S.support, classification_report.2_SD.support, classification_report.3_MY.support, classification_report.4_AP.support, classification_report.5_BN.support, classification_report.6_UN.support, classification_report.7_IM.support, classification_report.macro avg.support, classification_report.weighted avg.support, dataset_root, split_sizes, split_sizes.test, split_sizes.train, split_sizes.validation",Summarizes the evaluation protocol and can accompany the capture-group-overlap value.,metrics_data_split.png
1,Train/validation/test split,bar,results/Rice/Centralized/ResNet18/seed2026/metrics.json,Ready from structured data,"classification_report.0_NOR.support, classification_report.1_F&S.support, classification_report.2_SD.support, classification_report.3_MY.support, classification_report.4_AP.support, classification_report.5_BN.support, classification_report.6_UN.support, classification_report.7_IM.support, classification_report.macro avg.support, classification_report.weighted avg.support, dataset_root, split_sizes, split_sizes.test, split_sizes.train, split_sizes.validation",Summarizes the evaluation protocol and can accompany the capture-group-overlap value.,metrics_data_split.png
1,Train/validation/test split,bar,results/Rice/Centralized/ResNet18/seed42/metrics.json,Ready from structured data,"classification_report.0_NOR.support, classification_report.1_F&S.support, classification_report.2_SD.support, classification_report.3_MY.support, classification_report.4_AP.support, classification_report.5_BN.support, classification_report.6_UN.support, classification_report.7_IM.support, classification_report.macro avg.support, classification_report.weighted avg.support, dataset_root, split_sizes, split_sizes.test, split_sizes.train, split_sizes.validation",Summarizes the evaluation protocol and can accompany the capture-group-overlap value.,metrics_data_split.png
1,Train/validation/test split,bar,results/Rice/Centralized/ResNet18/seed42/test_evaluation.json,Ready from structured data,"classification_report.0_NOR.support, classification_report.1_F&S.support, classification_report.2_SD.support, classification_report.3_MY.support, classification_report.4_AP.support, classification_report.5_BN.support, classification_report.6_UN.support, classification_report.7_IM.support, classification_report.macro avg.support, classification_report.weighted avg.support, split",Summarizes the evaluation protocol and can accompany the capture-group-overlap value.,test_evaluation_data_split.png
1,Train/validation/test split,bar,results/Rice/Centralized/ResNet18/seed42/validation_evaluation.json,Ready from structured data,"classification_report.0_NOR.support, classification_report.1_F&S.support, classification_report.2_SD.support, classification_report.3_MY.support, classification_report.4_AP.support, classification_report.5_BN.support, classification_report.6_UN.support, classification_report.7_IM.support, classification_report.macro avg.support, classification_report.weighted avg.support, split",Summarizes the evaluation protocol and can accompany the capture-group-overlap value.,validation_evaluation_data_split.png
1,Train/validation/test split,bar,results/Rice/DDP/ResNet18/Final/evaluation/evaluation_summary.csv,Ready from structured data,"num_images, split",Summarizes the evaluation protocol and can accompany the capture-group-overlap value.,evaluation_summary_data_split.png
1,Train/validation/test split,bar,results/Rice/Federated/FedAvg/IID/MobileNetV2/evaluation/test_evaluation.json,Ready from structured data,"classification_report.0_NOR.support, classification_report.1_F&S.support, classification_report.2_SD.support, classification_report.3_MY.support, classification_report.4_AP.support, classification_report.5_BN.support, classification_report.6_UN.support, classification_report.7_IM.support, classification_report.macro avg.support, classification_report.weighted avg.support, split",Summarizes the evaluation protocol and can accompany the capture-group-overlap value.,test_evaluation_data_split.png
1,Train/validation/test split,bar,results/Rice/Federated/FedAvg/IID/MobileNetV2/evaluation/validation_evaluation.json,Ready from structured data,"classification_report.0_NOR.support, classification_report.1_F&S.support, classification_report.2_SD.support, classification_report.3_MY.support, classification_report.4_AP.support, classification_report.5_BN.support, classification_report.6_UN.support, classification_report.7_IM.support, classification_report.macro avg.support, classification_report.weighted avg.support, split",Summarizes the evaluation protocol and can accompany the capture-group-overlap value.,validation_evaluation_data_split.png
1,Train/validation/test split,bar,results/Rice/Federated/FedAvg/IID/ResNet18/evaluation/evaluation_summary.csv,Ready from structured data,"num_images, split",Summarizes the evaluation protocol and can accompany the capture-group-overlap value.,evaluation_summary_data_split.png
1,Train/validation/test split,bar,results/Rice/Federated/FedAvg/NonIID_alpha0p1/MobileNetV2/evaluation/evaluation_summary.csv,Ready from structured data,"num_images, split",Summarizes the evaluation protocol and can accompany the capture-group-overlap value.,evaluation_summary_data_split.png
1,Train/validation/test split,bar,results/Rice/Federated/FedAvg/NonIID_alpha0p1/MobileNetV2/evaluation/test_evaluation.json,Ready from structured data,"classification_report.0_NOR.support, classification_report.1_F&S.support, classification_report.2_SD.support, classification_report.3_MY.support, classification_report.4_AP.support, classification_report.5_BN.support, classification_report.6_UN.support, classification_report.7_IM.support, classification_report.macro avg.support, classification_report.weighted avg.support, split",Summarizes the evaluation protocol and can accompany the capture-group-overlap value.,test_evaluation_data_split.png
1,Train/validation/test split,bar,results/Rice/Federated/FedAvg/NonIID_alpha0p1/MobileNetV2/evaluation/validation_evaluation.json,Ready from structured data,"classification_report.0_NOR.support, classification_report.1_F&S.support, classification_report.2_SD.support, classification_report.3_MY.support, classification_report.4_AP.support, classification_report.5_BN.support, classification_report.6_UN.support, classification_report.7_IM.support, classification_report.macro avg.support, classification_report.weighted avg.support, split",Summarizes the evaluation protocol and can accompany the capture-group-overlap value.,validation_evaluation_data_split.png
1,Train/validation/test split,bar,results/Rice/Federated/FedAvg/NonIID_alpha0p5/MobileNetV2/evaluation/test_evaluation.json,Ready from structured data,"classification_report.0_NOR.support, classification_report.1_F&S.support, classification_report.2_SD.support, classification_report.3_MY.support, classification_report.4_AP.support, classification_report.5_BN.support, classification_report.6_UN.support, classification_report.7_IM.support, classification_report.macro avg.support, classification_report.weighted avg.support, split",Summarizes the evaluation protocol and can accompany the capture-group-overlap value.,test_evaluation_data_split.png
1,Train/validation/test split,bar,results/Rice/Federated/FedAvg/NonIID_alpha0p5/MobileNetV2/evaluation/validation_evaluation.json,Ready from structured data,"classification_report.0_NOR.support, classification_report.1_F&S.support, classification_report.2_SD.support, classification_report.3_MY.support, classification_report.4_AP.support, classification_report.5_BN.support, classification_report.6_UN.support, classification_report.7_IM.support, classification_report.macro avg.support, classification_report.weighted avg.support, split",Summarizes the evaluation protocol and can accompany the capture-group-overlap value.,validation_evaluation_data_split.png
1,Train/validation/test split,bar,results/Rice/Federated/FedAvg/NonIID_alpha0p5/ResNet18/evaluation/evaluation_summary.csv,Ready from structured data,"num_images, split",Summarizes the evaluation protocol and can accompany the capture-group-overlap value.,evaluation_summary_data_split.png
1,Train/validation/test split,bar,results/Rice/SupportingEvidence/ResNet18Proof/metrics.json,Ready from structured data,"classification_report.0_NOR.support, classification_report.1_F&S.support, classification_report.2_SD.support, classification_report.3_MY.support, classification_report.4_AP.support, classification_report.5_BN.support, classification_report.6_UN.support, classification_report.7_IM.support, classification_report.macro avg.support, classification_report.weighted avg.support, dataset_root, split_sizes, split_sizes.test, split_sizes.train, split_sizes.validation",Summarizes the evaluation protocol and can accompany the capture-group-overlap value.,metrics_data_split.png
1,Train/validation/test split,bar,results/Rice/SupportingEvidence/ResNet18Proof/metrics_seed123.json,Ready from structured data,"classification_report.0_NOR.support, classification_report.1_F&S.support, classification_report.2_SD.support, classification_report.3_MY.support, classification_report.4_AP.support, classification_report.5_BN.support, classification_report.6_UN.support, classification_report.7_IM.support, classification_report.macro avg.support, classification_report.weighted avg.support, dataset_root, split_sizes, split_sizes.test, split_sizes.train, split_sizes.validation",Summarizes the evaluation protocol and can accompany the capture-group-overlap value.,metrics_seed123_data_split.png
1,Train/validation/test split,bar,results/Rice/SupportingEvidence/ResNet18Proof/metrics_seed2026.json,Ready from structured data,"classification_report.0_NOR.support, classification_report.1_F&S.support, classification_report.2_SD.support, classification_report.3_MY.support, classification_report.4_AP.support, classification_report.5_BN.support, classification_report.6_UN.support, classification_report.7_IM.support, classification_report.macro avg.support, classification_report.weighted avg.support, dataset_root, split_sizes, split_sizes.test, split_sizes.train, split_sizes.validation",Summarizes the evaluation protocol and can accompany the capture-group-overlap value.,metrics_seed2026_data_split.png
1,Train/validation/test split,bar,results/Wheat/Centralized/ResNet18/GroupedV2_FullInverseWeights/evaluation_summary.csv,Ready from structured data,"num_images, split",Summarizes the evaluation protocol and can accompany the capture-group-overlap value.,evaluation_summary_data_split.png
1,Train/validation/test split,bar,results/Wheat/Centralized/ResNet18/GroupedV2_FullInverseWeights/metrics.json,Ready from structured data,"results.test.classification_report.Black Germ.support, results.test.classification_report.Broken.support, results.test.classification_report.Fusarium.support, results.test.classification_report.Insect.support, results.test.classification_report.Moldy.support, results.test.classification_report.Sound.support, results.test.classification_report.Spotted.support, results.test.classification_report.Sprouted.support, results.test.classification_report.macro avg.support, results.test.classification_report.weighted avg.support, results.test_07.classification_report.Black Germ.support, results.test_07.classification_report.Broken.support, results.test_07.classification_report.Fusarium.support, results.test_07.classification_report.Insect.support, results.test_07.classification_report.Moldy.support, results.test_07.classification_report.Sound.support, results.test_07.classification_report.Spotted.support, results.test_07.classification_report.Sprouted.support, results.test_07.classification_report.macro avg.support, results.test_07.classification_report.weighted avg.support, results.validation.classification_report.Black Germ.support, results.validation.classification_report.Broken.support, results.validation.classification_report.Fusarium.support, results.validation.classification_report.Insect.support, results.validation.classification_report.Moldy.support, results.validation.classification_report.Sound.support, results.validation.classification_report.Spotted.support, results.validation.classification_report.Sprouted.support, results.validation.classification_report.macro avg.support, results.validation.classification_report.weighted avg.support, split_sizes, split_sizes.test, split_sizes.test_07, split_sizes.train, split_sizes.validation",Summarizes the evaluation protocol and can accompany the capture-group-overlap value.,metrics_data_split.png
1,Train/validation/test split,bar,results/Wheat/Centralized/ResNet18/GroupedV3_SqrtWeights/evaluation_summary.csv,Ready from structured data,"num_images, split",Summarizes the evaluation protocol and can accompany the capture-group-overlap value.,evaluation_summary_data_split.png
1,Train/validation/test split,bar,results/Wheat/Centralized/ResNet18/GroupedV3_SqrtWeights/metrics.json,Ready from structured data,"results.test.classification_report.Black Germ.support, results.test.classification_report.Broken.support, results.test.classification_report.Fusarium.support, results.test.classification_report.Insect.support, results.test.classification_report.Moldy.support, results.test.classification_report.Sound.support, results.test.classification_report.Spotted.support, results.test.classification_report.Sprouted.support, results.test.classification_report.macro avg.support, results.test.classification_report.weighted avg.support, results.test_07.classification_report.Black Germ.support, results.test_07.classification_report.Broken.support, results.test_07.classification_report.Fusarium.support, results.test_07.classification_report.Insect.support, results.test_07.classification_report.Moldy.support, results.test_07.classification_report.Sound.support, results.test_07.classification_report.Spotted.support, results.test_07.classification_report.Sprouted.support, results.test_07.classification_report.macro avg.support, results.test_07.classification_report.weighted avg.support, results.validation.classification_report.Black Germ.support, results.validation.classification_report.Broken.support, results.validation.classification_report.Fusarium.support, results.validation.classification_report.Insect.support, results.validation.classification_report.Moldy.support, results.validation.classification_report.Sound.support, results.validation.classification_report.Spotted.support, results.validation.classification_report.Sprouted.support, results.validation.classification_report.macro avg.support, results.validation.classification_report.weighted avg.support, split_sizes, split_sizes.test, split_sizes.test_07, split_sizes.train, split_sizes.validation",Summarizes the evaluation protocol and can accompany the capture-group-overlap value.,metrics_data_split.png
1,Train/validation/test split,bar,streamlit-ui/streamlit-ui/data/dataset_splits.csv,Ready from structured data,"count, dataset, split",Summarizes the evaluation protocol and can accompany the capture-group-overlap value.,dataset_splits_data_split.png
2,Accuracy vs Macro-F1,scatter,experiments/results/rice/rice_ddp_resnet18/evaluation/evaluation_summary.csv,Ready from structured data,"accuracy, macro_f1",Checks whether high overall accuracy hides weaker balanced performance across classes.,evaluation_summary_accuracy_vs_macro_f1.png
2,Accuracy vs Macro-F1,scatter,experiments/results/rice/rice_fedavg_iid_mobilenetv2/evaluation/evaluation_summary.csv,Ready from structured data,"accuracy, macro_f1",Checks whether high overall accuracy hides weaker balanced performance across classes.,evaluation_summary_accuracy_vs_macro_f1.png
2,Accuracy vs Macro-F1,scatter,experiments/results/rice/rice_fedavg_iid_resnet18/evaluation/evaluation_summary.csv,Ready from structured data,"accuracy, macro_f1",Checks whether high overall accuracy hides weaker balanced performance across classes.,evaluation_summary_accuracy_vs_macro_f1.png
2,Accuracy vs Macro-F1,scatter,experiments/results/rice/rice_fedavg_noniid_mobilenetv2/evaluation/evaluation_summary.csv,Ready from structured data,"accuracy, macro_f1",Checks whether high overall accuracy hides weaker balanced performance across classes.,evaluation_summary_accuracy_vs_macro_f1.png
2,Accuracy vs Macro-F1,scatter,experiments/results/rice/rice_fedavg_noniid_resnet18/evaluation/evaluation_summary.csv,Ready from structured data,"accuracy, macro_f1",Checks whether high overall accuracy hides weaker balanced performance across classes.,evaluation_summary_accuracy_vs_macro_f1.png
2,Accuracy vs Macro-F1,scatter,experiments/results/tables/rice_architecture_evaluation.csv,Ready from structured data,"accuracy, macro_f1",Checks whether high overall accuracy hides weaker balanced performance across classes.,rice_architecture_evaluation_accuracy_vs_macro_f1.png
2,Accuracy vs Macro-F1,scatter,experiments/results/tables/rice_fedavg_mobilenetv2_comparison.csv,Ready from structured data,"accuracy, macro_f1",Checks whether high overall accuracy hides weaker balanced performance across classes.,rice_fedavg_mobilenetv2_comparison_accuracy_vs_macro_f1.png
2,Accuracy vs Macro-F1,scatter,experiments/results/wheat/wheat_resnet18_grouped_v2/evaluation_summary.csv,Ready from structured data,"accuracy, macro_f1",Checks whether high overall accuracy hides weaker balanced performance across classes.,evaluation_summary_accuracy_vs_macro_f1.png
2,Accuracy vs Macro-F1,scatter,experiments/results/wheat/wheat_resnet18_grouped_v3_sqrt_weights/evaluation_summary.csv,Ready from structured data,"accuracy, macro_f1",Checks whether high overall accuracy hides weaker balanced performance across classes.,evaluation_summary_accuracy_vs_macro_f1.png
2,Accuracy vs Macro-F1,scatter,results/Reports/FinalReportArchive/tables/rice_architecture_evaluation.csv,Ready from structured data,"accuracy, macro_f1",Checks whether high overall accuracy hides weaker balanced performance across classes.,rice_architecture_evaluation_accuracy_vs_macro_f1.png
2,Accuracy vs Macro-F1,scatter,results/Reports/FinalReportArchive/tables/rice_fedavg_mobilenetv2_comparison.csv,Ready from structured data,"accuracy, macro_f1",Checks whether high overall accuracy hides weaker balanced performance across classes.,rice_fedavg_mobilenetv2_comparison_accuracy_vs_macro_f1.png
2,Accuracy vs Macro-F1,scatter,results/Rice/DDP/ResNet18/Final/evaluation/evaluation_summary.csv,Ready from structured data,"accuracy, macro_f1",Checks whether high overall accuracy hides weaker balanced performance across classes.,evaluation_summary_accuracy_vs_macro_f1.png
2,Accuracy vs Macro-F1,scatter,results/Rice/Federated/FedAvg/IID/MobileNetV2/evaluation/evaluation_summary.csv,Ready from structured data,"accuracy, macro_f1",Checks whether high overall accuracy hides weaker balanced performance across classes.,evaluation_summary_accuracy_vs_macro_f1.png
2,Accuracy vs Macro-F1,scatter,results/Rice/Federated/FedAvg/IID/ResNet18/evaluation/evaluation_summary.csv,Ready from structured data,"accuracy, macro_f1",Checks whether high overall accuracy hides weaker balanced performance across classes.,evaluation_summary_accuracy_vs_macro_f1.png
2,Accuracy vs Macro-F1,scatter,results/Rice/Federated/FedAvg/NonIID_alpha0p1/MobileNetV2/evaluation/evaluation_summary.csv,Ready from structured data,"accuracy, macro_f1",Checks whether high overall accuracy hides weaker balanced performance across classes.,evaluation_summary_accuracy_vs_macro_f1.png
2,Accuracy vs Macro-F1,scatter,results/Rice/Federated/FedAvg/NonIID_alpha0p5/MobileNetV2/evaluation/evaluation_summary.csv,Ready from structured data,"accuracy, macro_f1",Checks whether high overall accuracy hides weaker balanced performance across classes.,evaluation_summary_accuracy_vs_macro_f1.png
2,Accuracy vs Macro-F1,scatter,results/Rice/Federated/FedAvg/NonIID_alpha0p5/ResNet18/evaluation/evaluation_summary.csv,Ready from structured data,"accuracy, macro_f1",Checks whether high overall accuracy hides weaker balanced performance across classes.,evaluation_summary_accuracy_vs_macro_f1.png
2,Accuracy vs Macro-F1,scatter,results/Rice/Federated/Summaries/Presentation_tables/table_1_alpha0p5_comprehensive.csv,Ready from structured data,"Accuracy, Macro-F1",Checks whether high overall accuracy hides weaker balanced performance across classes.,table_1_alpha0p5_comprehensive_accuracy_vs_macro_f1.png
2,Accuracy vs Macro-F1,scatter,results/Wheat/Centralized/ResNet18/GroupedV2_FullInverseWeights/evaluation_summary.csv,Ready from structured data,"accuracy, macro_f1",Checks whether high overall accuracy hides weaker balanced performance across classes.,evaluation_summary_accuracy_vs_macro_f1.png
2,Accuracy vs Macro-F1,scatter,results/Wheat/Centralized/ResNet18/GroupedV3_SqrtWeights/evaluation_summary.csv,Ready from structured data,"accuracy, macro_f1",Checks whether high overall accuracy hides weaker balanced performance across classes.,evaluation_summary_accuracy_vs_macro_f1.png
2,Accuracy vs Macro-F1,scatter,streamlit-ui/streamlit-ui/data/experiment_results.csv,Ready from structured data,"accuracy, macro_f1",Checks whether high overall accuracy hides weaker balanced performance across classes.,experiment_results_accuracy_vs_macro_f1.png
2,Accuracy vs Macro-F1,scatter,streamlit-ui/streamlit-ui/data/round_metrics.csv,Ready from structured data,"accuracy, macro_f1",Checks whether high overall accuracy hides weaker balanced performance across classes.,round_metrics_accuracy_vs_macro_f1.png
2,Model accuracy-efficiency comparison,scatter or grouped bar,experiments/results/tables/rice_model_efficiency.csv,Ready if performance metric is also present,"centralized_test_macro_f1, fedavg_iid_test_macro_f1, fedavg_noniid_test_macro_f1, model, parameters",Explains why MobileNetV2 or EfficientNetB0 may be suitable for resource-constrained federated clients.,rice_model_efficiency_accuracy_efficiency.png
2,Model accuracy-efficiency comparison,scatter or grouped bar,results/Reports/FinalReportArchive/tables/rice_model_efficiency.csv,Ready if performance metric is also present,"centralized_test_macro_f1, fedavg_iid_test_macro_f1, fedavg_noniid_test_macro_f1, model, parameters",Explains why MobileNetV2 or EfficientNetB0 may be suitable for resource-constrained federated clients.,rice_model_efficiency_accuracy_efficiency.png
2,Model accuracy-efficiency comparison,scatter or grouped bar,results/Rice/Federated/FedAvg/NonIID_alpha0p1/MobileNetV2/evaluation/evaluation_metrics.json,Ready if performance metric is also present,"algorithm, checkpoint_validation_metrics.accuracy, checkpoint_validation_metrics.balanced_accuracy, checkpoint_validation_metrics.macro_f1, communication, communication.estimated_cumulative_full_fp32_mib, communication.estimated_full_fp32_mib_per_transfer, communication.full_model_transfers, communication.private_parameters_per_client, communication.shared_parameters, communication.total_parameters, results.test.accuracy, results.test.balanced_accuracy, results.test.macro_f1, results.validation.accuracy, results.validation.balanced_accuracy, results.validation.macro_f1, training_best_validation_macro_f1",Explains why MobileNetV2 or EfficientNetB0 may be suitable for resource-constrained federated clients.,evaluation_metrics_accuracy_efficiency.png
2,Model accuracy-efficiency comparison,scatter or grouped bar,results/Rice/Federated/FedPer/NonIID_alpha0p1/MobileNetV2/test_metrics.json,Ready if performance metric is also present,"algorithm, communication, communication.complete_transfers, communication.estimated_cumulative_shared_fp32_mib, communication.estimated_shared_fp32_mib_per_transfer, communication.private_parameters_per_client, communication.shared_model_transfers, communication.shared_parameters, communication.total_parameters, test_by_client.client_0.accuracy, test_by_client.client_0.balanced_accuracy, test_by_client.client_0.macro_f1, test_by_client.client_1.accuracy, test_by_client.client_1.balanced_accuracy, test_by_client.client_1.macro_f1, test_by_client.client_2.accuracy, test_by_client.client_2.balanced_accuracy, test_by_client.client_2.macro_f1, test_summary.best_client_macro_f1, test_summary.mean_accuracy, test_summary.mean_balanced_accuracy, test_summary.mean_macro_f1, test_summary.std_client_macro_f1, test_summary.worst_client_macro_f1",Explains why MobileNetV2 or EfficientNetB0 may be suitable for resource-constrained federated clients.,test_metrics_accuracy_efficiency.png
2,Model accuracy-efficiency comparison,scatter or grouped bar,results/Rice/Federated/FedRep/IID/MobileNetV2/test_metrics.json,Ready if performance metric is also present,"algorithm, communication, communication.estimated_cumulative_shared_fp32_mib, communication.estimated_shared_fp32_mib_per_transfer, communication.private_parameters_per_client, communication.shared_model_transfers, communication.shared_parameters, communication.total_parameters, test_by_client.client_0.accuracy, test_by_client.client_0.balanced_accuracy, test_by_client.client_0.macro_f1, test_by_client.client_1.accuracy, test_by_client.client_1.balanced_accuracy, test_by_client.client_1.macro_f1, test_by_client.client_2.accuracy, test_by_client.client_2.balanced_accuracy, test_by_client.client_2.macro_f1, test_summary.best_client_macro_f1, test_summary.mean_accuracy, test_summary.mean_balanced_accuracy, test_summary.mean_macro_f1, test_summary.std_client_macro_f1, test_summary.worst_client_macro_f1",Explains why MobileNetV2 or EfficientNetB0 may be suitable for resource-constrained federated clients.,test_metrics_accuracy_efficiency.png
2,Model accuracy-efficiency comparison,scatter or grouped bar,results/Rice/Federated/FedRep/NonIID_alpha0p1/MobileNetV2/test_metrics.json,Ready if performance metric is also present,"algorithm, communication, communication.estimated_cumulative_shared_fp32_mib, communication.estimated_shared_fp32_mib_per_transfer, communication.private_parameters_per_client, communication.shared_model_transfers, communication.shared_parameters, communication.total_parameters, test_by_client.client_0.accuracy, test_by_client.client_0.balanced_accuracy, test_by_client.client_0.macro_f1, test_by_client.client_1.accuracy, test_by_client.client_1.balanced_accuracy, test_by_client.client_1.macro_f1, test_by_client.client_2.accuracy, test_by_client.client_2.balanced_accuracy, test_by_client.client_2.macro_f1, test_summary.best_client_macro_f1, test_summary.mean_accuracy, test_summary.mean_balanced_accuracy, test_summary.mean_macro_f1, test_summary.std_client_macro_f1, test_summary.worst_client_macro_f1",Explains why MobileNetV2 or EfficientNetB0 may be suitable for resource-constrained federated clients.,test_metrics_accuracy_efficiency.png
2,Model accuracy-efficiency comparison,scatter or grouped bar,results/Rice/Federated/FedRep/NonIID_alpha0p5/MobileNetV2/test_metrics.json,Ready if performance metric is also present,"algorithm, communication, communication.estimated_cumulative_shared_fp32_mib, communication.estimated_shared_fp32_mib_per_transfer, communication.private_parameters_per_client, communication.shared_model_transfers, communication.shared_parameters, communication.total_parameters, test_by_client.client_0.accuracy, test_by_client.client_0.balanced_accuracy, test_by_client.client_0.macro_f1, test_by_client.client_1.accuracy, test_by_client.client_1.balanced_accuracy, test_by_client.client_1.macro_f1, test_by_client.client_2.accuracy, test_by_client.client_2.balanced_accuracy, test_by_client.client_2.macro_f1, test_summary.best_client_macro_f1, test_summary.mean_accuracy, test_summary.mean_balanced_accuracy, test_summary.mean_macro_f1, test_summary.std_client_macro_f1, test_summary.worst_client_macro_f1",Explains why MobileNetV2 or EfficientNetB0 may be suitable for resource-constrained federated clients.,test_metrics_accuracy_efficiency.png
2,"Per-class precision, recall and F1",grouped horizontal bar,experiments/results/rice/rice_ddp_resnet18/evaluation/test_per_class_metrics.csv,Ready from classification-report data,"class_name, precision, recall, support",Reveals which grain classes remain difficult even when overall Accuracy or Macro-F1 is high.,test_per_class_metrics_per_class_metrics.png
2,"Per-class precision, recall and F1",grouped horizontal bar,experiments/results/rice/rice_ddp_resnet18/evaluation/validation_per_class_metrics.csv,Ready from classification-report data,"class_name, precision, recall, support",Reveals which grain classes remain difficult even when overall Accuracy or Macro-F1 is high.,validation_per_class_metrics_per_class_metrics.png
2,"Per-class precision, recall and F1",grouped horizontal bar,experiments/results/rice/rice_efficientnetb0_grouped_v1/test_per_class_metrics.csv,Ready from classification-report data,"class_name, precision, recall, support",Reveals which grain classes remain difficult even when overall Accuracy or Macro-F1 is high.,test_per_class_metrics_per_class_metrics.png
2,"Per-class precision, recall and F1",grouped horizontal bar,experiments/results/rice/rice_efficientnetb0_grouped_v1/validation_per_class_metrics.csv,Ready from classification-report data,"class_name, precision, recall, support",Reveals which grain classes remain difficult even when overall Accuracy or Macro-F1 is high.,validation_per_class_metrics_per_class_metrics.png
2,"Per-class precision, recall and F1",grouped horizontal bar,experiments/results/rice/rice_fedavg_iid_mobilenetv2/evaluation/test_per_class_metrics.csv,Ready from classification-report data,"class_name, precision, recall, support",Reveals which grain classes remain difficult even when overall Accuracy or Macro-F1 is high.,test_per_class_metrics_per_class_metrics.png
2,"Per-class precision, recall and F1",grouped horizontal bar,experiments/results/rice/rice_fedavg_iid_mobilenetv2/evaluation/validation_per_class_metrics.csv,Ready from classification-report data,"class_name, precision, recall, support",Reveals which grain classes remain difficult even when overall Accuracy or Macro-F1 is high.,validation_per_class_metrics_per_class_metrics.png
2,"Per-class precision, recall and F1",grouped horizontal bar,experiments/results/rice/rice_fedavg_iid_resnet18/evaluation/test_per_class_metrics.csv,Ready from classification-report data,"class_name, precision, recall, support",Reveals which grain classes remain difficult even when overall Accuracy or Macro-F1 is high.,test_per_class_metrics_per_class_metrics.png
2,"Per-class precision, recall and F1",grouped horizontal bar,experiments/results/rice/rice_fedavg_iid_resnet18/evaluation/validation_per_class_metrics.csv,Ready from classification-report data,"class_name, precision, recall, support",Reveals which grain classes remain difficult even when overall Accuracy or Macro-F1 is high.,validation_per_class_metrics_per_class_metrics.png
2,"Per-class precision, recall and F1",grouped horizontal bar,experiments/results/rice/rice_fedavg_noniid_mobilenetv2/evaluation/test_per_class_metrics.csv,Ready from classification-report data,"class_name, precision, recall, support",Reveals which grain classes remain difficult even when overall Accuracy or Macro-F1 is high.,test_per_class_metrics_per_class_metrics.png
2,"Per-class precision, recall and F1",grouped horizontal bar,experiments/results/rice/rice_fedavg_noniid_mobilenetv2/evaluation/validation_per_class_metrics.csv,Ready from classification-report data,"class_name, precision, recall, support",Reveals which grain classes remain difficult even when overall Accuracy or Macro-F1 is high.,validation_per_class_metrics_per_class_metrics.png
2,"Per-class precision, recall and F1",grouped horizontal bar,experiments/results/rice/rice_fedavg_noniid_resnet18/evaluation/test_per_class_metrics.csv,Ready from classification-report data,"class_name, precision, recall, support",Reveals which grain classes remain difficult even when overall Accuracy or Macro-F1 is high.,test_per_class_metrics_per_class_metrics.png
2,"Per-class precision, recall and F1",grouped horizontal bar,experiments/results/rice/rice_fedavg_noniid_resnet18/evaluation/validation_per_class_metrics.csv,Ready from classification-report data,"class_name, precision, recall, support",Reveals which grain classes remain difficult even when overall Accuracy or Macro-F1 is high.,validation_per_class_metrics_per_class_metrics.png
2,"Per-class precision, recall and F1",grouped horizontal bar,experiments/results/rice/rice_mobilenetv2_grouped_v1/test_per_class_metrics.csv,Ready from classification-report data,"class_name, precision, recall, support",Reveals which grain classes remain difficult even when overall Accuracy or Macro-F1 is high.,test_per_class_metrics_per_class_metrics.png
2,"Per-class precision, recall and F1",grouped horizontal bar,experiments/results/rice/rice_mobilenetv2_grouped_v1/validation_per_class_metrics.csv,Ready from classification-report data,"class_name, precision, recall, support",Reveals which grain classes remain difficult even when overall Accuracy or Macro-F1 is high.,validation_per_class_metrics_per_class_metrics.png
2,"Per-class precision, recall and F1",grouped horizontal bar,experiments/results/rice/rice_resnet18_grouped_v1/test_per_class_metrics.csv,Ready from classification-report data,"class_name, precision, recall, support",Reveals which grain classes remain difficult even when overall Accuracy or Macro-F1 is high.,test_per_class_metrics_per_class_metrics.png
2,"Per-class precision, recall and F1",grouped horizontal bar,experiments/results/rice/rice_resnet18_grouped_v1/validation_per_class_metrics.csv,Ready from classification-report data,"class_name, precision, recall, support",Reveals which grain classes remain difficult even when overall Accuracy or Macro-F1 is high.,validation_per_class_metrics_per_class_metrics.png
2,"Per-class precision, recall and F1",grouped horizontal bar,experiments/results/wheat/wheat_resnet18_grouped_v2/test_07_per_class_metrics.csv,Ready from classification-report data,"class_name, precision, recall, support",Reveals which grain classes remain difficult even when overall Accuracy or Macro-F1 is high.,test_07_per_class_metrics_per_class_metrics.png
2,"Per-class precision, recall and F1",grouped horizontal bar,experiments/results/wheat/wheat_resnet18_grouped_v2/test_per_class_metrics.csv,Ready from classification-report data,"class_name, precision, recall, support",Reveals which grain classes remain difficult even when overall Accuracy or Macro-F1 is high.,test_per_class_metrics_per_class_metrics.png
2,"Per-class precision, recall and F1",grouped horizontal bar,experiments/results/wheat/wheat_resnet18_grouped_v2/validation_per_class_metrics.csv,Ready from classification-report data,"class_name, precision, recall, support",Reveals which grain classes remain difficult even when overall Accuracy or Macro-F1 is high.,validation_per_class_metrics_per_class_metrics.png
2,"Per-class precision, recall and F1",grouped horizontal bar,experiments/results/wheat/wheat_resnet18_grouped_v3_sqrt_weights/test_07_per_class_metrics.csv,Ready from classification-report data,"class_name, precision, recall, support",Reveals which grain classes remain difficult even when overall Accuracy or Macro-F1 is high.,test_07_per_class_metrics_per_class_metrics.png
2,"Per-class precision, recall and F1",grouped horizontal bar,experiments/results/wheat/wheat_resnet18_grouped_v3_sqrt_weights/test_per_class_metrics.csv,Ready from classification-report data,"class_name, precision, recall, support",Reveals which grain classes remain difficult even when overall Accuracy or Macro-F1 is high.,test_per_class_metrics_per_class_metrics.png
2,"Per-class precision, recall and F1",grouped horizontal bar,experiments/results/wheat/wheat_resnet18_grouped_v3_sqrt_weights/validation_per_class_metrics.csv,Ready from classification-report data,"class_name, precision, recall, support",Reveals which grain classes remain difficult even when overall Accuracy or Macro-F1 is high.,validation_per_class_metrics_per_class_metrics.png
2,"Per-class precision, recall and F1",grouped horizontal bar,results/Rice/Centralized/EfficientNetB0/seed42/test_per_class_metrics.csv,Ready from classification-report data,"class_name, precision, recall, support",Reveals which grain classes remain difficult even when overall Accuracy or Macro-F1 is high.,test_per_class_metrics_per_class_metrics.png
2,"Per-class precision, recall and F1",grouped horizontal bar,results/Rice/Centralized/EfficientNetB0/seed42/validation_per_class_metrics.csv,Ready from classification-report data,"class_name, precision, recall, support",Reveals which grain classes remain difficult even when overall Accuracy or Macro-F1 is high.,validation_per_class_metrics_per_class_metrics.png
2,"Per-class precision, recall and F1",grouped horizontal bar,results/Rice/Centralized/MobileNetV2/seed42/test_per_class_metrics.csv,Ready from classification-report data,"class_name, precision, recall, support",Reveals which grain classes remain difficult even when overall Accuracy or Macro-F1 is high.,test_per_class_metrics_per_class_metrics.png
2,"Per-class precision, recall and F1",grouped horizontal bar,results/Rice/Centralized/MobileNetV2/seed42/validation_per_class_metrics.csv,Ready from classification-report data,"class_name, precision, recall, support",Reveals which grain classes remain difficult even when overall Accuracy or Macro-F1 is high.,validation_per_class_metrics_per_class_metrics.png
2,"Per-class precision, recall and F1",grouped horizontal bar,results/Rice/Centralized/ResNet18/seed42/test_per_class_metrics.csv,Ready from classification-report data,"class_name, precision, recall, support",Reveals which grain classes remain difficult even when overall Accuracy or Macro-F1 is high.,test_per_class_metrics_per_class_metrics.png
2,"Per-class precision, recall and F1",grouped horizontal bar,results/Rice/Centralized/ResNet18/seed42/validation_per_class_metrics.csv,Ready from classification-report data,"class_name, precision, recall, support",Reveals which grain classes remain difficult even when overall Accuracy or Macro-F1 is high.,validation_per_class_metrics_per_class_metrics.png
2,"Per-class precision, recall and F1",grouped horizontal bar,results/Rice/DDP/ResNet18/Final/evaluation/test_per_class_metrics.csv,Ready from classification-report data,"class_name, precision, recall, support",Reveals which grain classes remain difficult even when overall Accuracy or Macro-F1 is high.,test_per_class_metrics_per_class_metrics.png
2,"Per-class precision, recall and F1",grouped horizontal bar,results/Rice/DDP/ResNet18/Final/evaluation/validation_per_class_metrics.csv,Ready from classification-report data,"class_name, precision, recall, support",Reveals which grain classes remain difficult even when overall Accuracy or Macro-F1 is high.,validation_per_class_metrics_per_class_metrics.png
2,"Per-class precision, recall and F1",grouped horizontal bar,results/Rice/Federated/FedAvg/IID/MobileNetV2/evaluation/test_per_class_metrics.csv,Ready from classification-report data,"class_name, precision, recall, support",Reveals which grain classes remain difficult even when overall Accuracy or Macro-F1 is high.,test_per_class_metrics_per_class_metrics.png
2,"Per-class precision, recall and F1",grouped horizontal bar,results/Rice/Federated/FedAvg/IID/MobileNetV2/evaluation/validation_per_class_metrics.csv,Ready from classification-report data,"class_name, precision, recall, support",Reveals which grain classes remain difficult even when overall Accuracy or Macro-F1 is high.,validation_per_class_metrics_per_class_metrics.png
2,"Per-class precision, recall and F1",grouped horizontal bar,results/Rice/Federated/FedAvg/IID/ResNet18/evaluation/test_per_class_metrics.csv,Ready from classification-report data,"class_name, precision, recall, support",Reveals which grain classes remain difficult even when overall Accuracy or Macro-F1 is high.,test_per_class_metrics_per_class_metrics.png
2,"Per-class precision, recall and F1",grouped horizontal bar,results/Rice/Federated/FedAvg/IID/ResNet18/evaluation/validation_per_class_metrics.csv,Ready from classification-report data,"class_name, precision, recall, support",Reveals which grain classes remain difficult even when overall Accuracy or Macro-F1 is high.,validation_per_class_metrics_per_class_metrics.png
2,"Per-class precision, recall and F1",grouped horizontal bar,results/Rice/Federated/FedAvg/NonIID_alpha0p1/MobileNetV2/evaluation/test_per_class_metrics.csv,Ready from classification-report data,"class_name, precision, recall, support",Reveals which grain classes remain difficult even when overall Accuracy or Macro-F1 is high.,test_per_class_metrics_per_class_metrics.png
2,"Per-class precision, recall and F1",grouped horizontal bar,results/Rice/Federated/FedAvg/NonIID_alpha0p1/MobileNetV2/evaluation/validation_per_class_metrics.csv,Ready from classification-report data,"class_name, precision, recall, support",Reveals which grain classes remain difficult even when overall Accuracy or Macro-F1 is high.,validation_per_class_metrics_per_class_metrics.png
2,"Per-class precision, recall and F1",grouped horizontal bar,results/Rice/Federated/FedAvg/NonIID_alpha0p5/MobileNetV2/evaluation/test_per_class_metrics.csv,Ready from classification-report data,"class_name, precision, recall, support",Reveals which grain classes remain difficult even when overall Accuracy or Macro-F1 is high.,test_per_class_metrics_per_class_metrics.png
2,"Per-class precision, recall and F1",grouped horizontal bar,results/Rice/Federated/FedAvg/NonIID_alpha0p5/MobileNetV2/evaluation/validation_per_class_metrics.csv,Ready from classification-report data,"class_name, precision, recall, support",Reveals which grain classes remain difficult even when overall Accuracy or Macro-F1 is high.,validation_per_class_metrics_per_class_metrics.png
2,"Per-class precision, recall and F1",grouped horizontal bar,results/Rice/Federated/FedAvg/NonIID_alpha0p5/ResNet18/evaluation/test_per_class_metrics.csv,Ready from classification-report data,"class_name, precision, recall, support",Reveals which grain classes remain difficult even when overall Accuracy or Macro-F1 is high.,test_per_class_metrics_per_class_metrics.png
2,"Per-class precision, recall and F1",grouped horizontal bar,results/Rice/Federated/FedAvg/NonIID_alpha0p5/ResNet18/evaluation/validation_per_class_metrics.csv,Ready from classification-report data,"class_name, precision, recall, support",Reveals which grain classes remain difficult even when overall Accuracy or Macro-F1 is high.,validation_per_class_metrics_per_class_metrics.png
2,"Per-class precision, recall and F1",grouped horizontal bar,results/Wheat/Centralized/ResNet18/GroupedV2_FullInverseWeights/test_07_per_class_metrics.csv,Ready from classification-report data,"class_name, precision, recall, support",Reveals which grain classes remain difficult even when overall Accuracy or Macro-F1 is high.,test_07_per_class_metrics_per_class_metrics.png
2,"Per-class precision, recall and F1",grouped horizontal bar,results/Wheat/Centralized/ResNet18/GroupedV2_FullInverseWeights/test_per_class_metrics.csv,Ready from classification-report data,"class_name, precision, recall, support",Reveals which grain classes remain difficult even when overall Accuracy or Macro-F1 is high.,test_per_class_metrics_per_class_metrics.png
2,"Per-class precision, recall and F1",grouped horizontal bar,results/Wheat/Centralized/ResNet18/GroupedV2_FullInverseWeights/validation_per_class_metrics.csv,Ready from classification-report data,"class_name, precision, recall, support",Reveals which grain classes remain difficult even when overall Accuracy or Macro-F1 is high.,validation_per_class_metrics_per_class_metrics.png
2,"Per-class precision, recall and F1",grouped horizontal bar,results/Wheat/Centralized/ResNet18/GroupedV3_SqrtWeights/test_07_per_class_metrics.csv,Ready from classification-report data,"class_name, precision, recall, support",Reveals which grain classes remain difficult even when overall Accuracy or Macro-F1 is high.,test_07_per_class_metrics_per_class_metrics.png
2,"Per-class precision, recall and F1",grouped horizontal bar,results/Wheat/Centralized/ResNet18/GroupedV3_SqrtWeights/test_per_class_metrics.csv,Ready from classification-report data,"class_name, precision, recall, support",Reveals which grain classes remain difficult even when overall Accuracy or Macro-F1 is high.,test_per_class_metrics_per_class_metrics.png
2,"Per-class precision, recall and F1",grouped horizontal bar,results/Wheat/Centralized/ResNet18/GroupedV3_SqrtWeights/validation_per_class_metrics.csv,Ready from classification-report data,"class_name, precision, recall, support",Reveals which grain classes remain difficult even when overall Accuracy or Macro-F1 is high.,validation_per_class_metrics_per_class_metrics.png
2,Performance stability across random seeds,point/bar with mean and standard deviation,experiments/results/rice/rice_ddp_resnet18/evaluation/evaluation_metrics.json,Ready if at least two seeds exist,"checkpoint_metadata.arguments.seed, checkpoint_metadata.validation_metrics.accuracy, checkpoint_metadata.validation_metrics.balanced_accuracy, checkpoint_metadata.validation_metrics.macro_f1, results.test.accuracy, results.test.balanced_accuracy, results.test.evaluation_seconds, results.test.macro_f1, results.test.per_class.precision, results.test.per_class.recall, results.test.per_class.support, results.validation.accuracy, results.validation.balanced_accuracy, results.validation.evaluation_seconds, results.validation.macro_f1, results.validation.per_class.precision, results.validation.per_class.recall, results.validation.per_class.support",Demonstrates reproducibility and prevents one favorable run from being treated as the full result.,evaluation_metrics_seed_stability.png
2,Performance stability across random seeds,point/bar with mean and standard deviation,experiments/results/rice/rice_efficientnetb0_grouped_v1/metrics.json,Ready if at least two seeds exist,"classification_report.0_NOR.precision, classification_report.0_NOR.recall, classification_report.0_NOR.support, classification_report.1_F&S.precision, classification_report.1_F&S.recall, classification_report.1_F&S.support, classification_report.2_SD.precision, classification_report.2_SD.recall, classification_report.2_SD.support, classification_report.3_MY.precision, classification_report.3_MY.recall, classification_report.3_MY.support, classification_report.4_AP.precision, classification_report.4_AP.recall, classification_report.4_AP.support, classification_report.5_BN.precision, classification_report.5_BN.recall, classification_report.5_BN.support, classification_report.6_UN.precision, classification_report.6_UN.recall, classification_report.6_UN.support, classification_report.7_IM.precision, classification_report.7_IM.recall, classification_report.7_IM.support, classification_report.accuracy, classification_report.macro avg.precision, classification_report.macro avg.recall, classification_report.macro avg.support, classification_report.weighted avg.precision, classification_report.weighted avg.recall, classification_report.weighted avg.support, seed, test.accuracy, test.balanced_accuracy, test.loss, test.macro_f1, training.best_validation_macro_f1, training.total_seconds",Demonstrates reproducibility and prevents one favorable run from being treated as the full result.,metrics_seed_stability.png
2,Performance stability across random seeds,point/bar with mean and standard deviation,experiments/results/rice/rice_fedavg_iid_resnet18/evaluation/evaluation_metrics.json,Ready if at least two seeds exist,"checkpoint_metadata.arguments.seed, checkpoint_metadata.validation_metrics.accuracy, checkpoint_metadata.validation_metrics.balanced_accuracy, checkpoint_metadata.validation_metrics.macro_f1, results.test.accuracy, results.test.balanced_accuracy, results.test.evaluation_seconds, results.test.macro_f1, results.test.per_class.precision, results.test.per_class.recall, results.test.per_class.support, results.validation.accuracy, results.validation.balanced_accuracy, results.validation.evaluation_seconds, results.validation.macro_f1, results.validation.per_class.precision, results.validation.per_class.recall, results.validation.per_class.support",Demonstrates reproducibility and prevents one favorable run from being treated as the full result.,evaluation_metrics_seed_stability.png
2,Performance stability across random seeds,point/bar with mean and standard deviation,experiments/results/rice/rice_fedavg_noniid_resnet18/evaluation/evaluation_metrics.json,Ready if at least two seeds exist,"checkpoint_metadata.arguments.seed, checkpoint_metadata.validation_metrics.accuracy, checkpoint_metadata.validation_metrics.balanced_accuracy, checkpoint_metadata.validation_metrics.macro_f1, results.test.accuracy, results.test.balanced_accuracy, results.test.evaluation_seconds, results.test.macro_f1, results.test.per_class.precision, results.test.per_class.recall, results.test.per_class.support, results.validation.accuracy, results.validation.balanced_accuracy, results.validation.evaluation_seconds, results.validation.macro_f1, results.validation.per_class.precision, results.validation.per_class.recall, results.validation.per_class.support",Demonstrates reproducibility and prevents one favorable run from being treated as the full result.,evaluation_metrics_seed_stability.png
2,Performance stability across random seeds,point/bar with mean and standard deviation,experiments/results/rice/rice_mobilenetv2_grouped_v1/metrics.json,Ready if at least two seeds exist,"classification_report.0_NOR.precision, classification_report.0_NOR.recall, classification_report.0_NOR.support, classification_report.1_F&S.precision, classification_report.1_F&S.recall, classification_report.1_F&S.support, classification_report.2_SD.precision, classification_report.2_SD.recall, classification_report.2_SD.support, classification_report.3_MY.precision, classification_report.3_MY.recall, classification_report.3_MY.support, classification_report.4_AP.precision, classification_report.4_AP.recall, classification_report.4_AP.support, classification_report.5_BN.precision, classification_report.5_BN.recall, classification_report.5_BN.support, classification_report.6_UN.precision, classification_report.6_UN.recall, classification_report.6_UN.support, classification_report.7_IM.precision, classification_report.7_IM.recall, classification_report.7_IM.support, classification_report.accuracy, classification_report.macro avg.precision, classification_report.macro avg.recall, classification_report.macro avg.support, classification_report.weighted avg.precision, classification_report.weighted avg.recall, classification_report.weighted avg.support, seed, test.accuracy, test.balanced_accuracy, test.loss, test.macro_f1, training.best_validation_macro_f1, training.total_seconds",Demonstrates reproducibility and prevents one favorable run from being treated as the full result.,metrics_seed_stability.png
2,Performance stability across random seeds,point/bar with mean and standard deviation,experiments/results/rice/rice_resnet18_grouped_v1/metrics.json,Ready if at least two seeds exist,"classification_report.0_NOR.precision, classification_report.0_NOR.recall, classification_report.0_NOR.support, classification_report.1_F&S.precision, classification_report.1_F&S.recall, classification_report.1_F&S.support, classification_report.2_SD.precision, classification_report.2_SD.recall, classification_report.2_SD.support, classification_report.3_MY.precision, classification_report.3_MY.recall, classification_report.3_MY.support, classification_report.4_AP.precision, classification_report.4_AP.recall, classification_report.4_AP.support, classification_report.5_BN.precision, classification_report.5_BN.recall, classification_report.5_BN.support, classification_report.6_UN.precision, classification_report.6_UN.recall, classification_report.6_UN.support, classification_report.7_IM.precision, classification_report.7_IM.recall, classification_report.7_IM.support, classification_report.accuracy, classification_report.macro avg.precision, classification_report.macro avg.recall, classification_report.macro avg.support, classification_report.weighted avg.precision, classification_report.weighted avg.recall, classification_report.weighted avg.support, seed, test.accuracy, test.balanced_accuracy, test.loss, test.macro_f1, training.best_validation_macro_f1, training.total_seconds",Demonstrates reproducibility and prevents one favorable run from being treated as the full result.,metrics_seed_stability.png
2,Performance stability across random seeds,point/bar with mean and standard deviation,experiments/results/rice/rice_resnet18_grouped_v1/metrics_final.json,Ready if at least two seeds exist,"classification_report.0_NOR.precision, classification_report.0_NOR.recall, classification_report.0_NOR.support, classification_report.1_F&S.precision, classification_report.1_F&S.recall, classification_report.1_F&S.support, classification_report.2_SD.precision, classification_report.2_SD.recall, classification_report.2_SD.support, classification_report.3_MY.precision, classification_report.3_MY.recall, classification_report.3_MY.support, classification_report.4_AP.precision, classification_report.4_AP.recall, classification_report.4_AP.support, classification_report.5_BN.precision, classification_report.5_BN.recall, classification_report.5_BN.support, classification_report.6_UN.precision, classification_report.6_UN.recall, classification_report.6_UN.support, classification_report.7_IM.precision, classification_report.7_IM.recall, classification_report.7_IM.support, classification_report.accuracy, classification_report.macro avg.precision, classification_report.macro avg.recall, classification_report.macro avg.support, classification_report.weighted avg.precision, classification_report.weighted avg.recall, classification_report.weighted avg.support, seed, test.accuracy, test.balanced_accuracy, test.loss, test.macro_f1, training.best_validation_macro_f1, training.total_seconds",Demonstrates reproducibility and prevents one favorable run from being treated as the full result.,metrics_final_seed_stability.png
2,Performance stability across random seeds,point/bar with mean and standard deviation,experiments/results/wheat/wheat_resnet18_grouped_v2/metrics.json,Ready if at least two seeds exist,"results.test.accuracy, results.test.balanced_accuracy, results.test.classification_report.Black Germ.precision, results.test.classification_report.Black Germ.recall, results.test.classification_report.Black Germ.support, results.test.classification_report.Broken.precision, results.test.classification_report.Broken.recall, results.test.classification_report.Broken.support, results.test.classification_report.Fusarium.precision, results.test.classification_report.Fusarium.recall, results.test.classification_report.Fusarium.support, results.test.classification_report.Insect.precision, results.test.classification_report.Insect.recall, results.test.classification_report.Insect.support, results.test.classification_report.Moldy.precision, results.test.classification_report.Moldy.recall, results.test.classification_report.Moldy.support, results.test.classification_report.Sound.precision, results.test.classification_report.Sound.recall, results.test.classification_report.Sound.support, results.test.classification_report.Spotted.precision, results.test.classification_report.Spotted.recall, results.test.classification_report.Spotted.support, results.test.classification_report.Sprouted.precision, results.test.classification_report.Sprouted.recall, results.test.classification_report.Sprouted.support, results.test.classification_report.accuracy, results.test.classification_report.macro avg.precision, results.test.classification_report.macro avg.recall, results.test.classification_report.macro avg.support, results.test.classification_report.weighted avg.precision, results.test.classification_report.weighted avg.recall, results.test.classification_report.weighted avg.support, results.test.loss, results.test.macro_f1, results.test_07.accuracy, results.test_07.balanced_accuracy, results.test_07.classification_report.Black Germ.precision, results.test_07.classification_report.Black Germ.recall, results.test_07.classification_report.Black Germ.support, results.test_07.classification_report.Broken.precision, results.test_07.classification_report.Broken.recall, results.test_07.classification_report.Broken.support, results.test_07.classification_report.Fusarium.precision, results.test_07.classification_report.Fusarium.recall, results.test_07.classification_report.Fusarium.support, results.test_07.classification_report.Insect.precision, results.test_07.classification_report.Insect.recall, results.test_07.classification_report.Insect.support, results.test_07.classification_report.Moldy.precision, results.test_07.classification_report.Moldy.recall, results.test_07.classification_report.Moldy.support, results.test_07.classification_report.Sound.precision, results.test_07.classification_report.Sound.recall, results.test_07.classification_report.Sound.support, results.test_07.classification_report.Spotted.precision, results.test_07.classification_report.Spotted.recall, results.test_07.classification_report.Spotted.support, results.test_07.classification_report.Sprouted.precision, results.test_07.classification_report.Sprouted.recall, results.test_07.classification_report.Sprouted.support, results.test_07.classification_report.accuracy, results.test_07.classification_report.macro avg.precision, results.test_07.classification_report.macro avg.recall, results.test_07.classification_report.macro avg.support, results.test_07.classification_report.weighted avg.precision, results.test_07.classification_report.weighted avg.recall, results.test_07.classification_report.weighted avg.support, results.test_07.loss, results.test_07.macro_f1, results.validation.accuracy, results.validation.balanced_accuracy, results.validation.classification_report.Black Germ.precision, results.validation.classification_report.Black Germ.recall, results.validation.classification_report.Black Germ.support, results.validation.classification_report.Broken.precision, results.validation.classification_report.Broken.recall, results.validation.classification_report.Broken.support, results.validation.classification_report.Fusarium.precision, results.validation.classification_report.Fusarium.recall, results.validation.classification_report.Fusarium.support, results.validation.classification_report.Insect.precision, results.validation.classification_report.Insect.recall, results.validation.classification_report.Insect.support, results.validation.classification_report.Moldy.precision, results.validation.classification_report.Moldy.recall, results.validation.classification_report.Moldy.support, results.validation.classification_report.Sound.precision, results.validation.classification_report.Sound.recall, results.validation.classification_report.Sound.support, results.validation.classification_report.Spotted.precision, results.validation.classification_report.Spotted.recall, results.validation.classification_report.Spotted.support, results.validation.classification_report.Sprouted.precision, results.validation.classification_report.Sprouted.recall, results.validation.classification_report.Sprouted.support, results.validation.classification_report.accuracy, results.validation.classification_report.macro avg.precision, results.validation.classification_report.macro avg.recall, results.validation.classification_report.macro avg.support, results.validation.classification_report.weighted avg.precision, results.validation.classification_report.weighted avg.recall, results.validation.classification_report.weighted avg.support, results.validation.loss, results.validation.macro_f1, seed, training.best_validation_macro_f1, training.total_seconds",Demonstrates reproducibility and prevents one favorable run from being treated as the full result.,metrics_seed_stability.png
2,Performance stability across random seeds,point/bar with mean and standard deviation,experiments/results/wheat/wheat_resnet18_grouped_v3_sqrt_weights/metrics.json,Ready if at least two seeds exist,"results.test.accuracy, results.test.balanced_accuracy, results.test.classification_report.Black Germ.precision, results.test.classification_report.Black Germ.recall, results.test.classification_report.Black Germ.support, results.test.classification_report.Broken.precision, results.test.classification_report.Broken.recall, results.test.classification_report.Broken.support, results.test.classification_report.Fusarium.precision, results.test.classification_report.Fusarium.recall, results.test.classification_report.Fusarium.support, results.test.classification_report.Insect.precision, results.test.classification_report.Insect.recall, results.test.classification_report.Insect.support, results.test.classification_report.Moldy.precision, results.test.classification_report.Moldy.recall, results.test.classification_report.Moldy.support, results.test.classification_report.Sound.precision, results.test.classification_report.Sound.recall, results.test.classification_report.Sound.support, results.test.classification_report.Spotted.precision, results.test.classification_report.Spotted.recall, results.test.classification_report.Spotted.support, results.test.classification_report.Sprouted.precision, results.test.classification_report.Sprouted.recall, results.test.classification_report.Sprouted.support, results.test.classification_report.accuracy, results.test.classification_report.macro avg.precision, results.test.classification_report.macro avg.recall, results.test.classification_report.macro avg.support, results.test.classification_report.weighted avg.precision, results.test.classification_report.weighted avg.recall, results.test.classification_report.weighted avg.support, results.test.loss, results.test.macro_f1, results.test_07.accuracy, results.test_07.balanced_accuracy, results.test_07.classification_report.Black Germ.precision, results.test_07.classification_report.Black Germ.recall, results.test_07.classification_report.Black Germ.support, results.test_07.classification_report.Broken.precision, results.test_07.classification_report.Broken.recall, results.test_07.classification_report.Broken.support, results.test_07.classification_report.Fusarium.precision, results.test_07.classification_report.Fusarium.recall, results.test_07.classification_report.Fusarium.support, results.test_07.classification_report.Insect.precision, results.test_07.classification_report.Insect.recall, results.test_07.classification_report.Insect.support, results.test_07.classification_report.Moldy.precision, results.test_07.classification_report.Moldy.recall, results.test_07.classification_report.Moldy.support, results.test_07.classification_report.Sound.precision, results.test_07.classification_report.Sound.recall, results.test_07.classification_report.Sound.support, results.test_07.classification_report.Spotted.precision, results.test_07.classification_report.Spotted.recall, results.test_07.classification_report.Spotted.support, results.test_07.classification_report.Sprouted.precision, results.test_07.classification_report.Sprouted.recall, results.test_07.classification_report.Sprouted.support, results.test_07.classification_report.accuracy, results.test_07.classification_report.macro avg.precision, results.test_07.classification_report.macro avg.recall, results.test_07.classification_report.macro avg.support, results.test_07.classification_report.weighted avg.precision, results.test_07.classification_report.weighted avg.recall, results.test_07.classification_report.weighted avg.support, results.test_07.loss, results.test_07.macro_f1, results.validation.accuracy, results.validation.balanced_accuracy, results.validation.classification_report.Black Germ.precision, results.validation.classification_report.Black Germ.recall, results.validation.classification_report.Black Germ.support, results.validation.classification_report.Broken.precision, results.validation.classification_report.Broken.recall, results.validation.classification_report.Broken.support, results.validation.classification_report.Fusarium.precision, results.validation.classification_report.Fusarium.recall, results.validation.classification_report.Fusarium.support, results.validation.classification_report.Insect.precision, results.validation.classification_report.Insect.recall, results.validation.classification_report.Insect.support, results.validation.classification_report.Moldy.precision, results.validation.classification_report.Moldy.recall, results.validation.classification_report.Moldy.support, results.validation.classification_report.Sound.precision, results.validation.classification_report.Sound.recall, results.validation.classification_report.Sound.support, results.validation.classification_report.Spotted.precision, results.validation.classification_report.Spotted.recall, results.validation.classification_report.Spotted.support, results.validation.classification_report.Sprouted.precision, results.validation.classification_report.Sprouted.recall, results.validation.classification_report.Sprouted.support, results.validation.classification_report.accuracy, results.validation.classification_report.macro avg.precision, results.validation.classification_report.macro avg.recall, results.validation.classification_report.macro avg.support, results.validation.classification_report.weighted avg.precision, results.validation.classification_report.weighted avg.recall, results.validation.classification_report.weighted avg.support, results.validation.loss, results.validation.macro_f1, seed, training.best_validation_macro_f1, training.total_seconds",Demonstrates reproducibility and prevents one favorable run from being treated as the full result.,metrics_seed_stability.png
2,Performance stability across random seeds,point/bar with mean and standard deviation,results/Rice/Centralized/EfficientNetB0/seed42/metrics.json,Ready if at least two seeds exist,"classification_report.0_NOR.precision, classification_report.0_NOR.recall, classification_report.0_NOR.support, classification_report.1_F&S.precision, classification_report.1_F&S.recall, classification_report.1_F&S.support, classification_report.2_SD.precision, classification_report.2_SD.recall, classification_report.2_SD.support, classification_report.3_MY.precision, classification_report.3_MY.recall, classification_report.3_MY.support, classification_report.4_AP.precision, classification_report.4_AP.recall, classification_report.4_AP.support, classification_report.5_BN.precision, classification_report.5_BN.recall, classification_report.5_BN.support, classification_report.6_UN.precision, classification_report.6_UN.recall, classification_report.6_UN.support, classification_report.7_IM.precision, classification_report.7_IM.recall, classification_report.7_IM.support, classification_report.accuracy, classification_report.macro avg.precision, classification_report.macro avg.recall, classification_report.macro avg.support, classification_report.weighted avg.precision, classification_report.weighted avg.recall, classification_report.weighted avg.support, seed, test.accuracy, test.balanced_accuracy, test.loss, test.macro_f1, training.best_validation_macro_f1, training.total_seconds",Demonstrates reproducibility and prevents one favorable run from being treated as the full result.,metrics_seed_stability.png
2,Performance stability across random seeds,point/bar with mean and standard deviation,results/Rice/Centralized/MobileNetV2/seed42/metrics.json,Ready if at least two seeds exist,"classification_report.0_NOR.precision, classification_report.0_NOR.recall, classification_report.0_NOR.support, classification_report.1_F&S.precision, classification_report.1_F&S.recall, classification_report.1_F&S.support, classification_report.2_SD.precision, classification_report.2_SD.recall, classification_report.2_SD.support, classification_report.3_MY.precision, classification_report.3_MY.recall, classification_report.3_MY.support, classification_report.4_AP.precision, classification_report.4_AP.recall, classification_report.4_AP.support, classification_report.5_BN.precision, classification_report.5_BN.recall, classification_report.5_BN.support, classification_report.6_UN.precision, classification_report.6_UN.recall, classification_report.6_UN.support, classification_report.7_IM.precision, classification_report.7_IM.recall, classification_report.7_IM.support, classification_report.accuracy, classification_report.macro avg.precision, classification_report.macro avg.recall, classification_report.macro avg.support, classification_report.weighted avg.precision, classification_report.weighted avg.recall, classification_report.weighted avg.support, seed, test.accuracy, test.balanced_accuracy, test.loss, test.macro_f1, training.best_validation_macro_f1, training.total_seconds",Demonstrates reproducibility and prevents one favorable run from being treated as the full result.,metrics_seed_stability.png
2,Performance stability across random seeds,point/bar with mean and standard deviation,results/Rice/Centralized/ResNet18/seed123/metrics.json,Ready if at least two seeds exist,"classification_report.0_NOR.precision, classification_report.0_NOR.recall, classification_report.0_NOR.support, classification_report.1_F&S.precision, classification_report.1_F&S.recall, classification_report.1_F&S.support, classification_report.2_SD.precision, classification_report.2_SD.recall, classification_report.2_SD.support, classification_report.3_MY.precision, classification_report.3_MY.recall, classification_report.3_MY.support, classification_report.4_AP.precision, classification_report.4_AP.recall, classification_report.4_AP.support, classification_report.5_BN.precision, classification_report.5_BN.recall, classification_report.5_BN.support, classification_report.6_UN.precision, classification_report.6_UN.recall, classification_report.6_UN.support, classification_report.7_IM.precision, classification_report.7_IM.recall, classification_report.7_IM.support, classification_report.accuracy, classification_report.macro avg.precision, classification_report.macro avg.recall, classification_report.macro avg.support, classification_report.weighted avg.precision, classification_report.weighted avg.recall, classification_report.weighted avg.support, seed, test.accuracy, test.balanced_accuracy, test.loss, test.macro_f1, training.best_validation_macro_f1, training.total_seconds",Demonstrates reproducibility and prevents one favorable run from being treated as the full result.,metrics_seed_stability.png
2,Performance stability across random seeds,point/bar with mean and standard deviation,results/Rice/Centralized/ResNet18/seed2026/metrics.json,Ready if at least two seeds exist,"classification_report.0_NOR.precision, classification_report.0_NOR.recall, classification_report.0_NOR.support, classification_report.1_F&S.precision, classification_report.1_F&S.recall, classification_report.1_F&S.support, classification_report.2_SD.precision, classification_report.2_SD.recall, classification_report.2_SD.support, classification_report.3_MY.precision, classification_report.3_MY.recall, classification_report.3_MY.support, classification_report.4_AP.precision, classification_report.4_AP.recall, classification_report.4_AP.support, classification_report.5_BN.precision, classification_report.5_BN.recall, classification_report.5_BN.support, classification_report.6_UN.precision, classification_report.6_UN.recall, classification_report.6_UN.support, classification_report.7_IM.precision, classification_report.7_IM.recall, classification_report.7_IM.support, classification_report.accuracy, classification_report.macro avg.precision, classification_report.macro avg.recall, classification_report.macro avg.support, classification_report.weighted avg.precision, classification_report.weighted avg.recall, classification_report.weighted avg.support, seed, test.accuracy, test.balanced_accuracy, test.loss, test.macro_f1, training.best_validation_macro_f1, training.total_seconds",Demonstrates reproducibility and prevents one favorable run from being treated as the full result.,metrics_seed_stability.png
2,Performance stability across random seeds,point/bar with mean and standard deviation,results/Rice/Centralized/ResNet18/seed42/metrics.json,Ready if at least two seeds exist,"classification_report.0_NOR.precision, classification_report.0_NOR.recall, classification_report.0_NOR.support, classification_report.1_F&S.precision, classification_report.1_F&S.recall, classification_report.1_F&S.support, classification_report.2_SD.precision, classification_report.2_SD.recall, classification_report.2_SD.support, classification_report.3_MY.precision, classification_report.3_MY.recall, classification_report.3_MY.support, classification_report.4_AP.precision, classification_report.4_AP.recall, classification_report.4_AP.support, classification_report.5_BN.precision, classification_report.5_BN.recall, classification_report.5_BN.support, classification_report.6_UN.precision, classification_report.6_UN.recall, classification_report.6_UN.support, classification_report.7_IM.precision, classification_report.7_IM.recall, classification_report.7_IM.support, classification_report.accuracy, classification_report.macro avg.precision, classification_report.macro avg.recall, classification_report.macro avg.support, classification_report.weighted avg.precision, classification_report.weighted avg.recall, classification_report.weighted avg.support, seed, test.accuracy, test.balanced_accuracy, test.loss, test.macro_f1, training.best_validation_macro_f1, training.total_seconds",Demonstrates reproducibility and prevents one favorable run from being treated as the full result.,metrics_seed_stability.png
2,Performance stability across random seeds,point/bar with mean and standard deviation,results/Rice/DDP/ResNet18/Final/evaluation/evaluation_metrics.json,Ready if at least two seeds exist,"checkpoint_metadata.arguments.seed, checkpoint_metadata.validation_metrics.accuracy, checkpoint_metadata.validation_metrics.balanced_accuracy, checkpoint_metadata.validation_metrics.macro_f1, results.test.accuracy, results.test.balanced_accuracy, results.test.evaluation_seconds, results.test.macro_f1, results.test.per_class.precision, results.test.per_class.recall, results.test.per_class.support, results.validation.accuracy, results.validation.balanced_accuracy, results.validation.evaluation_seconds, results.validation.macro_f1, results.validation.per_class.precision, results.validation.per_class.recall, results.validation.per_class.support",Demonstrates reproducibility and prevents one favorable run from being treated as the full result.,evaluation_metrics_seed_stability.png
2,Performance stability across random seeds,point/bar with mean and standard deviation,results/Rice/Federated/FedAvg/IID/ResNet18/evaluation/evaluation_metrics.json,Ready if at least two seeds exist,"checkpoint_metadata.arguments.seed, checkpoint_metadata.validation_metrics.accuracy, checkpoint_metadata.validation_metrics.balanced_accuracy, checkpoint_metadata.validation_metrics.macro_f1, results.test.accuracy, results.test.balanced_accuracy, results.test.evaluation_seconds, results.test.macro_f1, results.test.per_class.precision, results.test.per_class.recall, results.test.per_class.support, results.validation.accuracy, results.validation.balanced_accuracy, results.validation.evaluation_seconds, results.validation.macro_f1, results.validation.per_class.precision, results.validation.per_class.recall, results.validation.per_class.support",Demonstrates reproducibility and prevents one favorable run from being treated as the full result.,evaluation_metrics_seed_stability.png
2,Performance stability across random seeds,point/bar with mean and standard deviation,results/Rice/Federated/FedAvg/NonIID_alpha0p5/ResNet18/evaluation/evaluation_metrics.json,Ready if at least two seeds exist,"checkpoint_metadata.arguments.seed, checkpoint_metadata.validation_metrics.accuracy, checkpoint_metadata.validation_metrics.balanced_accuracy, checkpoint_metadata.validation_metrics.macro_f1, results.test.accuracy, results.test.balanced_accuracy, results.test.evaluation_seconds, results.test.macro_f1, results.test.per_class.precision, results.test.per_class.recall, results.test.per_class.support, results.validation.accuracy, results.validation.balanced_accuracy, results.validation.evaluation_seconds, results.validation.macro_f1, results.validation.per_class.precision, results.validation.per_class.recall, results.validation.per_class.support",Demonstrates reproducibility and prevents one favorable run from being treated as the full result.,evaluation_metrics_seed_stability.png
2,Performance stability across random seeds,point/bar with mean and standard deviation,results/Rice/SupportingEvidence/ResNet18Proof/metrics.json,Ready if at least two seeds exist,"classification_report.0_NOR.precision, classification_report.0_NOR.recall, classification_report.0_NOR.support, classification_report.1_F&S.precision, classification_report.1_F&S.recall, classification_report.1_F&S.support, classification_report.2_SD.precision, classification_report.2_SD.recall, classification_report.2_SD.support, classification_report.3_MY.precision, classification_report.3_MY.recall, classification_report.3_MY.support, classification_report.4_AP.precision, classification_report.4_AP.recall, classification_report.4_AP.support, classification_report.5_BN.precision, classification_report.5_BN.recall, classification_report.5_BN.support, classification_report.6_UN.precision, classification_report.6_UN.recall, classification_report.6_UN.support, classification_report.7_IM.precision, classification_report.7_IM.recall, classification_report.7_IM.support, classification_report.accuracy, classification_report.macro avg.precision, classification_report.macro avg.recall, classification_report.macro avg.support, classification_report.weighted avg.precision, classification_report.weighted avg.recall, classification_report.weighted avg.support, seed, test.accuracy, test.balanced_accuracy, test.loss, test.macro_f1, training.best_validation_macro_f1, training.total_seconds",Demonstrates reproducibility and prevents one favorable run from being treated as the full result.,metrics_seed_stability.png
2,Performance stability across random seeds,point/bar with mean and standard deviation,results/Rice/SupportingEvidence/ResNet18Proof/metrics_seed123.json,Ready if at least two seeds exist,"classification_report.0_NOR.precision, classification_report.0_NOR.recall, classification_report.0_NOR.support, classification_report.1_F&S.precision, classification_report.1_F&S.recall, classification_report.1_F&S.support, classification_report.2_SD.precision, classification_report.2_SD.recall, classification_report.2_SD.support, classification_report.3_MY.precision, classification_report.3_MY.recall, classification_report.3_MY.support, classification_report.4_AP.precision, classification_report.4_AP.recall, classification_report.4_AP.support, classification_report.5_BN.precision, classification_report.5_BN.recall, classification_report.5_BN.support, classification_report.6_UN.precision, classification_report.6_UN.recall, classification_report.6_UN.support, classification_report.7_IM.precision, classification_report.7_IM.recall, classification_report.7_IM.support, classification_report.accuracy, classification_report.macro avg.precision, classification_report.macro avg.recall, classification_report.macro avg.support, classification_report.weighted avg.precision, classification_report.weighted avg.recall, classification_report.weighted avg.support, seed, test.accuracy, test.balanced_accuracy, test.loss, test.macro_f1, training.best_validation_macro_f1, training.total_seconds",Demonstrates reproducibility and prevents one favorable run from being treated as the full result.,metrics_seed123_seed_stability.png
2,Performance stability across random seeds,point/bar with mean and standard deviation,results/Rice/SupportingEvidence/ResNet18Proof/metrics_seed2026.json,Ready if at least two seeds exist,"classification_report.0_NOR.precision, classification_report.0_NOR.recall, classification_report.0_NOR.support, classification_report.1_F&S.precision, classification_report.1_F&S.recall, classification_report.1_F&S.support, classification_report.2_SD.precision, classification_report.2_SD.recall, classification_report.2_SD.support, classification_report.3_MY.precision, classification_report.3_MY.recall, classification_report.3_MY.support, classification_report.4_AP.precision, classification_report.4_AP.recall, classification_report.4_AP.support, classification_report.5_BN.precision, classification_report.5_BN.recall, classification_report.5_BN.support, classification_report.6_UN.precision, classification_report.6_UN.recall, classification_report.6_UN.support, classification_report.7_IM.precision, classification_report.7_IM.recall, classification_report.7_IM.support, classification_report.accuracy, classification_report.macro avg.precision, classification_report.macro avg.recall, classification_report.macro avg.support, classification_report.weighted avg.precision, classification_report.weighted avg.recall, classification_report.weighted avg.support, seed, test.accuracy, test.balanced_accuracy, test.loss, test.macro_f1, training.best_validation_macro_f1, training.total_seconds",Demonstrates reproducibility and prevents one favorable run from being treated as the full result.,metrics_seed2026_seed_stability.png
2,Performance stability across random seeds,point/bar with mean and standard deviation,results/Wheat/Centralized/ResNet18/GroupedV2_FullInverseWeights/metrics.json,Ready if at least two seeds exist,"results.test.accuracy, results.test.balanced_accuracy, results.test.classification_report.Black Germ.precision, results.test.classification_report.Black Germ.recall, results.test.classification_report.Black Germ.support, results.test.classification_report.Broken.precision, results.test.classification_report.Broken.recall, results.test.classification_report.Broken.support, results.test.classification_report.Fusarium.precision, results.test.classification_report.Fusarium.recall, results.test.classification_report.Fusarium.support, results.test.classification_report.Insect.precision, results.test.classification_report.Insect.recall, results.test.classification_report.Insect.support, results.test.classification_report.Moldy.precision, results.test.classification_report.Moldy.recall, results.test.classification_report.Moldy.support, results.test.classification_report.Sound.precision, results.test.classification_report.Sound.recall, results.test.classification_report.Sound.support, results.test.classification_report.Spotted.precision, results.test.classification_report.Spotted.recall, results.test.classification_report.Spotted.support, results.test.classification_report.Sprouted.precision, results.test.classification_report.Sprouted.recall, results.test.classification_report.Sprouted.support, results.test.classification_report.accuracy, results.test.classification_report.macro avg.precision, results.test.classification_report.macro avg.recall, results.test.classification_report.macro avg.support, results.test.classification_report.weighted avg.precision, results.test.classification_report.weighted avg.recall, results.test.classification_report.weighted avg.support, results.test.loss, results.test.macro_f1, results.test_07.accuracy, results.test_07.balanced_accuracy, results.test_07.classification_report.Black Germ.precision, results.test_07.classification_report.Black Germ.recall, results.test_07.classification_report.Black Germ.support, results.test_07.classification_report.Broken.precision, results.test_07.classification_report.Broken.recall, results.test_07.classification_report.Broken.support, results.test_07.classification_report.Fusarium.precision, results.test_07.classification_report.Fusarium.recall, results.test_07.classification_report.Fusarium.support, results.test_07.classification_report.Insect.precision, results.test_07.classification_report.Insect.recall, results.test_07.classification_report.Insect.support, results.test_07.classification_report.Moldy.precision, results.test_07.classification_report.Moldy.recall, results.test_07.classification_report.Moldy.support, results.test_07.classification_report.Sound.precision, results.test_07.classification_report.Sound.recall, results.test_07.classification_report.Sound.support, results.test_07.classification_report.Spotted.precision, results.test_07.classification_report.Spotted.recall, results.test_07.classification_report.Spotted.support, results.test_07.classification_report.Sprouted.precision, results.test_07.classification_report.Sprouted.recall, results.test_07.classification_report.Sprouted.support, results.test_07.classification_report.accuracy, results.test_07.classification_report.macro avg.precision, results.test_07.classification_report.macro avg.recall, results.test_07.classification_report.macro avg.support, results.test_07.classification_report.weighted avg.precision, results.test_07.classification_report.weighted avg.recall, results.test_07.classification_report.weighted avg.support, results.test_07.loss, results.test_07.macro_f1, results.validation.accuracy, results.validation.balanced_accuracy, results.validation.classification_report.Black Germ.precision, results.validation.classification_report.Black Germ.recall, results.validation.classification_report.Black Germ.support, results.validation.classification_report.Broken.precision, results.validation.classification_report.Broken.recall, results.validation.classification_report.Broken.support, results.validation.classification_report.Fusarium.precision, results.validation.classification_report.Fusarium.recall, results.validation.classification_report.Fusarium.support, results.validation.classification_report.Insect.precision, results.validation.classification_report.Insect.recall, results.validation.classification_report.Insect.support, results.validation.classification_report.Moldy.precision, results.validation.classification_report.Moldy.recall, results.validation.classification_report.Moldy.support, results.validation.classification_report.Sound.precision, results.validation.classification_report.Sound.recall, results.validation.classification_report.Sound.support, results.validation.classification_report.Spotted.precision, results.validation.classification_report.Spotted.recall, results.validation.classification_report.Spotted.support, results.validation.classification_report.Sprouted.precision, results.validation.classification_report.Sprouted.recall, results.validation.classification_report.Sprouted.support, results.validation.classification_report.accuracy, results.validation.classification_report.macro avg.precision, results.validation.classification_report.macro avg.recall, results.validation.classification_report.macro avg.support, results.validation.classification_report.weighted avg.precision, results.validation.classification_report.weighted avg.recall, results.validation.classification_report.weighted avg.support, results.validation.loss, results.validation.macro_f1, seed, training.best_validation_macro_f1, training.total_seconds",Demonstrates reproducibility and prevents one favorable run from being treated as the full result.,metrics_seed_stability.png
2,Performance stability across random seeds,point/bar with mean and standard deviation,results/Wheat/Centralized/ResNet18/GroupedV3_SqrtWeights/metrics.json,Ready if at least two seeds exist,"results.test.accuracy, results.test.balanced_accuracy, results.test.classification_report.Black Germ.precision, results.test.classification_report.Black Germ.recall, results.test.classification_report.Black Germ.support, results.test.classification_report.Broken.precision, results.test.classification_report.Broken.recall, results.test.classification_report.Broken.support, results.test.classification_report.Fusarium.precision, results.test.classification_report.Fusarium.recall, results.test.classification_report.Fusarium.support, results.test.classification_report.Insect.precision, results.test.classification_report.Insect.recall, results.test.classification_report.Insect.support, results.test.classification_report.Moldy.precision, results.test.classification_report.Moldy.recall, results.test.classification_report.Moldy.support, results.test.classification_report.Sound.precision, results.test.classification_report.Sound.recall, results.test.classification_report.Sound.support, results.test.classification_report.Spotted.precision, results.test.classification_report.Spotted.recall, results.test.classification_report.Spotted.support, results.test.classification_report.Sprouted.precision, results.test.classification_report.Sprouted.recall, results.test.classification_report.Sprouted.support, results.test.classification_report.accuracy, results.test.classification_report.macro avg.precision, results.test.classification_report.macro avg.recall, results.test.classification_report.macro avg.support, results.test.classification_report.weighted avg.precision, results.test.classification_report.weighted avg.recall, results.test.classification_report.weighted avg.support, results.test.loss, results.test.macro_f1, results.test_07.accuracy, results.test_07.balanced_accuracy, results.test_07.classification_report.Black Germ.precision, results.test_07.classification_report.Black Germ.recall, results.test_07.classification_report.Black Germ.support, results.test_07.classification_report.Broken.precision, results.test_07.classification_report.Broken.recall, results.test_07.classification_report.Broken.support, results.test_07.classification_report.Fusarium.precision, results.test_07.classification_report.Fusarium.recall, results.test_07.classification_report.Fusarium.support, results.test_07.classification_report.Insect.precision, results.test_07.classification_report.Insect.recall, results.test_07.classification_report.Insect.support, results.test_07.classification_report.Moldy.precision, results.test_07.classification_report.Moldy.recall, results.test_07.classification_report.Moldy.support, results.test_07.classification_report.Sound.precision, results.test_07.classification_report.Sound.recall, results.test_07.classification_report.Sound.support, results.test_07.classification_report.Spotted.precision, results.test_07.classification_report.Spotted.recall, results.test_07.classification_report.Spotted.support, results.test_07.classification_report.Sprouted.precision, results.test_07.classification_report.Sprouted.recall, results.test_07.classification_report.Sprouted.support, results.test_07.classification_report.accuracy, results.test_07.classification_report.macro avg.precision, results.test_07.classification_report.macro avg.recall, results.test_07.classification_report.macro avg.support, results.test_07.classification_report.weighted avg.precision, results.test_07.classification_report.weighted avg.recall, results.test_07.classification_report.weighted avg.support, results.test_07.loss, results.test_07.macro_f1, results.validation.accuracy, results.validation.balanced_accuracy, results.validation.classification_report.Black Germ.precision, results.validation.classification_report.Black Germ.recall, results.validation.classification_report.Black Germ.support, results.validation.classification_report.Broken.precision, results.validation.classification_report.Broken.recall, results.validation.classification_report.Broken.support, results.validation.classification_report.Fusarium.precision, results.validation.classification_report.Fusarium.recall, results.validation.classification_report.Fusarium.support, results.validation.classification_report.Insect.precision, results.validation.classification_report.Insect.recall, results.validation.classification_report.Insect.support, results.validation.classification_report.Moldy.precision, results.validation.classification_report.Moldy.recall, results.validation.classification_report.Moldy.support, results.validation.classification_report.Sound.precision, results.validation.classification_report.Sound.recall, results.validation.classification_report.Sound.support, results.validation.classification_report.Spotted.precision, results.validation.classification_report.Spotted.recall, results.validation.classification_report.Spotted.support, results.validation.classification_report.Sprouted.precision, results.validation.classification_report.Sprouted.recall, results.validation.classification_report.Sprouted.support, results.validation.classification_report.accuracy, results.validation.classification_report.macro avg.precision, results.validation.classification_report.macro avg.recall, results.validation.classification_report.macro avg.support, results.validation.classification_report.weighted avg.precision, results.validation.classification_report.weighted avg.recall, results.validation.classification_report.weighted avg.support, results.validation.loss, results.validation.macro_f1, seed, training.best_validation_macro_f1, training.total_seconds",Demonstrates reproducibility and prevents one favorable run from being treated as the full result.,metrics_seed_stability.png
2,Performance stability across random seeds,point/bar with mean and standard deviation,streamlit-ui/streamlit-ui/data/experiment_results.csv,Ready if at least two seeds exist,"accuracy, architecture, macro_f1, method, seed",Demonstrates reproducibility and prevents one favorable run from being treated as the full result.,experiment_results_seed_stability.png
