relative_path,file_type,rows_sampled,columns_count,columns,numeric_columns,categorical_columns,detected_concepts,read_status,error
configs/classes.json,.json,0,8,"Black Germ, Broken, Fusarium, Insect, Moldy, Sound, Spotted, Sprouted",,"Black Germ, Broken, Fusarium, Insect, Moldy, Sound, Spotted, Sprouted",,keys-only,JSON was inspected as nested key paths.
experiments/results/provenance/checkpoint_inventory.csv,.csv,50,5,"checkpoint, size_bytes, size_mib, modified, sha256","size_bytes, size_mib","checkpoint, modified, sha256",metric: size_bytes,read,
experiments/results/provenance/rice_grouped_split/split_summary.json,.json,0,43,"seed, splits, splits.test, splits.test.class_counts, splits.test.class_counts.0_NOR, splits.test.class_counts.1_F&S, splits.test.class_counts.2_SD, splits.test.class_counts.3_MY, splits.test.class_counts.4_AP, splits.test.class_counts.5_BN, splits.test.class_counts.6_UN, splits.test.class_counts.7_IM, splits.test.groups, splits.test.images, splits.test.percentage, splits.train, splits.train.class_counts, splits.train.class_counts.0_NOR, splits.train.class_counts.1_F&S, splits.train.class_counts.2_SD, splits.train.class_counts.3_MY, splits.train.class_counts.4_AP, splits.train.class_counts.5_BN, splits.train.class_counts.6_UN, splits.train.class_counts.7_IM, splits.train.groups, splits.train.images, splits.train.percentage, splits.validation, splits.validation.class_counts, splits.validation.class_counts.0_NOR, splits.validation.class_counts.1_F&S, splits.validation.class_counts.2_SD, splits.validation.class_counts.3_MY, splits.validation.class_counts.4_AP, splits.validation.class_counts.5_BN, splits.validation.class_counts.6_UN, splits.validation.class_counts.7_IM, splits.validation.groups, splits.validation.images, splits.validation.percentage, total_groups, total_images",,"seed, splits, splits.test, splits.test.class_counts, splits.test.class_counts.0_NOR, splits.test.class_counts.1_F&S, splits.test.class_counts.2_SD, splits.test.class_counts.3_MY, splits.test.class_counts.4_AP, splits.test.class_counts.5_BN, splits.test.class_counts.6_UN, splits.test.class_counts.7_IM, splits.test.groups, splits.test.images, splits.test.percentage, splits.train, splits.train.class_counts, splits.train.class_counts.0_NOR, splits.train.class_counts.1_F&S, splits.train.class_counts.2_SD, splits.train.class_counts.3_MY, splits.train.class_counts.4_AP, splits.train.class_counts.5_BN, splits.train.class_counts.6_UN, splits.train.class_counts.7_IM, splits.train.groups, splits.train.images, splits.train.percentage, splits.validation, splits.validation.class_counts, splits.validation.class_counts.0_NOR, splits.validation.class_counts.1_F&S, splits.validation.class_counts.2_SD, splits.validation.class_counts.3_MY, splits.validation.class_counts.4_AP, splits.validation.class_counts.5_BN, splits.validation.class_counts.6_UN, splits.validation.class_counts.7_IM, splits.validation.groups, splits.validation.images, splits.validation.percentage, total_groups, total_images","count: splits.test.images, splits.train.images, splits.validation.images, total_images; seed: seed",keys-only,JSON was inspected as nested key paths.
experiments/results/provenance/wheat_grouped_split_v2/class_allocation.csv,.csv,8,7,"label, total_images, total_groups, validation_images, validation_groups, validation_image_fraction, validation_group_fraction","total_images, total_groups, validation_images, validation_groups, validation_image_fraction, validation_group_fraction",label,"class_or_category: label; count: total_images, validation_images",read,
experiments/results/provenance/wheat_grouped_split_v2/metadata.json,.json,0,19,"actual_validation_group_fraction, actual_validation_image_fraction, capture_groups, capture_groups.test, capture_groups.test_07, capture_groups.train, capture_groups.validation, classes, search_trials_per_class, seed, split_sizes, split_sizes.test, split_sizes.test_07, split_sizes.train, split_sizes.validation, target_validation_group_fraction, target_validation_image_fraction, train_validation_group_overlap, version",,"actual_validation_group_fraction, actual_validation_image_fraction, capture_groups, capture_groups.test, capture_groups.test_07, capture_groups.train, capture_groups.validation, classes, search_trials_per_class, seed, split_sizes, split_sizes.test, split_sizes.test_07, split_sizes.train, split_sizes.validation, target_validation_group_fraction, target_validation_image_fraction, train_validation_group_overlap, version","class_or_category: search_trials_per_class; seed: seed; split: split_sizes, split_sizes.test, split_sizes.test_07, split_sizes.train, split_sizes.validation; true_label: actual_validation_group_fraction, actual_validation_image_fraction, target_validation_group_fraction, target_validation_image_fraction",keys-only,JSON was inspected as nested key paths.
experiments/results/rice/rice_dataset_validation/cross_split_exact_duplicates.json,.json,0,0,,,,,keys-only,JSON was inspected as nested key paths.
experiments/results/rice/rice_dataset_validation/exact_duplicate_summary.json,.json,0,6,"cross_split_duplicate_groups, cross_split_duplicate_images, duplicate_hash_groups, same_split_duplicate_groups, total_images, unique_hashes",,"cross_split_duplicate_groups, cross_split_duplicate_images, duplicate_hash_groups, same_split_duplicate_groups, total_images, unique_hashes","count: cross_split_duplicate_images, total_images",keys-only,JSON was inspected as nested key paths.
experiments/results/rice/rice_dataset_validation/perceptual_duplicate_candidates.json,.json,0,1,value,value,,,read,
experiments/results/rice/rice_dataset_validation/perceptual_duplicate_summary.json,.json,0,5,"cross_split_near_duplicate_candidates, hamming_threshold, hash_bits, nearest_neighbors_checked, total_images",,"cross_split_near_duplicate_candidates, hamming_threshold, hash_bits, nearest_neighbors_checked, total_images",count: total_images,keys-only,JSON was inspected as nested key paths.
experiments/results/rice/rice_ddp_resnet18/evaluation/evaluation_metrics.json,.json,0,52,"checkpoint, checkpoint_metadata, checkpoint_metadata.arguments, checkpoint_metadata.arguments.batch_size_per_gpu, checkpoint_metadata.arguments.dataset_root, checkpoint_metadata.arguments.epochs, checkpoint_metadata.arguments.initial_checkpoint, checkpoint_metadata.arguments.label_smoothing, checkpoint_metadata.arguments.learning_rate, checkpoint_metadata.arguments.num_workers, checkpoint_metadata.arguments.output_dir, checkpoint_metadata.arguments.seed, checkpoint_metadata.arguments.train_manifest, checkpoint_metadata.arguments.validation_manifest, checkpoint_metadata.arguments.weight_decay, checkpoint_metadata.class_names, checkpoint_metadata.epoch, checkpoint_metadata.validation_metrics, checkpoint_metadata.validation_metrics.accuracy, checkpoint_metadata.validation_metrics.balanced_accuracy, checkpoint_metadata.validation_metrics.macro_f1, checkpoint_metadata.validation_metrics.weighted_f1, checkpoint_metadata.world_size, class_names, experiment, results, results.test, results.test.accuracy, results.test.balanced_accuracy, results.test.evaluation_seconds, results.test.macro_f1, results.test.num_images, results.test.per_class, results.test.per_class.class_name, results.test.per_class.f1_score, results.test.per_class.precision, results.test.per_class.recall, results.test.per_class.support, results.test.weighted_f1, results.validation, results.validation.accuracy, results.validation.balanced_accuracy, results.validation.evaluation_seconds, results.validation.macro_f1, results.validation.num_images, results.validation.per_class, results.validation.per_class.class_name, results.validation.per_class.f1_score, results.validation.per_class.precision, results.validation.per_class.recall, results.validation.per_class.support, results.validation.weighted_f1",,"checkpoint, checkpoint_metadata, checkpoint_metadata.arguments, checkpoint_metadata.arguments.batch_size_per_gpu, checkpoint_metadata.arguments.dataset_root, checkpoint_metadata.arguments.epochs, checkpoint_metadata.arguments.initial_checkpoint, checkpoint_metadata.arguments.label_smoothing, checkpoint_metadata.arguments.learning_rate, checkpoint_metadata.arguments.num_workers, checkpoint_metadata.arguments.output_dir, checkpoint_metadata.arguments.seed, checkpoint_metadata.arguments.train_manifest, checkpoint_metadata.arguments.validation_manifest, checkpoint_metadata.arguments.weight_decay, checkpoint_metadata.class_names, checkpoint_metadata.epoch, checkpoint_metadata.validation_metrics, checkpoint_metadata.validation_metrics.accuracy, checkpoint_metadata.validation_metrics.balanced_accuracy, checkpoint_metadata.validation_metrics.macro_f1, checkpoint_metadata.validation_metrics.weighted_f1, checkpoint_metadata.world_size, class_names, experiment, results, results.test, results.test.accuracy, results.test.balanced_accuracy, results.test.evaluation_seconds, results.test.macro_f1, results.test.num_images, results.test.per_class, results.test.per_class.class_name, results.test.per_class.f1_score, results.test.per_class.precision, results.test.per_class.recall, results.test.per_class.support, results.test.weighted_f1, results.validation, results.validation.accuracy, results.validation.balanced_accuracy, results.validation.evaluation_seconds, results.validation.macro_f1, results.validation.num_images, results.validation.per_class, results.validation.per_class.class_name, results.validation.per_class.f1_score, results.validation.per_class.precision, results.validation.per_class.recall, results.validation.per_class.support, results.validation.weighted_f1","class_or_category: class_names, results.test.per_class, results.validation.per_class; count: results.test.num_images, results.test.per_class.support, results.validation.num_images, results.validation.per_class.support; metric: checkpoint_metadata.validation_metrics.accuracy, checkpoint_metadata.validation_metrics.balanced_accuracy, checkpoint_metadata.validation_metrics.macro_f1, results.test.accuracy, results.test.balanced_accuracy, results.test.evaluation_seconds, results.test.macro_f1, results.test.per_class.precision, results.test.per_class.recall, results.test.per_class.support, results.validation.accuracy, results.validation.balanced_accuracy, results.validation.evaluation_seconds, results.validation.macro_f1, results.validation.per_class.precision, results.validation.per_class.recall, results.validation.per_class.support; round_or_epoch: checkpoint_metadata.epoch; runtime: results.test.evaluation_seconds, results.validation.evaluation_seconds; seed: checkpoint_metadata.arguments.seed",keys-only,JSON was inspected as nested key paths.
experiments/results/rice/rice_ddp_resnet18/evaluation/evaluation_summary.csv,.csv,2,8,"experiment, split, num_images, accuracy, balanced_accuracy, macro_f1, weighted_f1, evaluation_seconds","num_images, accuracy, balanced_accuracy, macro_f1, weighted_f1, evaluation_seconds","experiment, split","count: num_images; metric: accuracy, balanced_accuracy, evaluation_seconds, macro_f1; runtime: evaluation_seconds; split: split",read,
experiments/results/rice/rice_ddp_resnet18/evaluation/test_confusion_matrix.csv,.csv,8,9,"Unnamed: 0, 0_NOR, 1_F&S, 2_SD, 3_MY, 4_AP, 5_BN, 6_UN, 7_IM","0_NOR, 1_F&S, 2_SD, 3_MY, 4_AP, 5_BN, 6_UN, 7_IM",Unnamed: 0,,read,
experiments/results/rice/rice_ddp_resnet18/evaluation/test_per_class_metrics.csv,.csv,8,5,"class_name, precision, recall, f1_score, support","precision, recall, f1_score, support",class_name,"class_or_category: class_name; count: support; metric: precision, recall, support",read,
experiments/results/rice/rice_ddp_resnet18/evaluation/test_predictions.csv,.csv,2500,19,"image_path, mask_path, class_name, capture_group, original_split, split, true_class_id, true_class_name, predicted_class_id, predicted_class_name, correct, probability_0_NOR, probability_1_F&S, probability_2_SD, probability_3_MY, probability_4_AP, probability_5_BN, probability_6_UN, probability_7_IM","true_class_id, predicted_class_id, probability_0_NOR, probability_1_F&S, probability_2_SD, probability_3_MY, probability_4_AP, probability_5_BN, probability_6_UN, probability_7_IM","image_path, mask_path, class_name, capture_group, original_split, split, true_class_name, predicted_class_name, correct","class_or_category: class_name; predicted_label: predicted_class_id, predicted_class_name; split: original_split, split",read,
experiments/results/rice/rice_ddp_resnet18/evaluation/validation_confusion_matrix.csv,.csv,8,9,"Unnamed: 0, 0_NOR, 1_F&S, 2_SD, 3_MY, 4_AP, 5_BN, 6_UN, 7_IM","0_NOR, 1_F&S, 2_SD, 3_MY, 4_AP, 5_BN, 6_UN, 7_IM",Unnamed: 0,,read,
experiments/results/rice/rice_ddp_resnet18/evaluation/validation_per_class_metrics.csv,.csv,8,5,"class_name, precision, recall, f1_score, support","precision, recall, f1_score, support",class_name,"class_or_category: class_name; count: support; metric: precision, recall, support",read,
experiments/results/rice/rice_ddp_resnet18/evaluation/validation_predictions.csv,.csv,2500,19,"image_path, mask_path, class_name, capture_group, original_split, split, true_class_id, true_class_name, predicted_class_id, predicted_class_name, correct, probability_0_NOR, probability_1_F&S, probability_2_SD, probability_3_MY, probability_4_AP, probability_5_BN, probability_6_UN, probability_7_IM","true_class_id, predicted_class_id, probability_0_NOR, probability_1_F&S, probability_2_SD, probability_3_MY, probability_4_AP, probability_5_BN, probability_6_UN, probability_7_IM","image_path, mask_path, class_name, capture_group, original_split, split, true_class_name, predicted_class_name, correct","class_or_category: class_name; predicted_label: predicted_class_id, predicted_class_name; split: original_split, split",read,
experiments/results/rice/rice_ddp_resnet18/metrics.json,.json,8,8,"epoch, train_loss, learning_rate, epoch_seconds, validation.accuracy, validation.balanced_accuracy, validation.macro_f1, validation.weighted_f1","epoch, train_loss, learning_rate, epoch_seconds, validation.accuracy, validation.balanced_accuracy, validation.macro_f1, validation.weighted_f1",,"metric: epoch_seconds, train_loss, validation.accuracy, validation.balanced_accuracy, validation.macro_f1; round_or_epoch: epoch, epoch_seconds; runtime: epoch_seconds",read,
experiments/results/rice/rice_ddp_resnet18/training_summary.json,.json,0,9,"best_epoch, best_validation_macro_f1, effective_global_batch_size, epochs, experiment, total_training_seconds, train_images, validation_images, world_size",,"best_epoch, best_validation_macro_f1, effective_global_batch_size, epochs, experiment, total_training_seconds, train_images, validation_images, world_size","count: train_images, validation_images; metric: best_validation_macro_f1, total_training_seconds; round_or_epoch: best_epoch; runtime: total_training_seconds",keys-only,JSON was inspected as nested key paths.
experiments/results/rice/rice_efficientnetb0_grouped_v1/history.json,.json,10,8,"epoch, stage, train_loss, validation_loss, validation_accuracy, validation_balanced_accuracy, validation_macro_f1, epoch_seconds","epoch, train_loss, validation_loss, validation_accuracy, validation_balanced_accuracy, validation_macro_f1, epoch_seconds",stage,"metric: epoch_seconds, train_loss, validation_accuracy, validation_balanced_accuracy, validation_loss, validation_macro_f1; round_or_epoch: epoch, epoch_seconds; runtime: epoch_seconds",read,
experiments/results/rice/rice_efficientnetb0_grouped_v1/metrics.json,.json,0,72,"classes, classification_report, classification_report.0_NOR, classification_report.0_NOR.f1-score, classification_report.0_NOR.precision, classification_report.0_NOR.recall, classification_report.0_NOR.support, classification_report.1_F&S, classification_report.1_F&S.f1-score, classification_report.1_F&S.precision, classification_report.1_F&S.recall, classification_report.1_F&S.support, classification_report.2_SD, classification_report.2_SD.f1-score, classification_report.2_SD.precision, classification_report.2_SD.recall, classification_report.2_SD.support, classification_report.3_MY, classification_report.3_MY.f1-score, classification_report.3_MY.precision, classification_report.3_MY.recall, classification_report.3_MY.support, classification_report.4_AP, classification_report.4_AP.f1-score, classification_report.4_AP.precision, classification_report.4_AP.recall, classification_report.4_AP.support, classification_report.5_BN, classification_report.5_BN.f1-score, classification_report.5_BN.precision, classification_report.5_BN.recall, classification_report.5_BN.support, classification_report.6_UN, classification_report.6_UN.f1-score, classification_report.6_UN.precision, classification_report.6_UN.recall, classification_report.6_UN.support, classification_report.7_IM, classification_report.7_IM.f1-score, classification_report.7_IM.precision, classification_report.7_IM.recall, classification_report.7_IM.support, classification_report.accuracy, classification_report.macro avg, classification_report.macro avg.f1-score, classification_report.macro avg.precision, classification_report.macro avg.recall, classification_report.macro avg.support, classification_report.weighted avg, classification_report.weighted avg.f1-score, classification_report.weighted avg.precision, classification_report.weighted avg.recall, classification_report.weighted avg.support, dataset_root, experiment, seed, split_sizes, split_sizes.test, split_sizes.train, split_sizes.validation, test, test.accuracy, test.balanced_accuracy, test.loss, test.macro_f1, test.weighted_f1, training, training.best_epoch, training.best_validation_macro_f1, training.finetune_epochs, training.total_seconds, training.warmup_epochs",,"classes, classification_report, classification_report.0_NOR, classification_report.0_NOR.f1-score, classification_report.0_NOR.precision, classification_report.0_NOR.recall, classification_report.0_NOR.support, classification_report.1_F&S, classification_report.1_F&S.f1-score, classification_report.1_F&S.precision, classification_report.1_F&S.recall, classification_report.1_F&S.support, classification_report.2_SD, classification_report.2_SD.f1-score, classification_report.2_SD.precision, classification_report.2_SD.recall, classification_report.2_SD.support, classification_report.3_MY, classification_report.3_MY.f1-score, classification_report.3_MY.precision, classification_report.3_MY.recall, classification_report.3_MY.support, classification_report.4_AP, classification_report.4_AP.f1-score, classification_report.4_AP.precision, classification_report.4_AP.recall, classification_report.4_AP.support, classification_report.5_BN, classification_report.5_BN.f1-score, classification_report.5_BN.precision, classification_report.5_BN.recall, classification_report.5_BN.support, classification_report.6_UN, classification_report.6_UN.f1-score, classification_report.6_UN.precision, classification_report.6_UN.recall, classification_report.6_UN.support, classification_report.7_IM, classification_report.7_IM.f1-score, classification_report.7_IM.precision, classification_report.7_IM.recall, classification_report.7_IM.support, classification_report.accuracy, classification_report.macro avg, classification_report.macro avg.f1-score, classification_report.macro avg.precision, classification_report.macro avg.recall, classification_report.macro avg.support, classification_report.weighted avg, classification_report.weighted avg.f1-score, classification_report.weighted avg.precision, classification_report.weighted avg.recall, classification_report.weighted avg.support, dataset_root, experiment, seed, split_sizes, split_sizes.test, split_sizes.train, split_sizes.validation, test, test.accuracy, test.balanced_accuracy, test.loss, test.macro_f1, test.weighted_f1, training, training.best_epoch, training.best_validation_macro_f1, training.finetune_epochs, training.total_seconds, training.warmup_epochs","count: classification_report.0_NOR.support, classification_report.1_F&S.support, classification_report.2_SD.support, classification_report.3_MY.support, classification_report.4_AP.support, classification_report.5_BN.support, classification_report.6_UN.support, classification_report.7_IM.support, classification_report.macro avg.support, classification_report.weighted avg.support; dataset: dataset_root; metric: classification_report.0_NOR.precision, classification_report.0_NOR.recall, classification_report.0_NOR.support, classification_report.1_F&S.precision, classification_report.1_F&S.recall, classification_report.1_F&S.support, classification_report.2_SD.precision, classification_report.2_SD.recall, classification_report.2_SD.support, classification_report.3_MY.precision, classification_report.3_MY.recall, classification_report.3_MY.support, classification_report.4_AP.precision, classification_report.4_AP.recall, classification_report.4_AP.support, classification_report.5_BN.precision, classification_report.5_BN.recall, classification_report.5_BN.support, classification_report.6_UN.precision, classification_report.6_UN.recall, classification_report.6_UN.support, classification_report.7_IM.precision, classification_report.7_IM.recall, classification_report.7_IM.support, classification_report.accuracy, classification_report.macro avg.precision, classification_report.macro avg.recall, classification_report.macro avg.support, classification_report.weighted avg.precision, classification_report.weighted avg.recall, classification_report.weighted avg.support, test.accuracy, test.balanced_accuracy, test.loss, test.macro_f1, training.best_validation_macro_f1, training.total_seconds; round_or_epoch: training.best_epoch; runtime: training.total_seconds; seed: seed; split: split_sizes, split_sizes.test, split_sizes.train, split_sizes.validation",keys-only,JSON was inspected as nested key paths.
experiments/results/rice/rice_efficientnetb0_grouped_v1/test_confusion_matrix.csv,.csv,8,9,"Unnamed: 0, 0_NOR, 1_F&S, 2_SD, 3_MY, 4_AP, 5_BN, 6_UN, 7_IM","0_NOR, 1_F&S, 2_SD, 3_MY, 4_AP, 5_BN, 6_UN, 7_IM",Unnamed: 0,,read,
experiments/results/rice/rice_efficientnetb0_grouped_v1/test_evaluation.json,.json,0,59,"classification_report, classification_report.0_NOR, classification_report.0_NOR.f1-score, classification_report.0_NOR.precision, classification_report.0_NOR.recall, classification_report.0_NOR.support, classification_report.1_F&S, classification_report.1_F&S.f1-score, classification_report.1_F&S.precision, classification_report.1_F&S.recall, classification_report.1_F&S.support, classification_report.2_SD, classification_report.2_SD.f1-score, classification_report.2_SD.precision, classification_report.2_SD.recall, classification_report.2_SD.support, classification_report.3_MY, classification_report.3_MY.f1-score, classification_report.3_MY.precision, classification_report.3_MY.recall, classification_report.3_MY.support, classification_report.4_AP, classification_report.4_AP.f1-score, classification_report.4_AP.precision, classification_report.4_AP.recall, classification_report.4_AP.support, classification_report.5_BN, classification_report.5_BN.f1-score, classification_report.5_BN.precision, classification_report.5_BN.recall, classification_report.5_BN.support, classification_report.6_UN, classification_report.6_UN.f1-score, classification_report.6_UN.precision, classification_report.6_UN.recall, classification_report.6_UN.support, classification_report.7_IM, classification_report.7_IM.f1-score, classification_report.7_IM.precision, classification_report.7_IM.recall, classification_report.7_IM.support, classification_report.accuracy, classification_report.macro avg, classification_report.macro avg.f1-score, classification_report.macro avg.precision, classification_report.macro avg.recall, classification_report.macro avg.support, classification_report.weighted avg, classification_report.weighted avg.f1-score, classification_report.weighted avg.precision, classification_report.weighted avg.recall, classification_report.weighted avg.support, metrics, metrics.accuracy, metrics.balanced_accuracy, metrics.macro_f1, metrics.weighted_f1, model, split",,"classification_report, classification_report.0_NOR, classification_report.0_NOR.f1-score, classification_report.0_NOR.precision, classification_report.0_NOR.recall, classification_report.0_NOR.support, classification_report.1_F&S, classification_report.1_F&S.f1-score, classification_report.1_F&S.precision, classification_report.1_F&S.recall, classification_report.1_F&S.support, classification_report.2_SD, classification_report.2_SD.f1-score, classification_report.2_SD.precision, classification_report.2_SD.recall, classification_report.2_SD.support, classification_report.3_MY, classification_report.3_MY.f1-score, classification_report.3_MY.precision, classification_report.3_MY.recall, classification_report.3_MY.support, classification_report.4_AP, classification_report.4_AP.f1-score, classification_report.4_AP.precision, classification_report.4_AP.recall, classification_report.4_AP.support, classification_report.5_BN, classification_report.5_BN.f1-score, classification_report.5_BN.precision, classification_report.5_BN.recall, classification_report.5_BN.support, classification_report.6_UN, classification_report.6_UN.f1-score, classification_report.6_UN.precision, classification_report.6_UN.recall, classification_report.6_UN.support, classification_report.7_IM, classification_report.7_IM.f1-score, classification_report.7_IM.precision, classification_report.7_IM.recall, classification_report.7_IM.support, classification_report.accuracy, classification_report.macro avg, classification_report.macro avg.f1-score, classification_report.macro avg.precision, classification_report.macro avg.recall, classification_report.macro avg.support, classification_report.weighted avg, classification_report.weighted avg.f1-score, classification_report.weighted avg.precision, classification_report.weighted avg.recall, classification_report.weighted avg.support, metrics, metrics.accuracy, metrics.balanced_accuracy, metrics.macro_f1, metrics.weighted_f1, model, split","count: classification_report.0_NOR.support, classification_report.1_F&S.support, classification_report.2_SD.support, classification_report.3_MY.support, classification_report.4_AP.support, classification_report.5_BN.support, classification_report.6_UN.support, classification_report.7_IM.support, classification_report.macro avg.support, classification_report.weighted avg.support; metric: classification_report.0_NOR.precision, classification_report.0_NOR.recall, classification_report.0_NOR.support, classification_report.1_F&S.precision, classification_report.1_F&S.recall, classification_report.1_F&S.support, classification_report.2_SD.precision, classification_report.2_SD.recall, classification_report.2_SD.support, classification_report.3_MY.precision, classification_report.3_MY.recall, classification_report.3_MY.support, classification_report.4_AP.precision, classification_report.4_AP.recall, classification_report.4_AP.support, classification_report.5_BN.precision, classification_report.5_BN.recall, classification_report.5_BN.support, classification_report.6_UN.precision, classification_report.6_UN.recall, classification_report.6_UN.support, classification_report.7_IM.precision, classification_report.7_IM.recall, classification_report.7_IM.support, classification_report.accuracy, classification_report.macro avg.precision, classification_report.macro avg.recall, classification_report.macro avg.support, classification_report.weighted avg.precision, classification_report.weighted avg.recall, classification_report.weighted avg.support, metrics.accuracy, metrics.balanced_accuracy, metrics.macro_f1; model: model; split: split",keys-only,JSON was inspected as nested key paths.
experiments/results/rice/rice_efficientnetb0_grouped_v1/test_per_class_metrics.csv,.csv,8,5,"class_name, precision, recall, f1_score, support","precision, recall, f1_score, support",class_name,"class_or_category: class_name; count: support; metric: precision, recall, support",read,
experiments/results/rice/rice_efficientnetb0_grouped_v1/test_predictions.csv,.csv,2500,11,"image_path, mask_path, class_name, capture_group, original_split, split, true_id, predicted_id, true_class, predicted_class, correct","true_id, predicted_id","image_path, mask_path, class_name, capture_group, original_split, split, true_class, predicted_class, correct","class_or_category: class_name, predicted_class, true_class; predicted_label: predicted_class, predicted_id; split: original_split, split",read,
experiments/results/rice/rice_efficientnetb0_grouped_v1/validation_confusion_matrix.csv,.csv,8,9,"Unnamed: 0, 0_NOR, 1_F&S, 2_SD, 3_MY, 4_AP, 5_BN, 6_UN, 7_IM","0_NOR, 1_F&S, 2_SD, 3_MY, 4_AP, 5_BN, 6_UN, 7_IM",Unnamed: 0,,read,
experiments/results/rice/rice_efficientnetb0_grouped_v1/validation_evaluation.json,.json,0,59,"classification_report, classification_report.0_NOR, classification_report.0_NOR.f1-score, classification_report.0_NOR.precision, classification_report.0_NOR.recall, classification_report.0_NOR.support, classification_report.1_F&S, classification_report.1_F&S.f1-score, classification_report.1_F&S.precision, classification_report.1_F&S.recall, classification_report.1_F&S.support, classification_report.2_SD, classification_report.2_SD.f1-score, classification_report.2_SD.precision, classification_report.2_SD.recall, classification_report.2_SD.support, classification_report.3_MY, classification_report.3_MY.f1-score, classification_report.3_MY.precision, classification_report.3_MY.recall, classification_report.3_MY.support, classification_report.4_AP, classification_report.4_AP.f1-score, classification_report.4_AP.precision, classification_report.4_AP.recall, classification_report.4_AP.support, classification_report.5_BN, classification_report.5_BN.f1-score, classification_report.5_BN.precision, classification_report.5_BN.recall, classification_report.5_BN.support, classification_report.6_UN, classification_report.6_UN.f1-score, classification_report.6_UN.precision, classification_report.6_UN.recall, classification_report.6_UN.support, classification_report.7_IM, classification_report.7_IM.f1-score, classification_report.7_IM.precision, classification_report.7_IM.recall, classification_report.7_IM.support, classification_report.accuracy, classification_report.macro avg, classification_report.macro avg.f1-score, classification_report.macro avg.precision, classification_report.macro avg.recall, classification_report.macro avg.support, classification_report.weighted avg, classification_report.weighted avg.f1-score, classification_report.weighted avg.precision, classification_report.weighted avg.recall, classification_report.weighted avg.support, metrics, metrics.accuracy, metrics.balanced_accuracy, metrics.macro_f1, metrics.weighted_f1, model, split",,"classification_report, classification_report.0_NOR, classification_report.0_NOR.f1-score, classification_report.0_NOR.precision, classification_report.0_NOR.recall, classification_report.0_NOR.support, classification_report.1_F&S, classification_report.1_F&S.f1-score, classification_report.1_F&S.precision, classification_report.1_F&S.recall, classification_report.1_F&S.support, classification_report.2_SD, classification_report.2_SD.f1-score, classification_report.2_SD.precision, classification_report.2_SD.recall, classification_report.2_SD.support, classification_report.3_MY, classification_report.3_MY.f1-score, classification_report.3_MY.precision, classification_report.3_MY.recall, classification_report.3_MY.support, classification_report.4_AP, classification_report.4_AP.f1-score, classification_report.4_AP.precision, classification_report.4_AP.recall, classification_report.4_AP.support, classification_report.5_BN, classification_report.5_BN.f1-score, classification_report.5_BN.precision, classification_report.5_BN.recall, classification_report.5_BN.support, classification_report.6_UN, classification_report.6_UN.f1-score, classification_report.6_UN.precision, classification_report.6_UN.recall, classification_report.6_UN.support, classification_report.7_IM, classification_report.7_IM.f1-score, classification_report.7_IM.precision, classification_report.7_IM.recall, classification_report.7_IM.support, classification_report.accuracy, classification_report.macro avg, classification_report.macro avg.f1-score, classification_report.macro avg.precision, classification_report.macro avg.recall, classification_report.macro avg.support, classification_report.weighted avg, classification_report.weighted avg.f1-score, classification_report.weighted avg.precision, classification_report.weighted avg.recall, classification_report.weighted avg.support, metrics, metrics.accuracy, metrics.balanced_accuracy, metrics.macro_f1, metrics.weighted_f1, model, split","count: classification_report.0_NOR.support, classification_report.1_F&S.support, classification_report.2_SD.support, classification_report.3_MY.support, classification_report.4_AP.support, classification_report.5_BN.support, classification_report.6_UN.support, classification_report.7_IM.support, classification_report.macro avg.support, classification_report.weighted avg.support; metric: classification_report.0_NOR.precision, classification_report.0_NOR.recall, classification_report.0_NOR.support, classification_report.1_F&S.precision, classification_report.1_F&S.recall, classification_report.1_F&S.support, classification_report.2_SD.precision, classification_report.2_SD.recall, classification_report.2_SD.support, classification_report.3_MY.precision, classification_report.3_MY.recall, classification_report.3_MY.support, classification_report.4_AP.precision, classification_report.4_AP.recall, classification_report.4_AP.support, classification_report.5_BN.precision, classification_report.5_BN.recall, classification_report.5_BN.support, classification_report.6_UN.precision, classification_report.6_UN.recall, classification_report.6_UN.support, classification_report.7_IM.precision, classification_report.7_IM.recall, classification_report.7_IM.support, classification_report.accuracy, classification_report.macro avg.precision, classification_report.macro avg.recall, classification_report.macro avg.support, classification_report.weighted avg.precision, classification_report.weighted avg.recall, classification_report.weighted avg.support, metrics.accuracy, metrics.balanced_accuracy, metrics.macro_f1; model: model; split: split",keys-only,JSON was inspected as nested key paths.
experiments/results/rice/rice_efficientnetb0_grouped_v1/validation_per_class_metrics.csv,.csv,8,5,"class_name, precision, recall, f1_score, support","precision, recall, f1_score, support",class_name,"class_or_category: class_name; count: support; metric: precision, recall, support",read,
experiments/results/rice/rice_efficientnetb0_grouped_v1/validation_predictions.csv,.csv,2500,11,"image_path, mask_path, class_name, capture_group, original_split, split, true_id, predicted_id, true_class, predicted_class, correct","true_id, predicted_id","image_path, mask_path, class_name, capture_group, original_split, split, true_class, predicted_class, correct","class_or_category: class_name, predicted_class, true_class; predicted_label: predicted_class, predicted_id; split: original_split, split",read,
experiments/results/rice/rice_fedavg_iid_mobilenetv2/evaluation/evaluation_metrics.json,.json,0,13,"checkpoint, experiment, results, results.test, results.test.accuracy, results.test.balanced_accuracy, results.test.macro_f1, results.test.weighted_f1, results.validation, results.validation.accuracy, results.validation.balanced_accuracy, results.validation.macro_f1, results.validation.weighted_f1",,"checkpoint, experiment, results, results.test, results.test.accuracy, results.test.balanced_accuracy, results.test.macro_f1, results.test.weighted_f1, results.validation, results.validation.accuracy, results.validation.balanced_accuracy, results.validation.macro_f1, results.validation.weighted_f1","metric: results.test.accuracy, results.test.balanced_accuracy, results.test.macro_f1, results.validation.accuracy, results.validation.balanced_accuracy, results.validation.macro_f1",keys-only,JSON was inspected as nested key paths.
experiments/results/rice/rice_fedavg_iid_mobilenetv2/evaluation/evaluation_summary.csv,.csv,2,6,"experiment, split, accuracy, balanced_accuracy, macro_f1, weighted_f1","accuracy, balanced_accuracy, macro_f1, weighted_f1","experiment, split","metric: accuracy, balanced_accuracy, macro_f1; split: split",read,
experiments/results/rice/rice_fedavg_iid_mobilenetv2/evaluation/test_confusion_matrix.csv,.csv,8,9,"Unnamed: 0, 0_NOR, 1_F&S, 2_SD, 3_MY, 4_AP, 5_BN, 6_UN, 7_IM","0_NOR, 1_F&S, 2_SD, 3_MY, 4_AP, 5_BN, 6_UN, 7_IM",Unnamed: 0,,read,
experiments/results/rice/rice_fedavg_iid_mobilenetv2/evaluation/test_evaluation.json,.json,0,59,"classification_report, classification_report.0_NOR, classification_report.0_NOR.f1-score, classification_report.0_NOR.precision, classification_report.0_NOR.recall, classification_report.0_NOR.support, classification_report.1_F&S, classification_report.1_F&S.f1-score, classification_report.1_F&S.precision, classification_report.1_F&S.recall, classification_report.1_F&S.support, classification_report.2_SD, classification_report.2_SD.f1-score, classification_report.2_SD.precision, classification_report.2_SD.recall, classification_report.2_SD.support, classification_report.3_MY, classification_report.3_MY.f1-score, classification_report.3_MY.precision, classification_report.3_MY.recall, classification_report.3_MY.support, classification_report.4_AP, classification_report.4_AP.f1-score, classification_report.4_AP.precision, classification_report.4_AP.recall, classification_report.4_AP.support, classification_report.5_BN, classification_report.5_BN.f1-score, classification_report.5_BN.precision, classification_report.5_BN.recall, classification_report.5_BN.support, classification_report.6_UN, classification_report.6_UN.f1-score, classification_report.6_UN.precision, classification_report.6_UN.recall, classification_report.6_UN.support, classification_report.7_IM, classification_report.7_IM.f1-score, classification_report.7_IM.precision, classification_report.7_IM.recall, classification_report.7_IM.support, classification_report.accuracy, classification_report.macro avg, classification_report.macro avg.f1-score, classification_report.macro avg.precision, classification_report.macro avg.recall, classification_report.macro avg.support, classification_report.weighted avg, classification_report.weighted avg.f1-score, classification_report.weighted avg.precision, classification_report.weighted avg.recall, classification_report.weighted avg.support, experiment, metrics, metrics.accuracy, metrics.balanced_accuracy, metrics.macro_f1, metrics.weighted_f1, split",,"classification_report, classification_report.0_NOR, classification_report.0_NOR.f1-score, classification_report.0_NOR.precision, classification_report.0_NOR.recall, classification_report.0_NOR.support, classification_report.1_F&S, classification_report.1_F&S.f1-score, classification_report.1_F&S.precision, classification_report.1_F&S.recall, classification_report.1_F&S.support, classification_report.2_SD, classification_report.2_SD.f1-score, classification_report.2_SD.precision, classification_report.2_SD.recall, classification_report.2_SD.support, classification_report.3_MY, classification_report.3_MY.f1-score, classification_report.3_MY.precision, classification_report.3_MY.recall, classification_report.3_MY.support, classification_report.4_AP, classification_report.4_AP.f1-score, classification_report.4_AP.precision, classification_report.4_AP.recall, classification_report.4_AP.support, classification_report.5_BN, classification_report.5_BN.f1-score, classification_report.5_BN.precision, classification_report.5_BN.recall, classification_report.5_BN.support, classification_report.6_UN, classification_report.6_UN.f1-score, classification_report.6_UN.precision, classification_report.6_UN.recall, classification_report.6_UN.support, classification_report.7_IM, classification_report.7_IM.f1-score, classification_report.7_IM.precision, classification_report.7_IM.recall, classification_report.7_IM.support, classification_report.accuracy, classification_report.macro avg, classification_report.macro avg.f1-score, classification_report.macro avg.precision, classification_report.macro avg.recall, classification_report.macro avg.support, classification_report.weighted avg, classification_report.weighted avg.f1-score, classification_report.weighted avg.precision, classification_report.weighted avg.recall, classification_report.weighted avg.support, experiment, metrics, metrics.accuracy, metrics.balanced_accuracy, metrics.macro_f1, metrics.weighted_f1, split","count: classification_report.0_NOR.support, classification_report.1_F&S.support, classification_report.2_SD.support, classification_report.3_MY.support, classification_report.4_AP.support, classification_report.5_BN.support, classification_report.6_UN.support, classification_report.7_IM.support, classification_report.macro avg.support, classification_report.weighted avg.support; metric: classification_report.0_NOR.precision, classification_report.0_NOR.recall, classification_report.0_NOR.support, classification_report.1_F&S.precision, classification_report.1_F&S.recall, classification_report.1_F&S.support, classification_report.2_SD.precision, classification_report.2_SD.recall, classification_report.2_SD.support, classification_report.3_MY.precision, classification_report.3_MY.recall, classification_report.3_MY.support, classification_report.4_AP.precision, classification_report.4_AP.recall, classification_report.4_AP.support, classification_report.5_BN.precision, classification_report.5_BN.recall, classification_report.5_BN.support, classification_report.6_UN.precision, classification_report.6_UN.recall, classification_report.6_UN.support, classification_report.7_IM.precision, classification_report.7_IM.recall, classification_report.7_IM.support, classification_report.accuracy, classification_report.macro avg.precision, classification_report.macro avg.recall, classification_report.macro avg.support, classification_report.weighted avg.precision, classification_report.weighted avg.recall, classification_report.weighted avg.support, metrics.accuracy, metrics.balanced_accuracy, metrics.macro_f1; split: split",keys-only,JSON was inspected as nested key paths.
experiments/results/rice/rice_fedavg_iid_mobilenetv2/evaluation/test_per_class_metrics.csv,.csv,8,5,"class_name, precision, recall, f1_score, support","precision, recall, f1_score, support",class_name,"class_or_category: class_name; count: support; metric: precision, recall, support",read,
experiments/results/rice/rice_fedavg_iid_mobilenetv2/evaluation/test_predictions.csv,.csv,2500,11,"image_path, mask_path, class_name, capture_group, original_split, split, true_id, predicted_id, true_class, predicted_class, correct","true_id, predicted_id","image_path, mask_path, class_name, capture_group, original_split, split, true_class, predicted_class, correct","class_or_category: class_name, predicted_class, true_class; predicted_label: predicted_class, predicted_id; split: original_split, split",read,
experiments/results/rice/rice_fedavg_iid_mobilenetv2/evaluation/validation_confusion_matrix.csv,.csv,8,9,"Unnamed: 0, 0_NOR, 1_F&S, 2_SD, 3_MY, 4_AP, 5_BN, 6_UN, 7_IM","0_NOR, 1_F&S, 2_SD, 3_MY, 4_AP, 5_BN, 6_UN, 7_IM",Unnamed: 0,,read,
experiments/results/rice/rice_fedavg_iid_mobilenetv2/evaluation/validation_evaluation.json,.json,0,59,"classification_report, classification_report.0_NOR, classification_report.0_NOR.f1-score, classification_report.0_NOR.precision, classification_report.0_NOR.recall, classification_report.0_NOR.support, classification_report.1_F&S, classification_report.1_F&S.f1-score, classification_report.1_F&S.precision, classification_report.1_F&S.recall, classification_report.1_F&S.support, classification_report.2_SD, classification_report.2_SD.f1-score, classification_report.2_SD.precision, classification_report.2_SD.recall, classification_report.2_SD.support, classification_report.3_MY, classification_report.3_MY.f1-score, classification_report.3_MY.precision, classification_report.3_MY.recall, classification_report.3_MY.support, classification_report.4_AP, classification_report.4_AP.f1-score, classification_report.4_AP.precision, classification_report.4_AP.recall, classification_report.4_AP.support, classification_report.5_BN, classification_report.5_BN.f1-score, classification_report.5_BN.precision, classification_report.5_BN.recall, classification_report.5_BN.support, classification_report.6_UN, classification_report.6_UN.f1-score, classification_report.6_UN.precision, classification_report.6_UN.recall, classification_report.6_UN.support, classification_report.7_IM, classification_report.7_IM.f1-score, classification_report.7_IM.precision, classification_report.7_IM.recall, classification_report.7_IM.support, classification_report.accuracy, classification_report.macro avg, classification_report.macro avg.f1-score, classification_report.macro avg.precision, classification_report.macro avg.recall, classification_report.macro avg.support, classification_report.weighted avg, classification_report.weighted avg.f1-score, classification_report.weighted avg.precision, classification_report.weighted avg.recall, classification_report.weighted avg.support, experiment, metrics, metrics.accuracy, metrics.balanced_accuracy, metrics.macro_f1, metrics.weighted_f1, split",,"classification_report, classification_report.0_NOR, classification_report.0_NOR.f1-score, classification_report.0_NOR.precision, classification_report.0_NOR.recall, classification_report.0_NOR.support, classification_report.1_F&S, classification_report.1_F&S.f1-score, classification_report.1_F&S.precision, classification_report.1_F&S.recall, classification_report.1_F&S.support, classification_report.2_SD, classification_report.2_SD.f1-score, classification_report.2_SD.precision, classification_report.2_SD.recall, classification_report.2_SD.support, classification_report.3_MY, classification_report.3_MY.f1-score, classification_report.3_MY.precision, classification_report.3_MY.recall, classification_report.3_MY.support, classification_report.4_AP, classification_report.4_AP.f1-score, classification_report.4_AP.precision, classification_report.4_AP.recall, classification_report.4_AP.support, classification_report.5_BN, classification_report.5_BN.f1-score, classification_report.5_BN.precision, classification_report.5_BN.recall, classification_report.5_BN.support, classification_report.6_UN, classification_report.6_UN.f1-score, classification_report.6_UN.precision, classification_report.6_UN.recall, classification_report.6_UN.support, classification_report.7_IM, classification_report.7_IM.f1-score, classification_report.7_IM.precision, classification_report.7_IM.recall, classification_report.7_IM.support, classification_report.accuracy, classification_report.macro avg, classification_report.macro avg.f1-score, classification_report.macro avg.precision, classification_report.macro avg.recall, classification_report.macro avg.support, classification_report.weighted avg, classification_report.weighted avg.f1-score, classification_report.weighted avg.precision, classification_report.weighted avg.recall, classification_report.weighted avg.support, experiment, metrics, metrics.accuracy, metrics.balanced_accuracy, metrics.macro_f1, metrics.weighted_f1, split","count: classification_report.0_NOR.support, classification_report.1_F&S.support, classification_report.2_SD.support, classification_report.3_MY.support, classification_report.4_AP.support, classification_report.5_BN.support, classification_report.6_UN.support, classification_report.7_IM.support, classification_report.macro avg.support, classification_report.weighted avg.support; metric: classification_report.0_NOR.precision, classification_report.0_NOR.recall, classification_report.0_NOR.support, classification_report.1_F&S.precision, classification_report.1_F&S.recall, classification_report.1_F&S.support, classification_report.2_SD.precision, classification_report.2_SD.recall, classification_report.2_SD.support, classification_report.3_MY.precision, classification_report.3_MY.recall, classification_report.3_MY.support, classification_report.4_AP.precision, classification_report.4_AP.recall, classification_report.4_AP.support, classification_report.5_BN.precision, classification_report.5_BN.recall, classification_report.5_BN.support, classification_report.6_UN.precision, classification_report.6_UN.recall, classification_report.6_UN.support, classification_report.7_IM.precision, classification_report.7_IM.recall, classification_report.7_IM.support, classification_report.accuracy, classification_report.macro avg.precision, classification_report.macro avg.recall, classification_report.macro avg.support, classification_report.weighted avg.precision, classification_report.weighted avg.recall, classification_report.weighted avg.support, metrics.accuracy, metrics.balanced_accuracy, metrics.macro_f1; split: split",keys-only,JSON was inspected as nested key paths.
experiments/results/rice/rice_fedavg_iid_mobilenetv2/evaluation/validation_per_class_metrics.csv,.csv,8,5,"class_name, precision, recall, f1_score, support","precision, recall, f1_score, support",class_name,"class_or_category: class_name; count: support; metric: precision, recall, support",read,
experiments/results/rice/rice_fedavg_iid_mobilenetv2/evaluation/validation_predictions.csv,.csv,2500,11,"image_path, mask_path, class_name, capture_group, original_split, split, true_id, predicted_id, true_class, predicted_class, correct","true_id, predicted_id","image_path, mask_path, class_name, capture_group, original_split, split, true_class, predicted_class, correct","class_or_category: class_name, predicted_class, true_class; predicted_label: predicted_class, predicted_id; split: original_split, split",read,
experiments/results/rice/rice_fedavg_iid_mobilenetv2/metrics.json,.json,5,7,"round, clients, elapsed_seconds_from_start, validation.accuracy, validation.balanced_accuracy, validation.macro_f1, validation.weighted_f1","round, elapsed_seconds_from_start, validation.accuracy, validation.balanced_accuracy, validation.macro_f1, validation.weighted_f1",clients,"metric: validation.accuracy, validation.balanced_accuracy, validation.macro_f1; round_or_epoch: round; runtime: elapsed_seconds_from_start",read,
experiments/results/rice/rice_fedavg_iid_resnet18/evaluation/evaluation_metrics.json,.json,0,53,"checkpoint, checkpoint_metadata, checkpoint_metadata.arguments, checkpoint_metadata.arguments.batch_size, checkpoint_metadata.arguments.client_dir, checkpoint_metadata.arguments.dataset_root, checkpoint_metadata.arguments.experiment_name, checkpoint_metadata.arguments.initial_checkpoint, checkpoint_metadata.arguments.learning_rate, checkpoint_metadata.arguments.local_epochs, checkpoint_metadata.arguments.num_workers, checkpoint_metadata.arguments.output_dir, checkpoint_metadata.arguments.resume, checkpoint_metadata.arguments.rounds, checkpoint_metadata.arguments.seed, checkpoint_metadata.arguments.validation_manifest, checkpoint_metadata.class_names, checkpoint_metadata.experiment, checkpoint_metadata.round, checkpoint_metadata.validation_metrics, checkpoint_metadata.validation_metrics.accuracy, checkpoint_metadata.validation_metrics.balanced_accuracy, checkpoint_metadata.validation_metrics.macro_f1, checkpoint_metadata.validation_metrics.weighted_f1, class_names, experiment, results, results.test, results.test.accuracy, results.test.balanced_accuracy, results.test.evaluation_seconds, results.test.macro_f1, results.test.num_images, results.test.per_class, results.test.per_class.class_name, results.test.per_class.f1_score, results.test.per_class.precision, results.test.per_class.recall, results.test.per_class.support, results.test.weighted_f1, results.validation, results.validation.accuracy, results.validation.balanced_accuracy, results.validation.evaluation_seconds, results.validation.macro_f1, results.validation.num_images, results.validation.per_class, results.validation.per_class.class_name, results.validation.per_class.f1_score, results.validation.per_class.precision, results.validation.per_class.recall, results.validation.per_class.support, results.validation.weighted_f1",,"checkpoint, checkpoint_metadata, checkpoint_metadata.arguments, checkpoint_metadata.arguments.batch_size, checkpoint_metadata.arguments.client_dir, checkpoint_metadata.arguments.dataset_root, checkpoint_metadata.arguments.experiment_name, checkpoint_metadata.arguments.initial_checkpoint, checkpoint_metadata.arguments.learning_rate, checkpoint_metadata.arguments.local_epochs, checkpoint_metadata.arguments.num_workers, checkpoint_metadata.arguments.output_dir, checkpoint_metadata.arguments.resume, checkpoint_metadata.arguments.rounds, checkpoint_metadata.arguments.seed, checkpoint_metadata.arguments.validation_manifest, checkpoint_metadata.class_names, checkpoint_metadata.experiment, checkpoint_metadata.round, checkpoint_metadata.validation_metrics, checkpoint_metadata.validation_metrics.accuracy, checkpoint_metadata.validation_metrics.balanced_accuracy, checkpoint_metadata.validation_metrics.macro_f1, checkpoint_metadata.validation_metrics.weighted_f1, class_names, experiment, results, results.test, results.test.accuracy, results.test.balanced_accuracy, results.test.evaluation_seconds, results.test.macro_f1, results.test.num_images, results.test.per_class, results.test.per_class.class_name, results.test.per_class.f1_score, results.test.per_class.precision, results.test.per_class.recall, results.test.per_class.support, results.test.weighted_f1, results.validation, results.validation.accuracy, results.validation.balanced_accuracy, results.validation.evaluation_seconds, results.validation.macro_f1, results.validation.num_images, results.validation.per_class, results.validation.per_class.class_name, results.validation.per_class.f1_score, results.validation.per_class.precision, results.validation.per_class.recall, results.validation.per_class.support, results.validation.weighted_f1","class_or_category: class_names, results.test.per_class, results.validation.per_class; count: results.test.num_images, results.test.per_class.support, results.validation.num_images, results.validation.per_class.support; metric: checkpoint_metadata.validation_metrics.accuracy, checkpoint_metadata.validation_metrics.balanced_accuracy, checkpoint_metadata.validation_metrics.macro_f1, results.test.accuracy, results.test.balanced_accuracy, results.test.evaluation_seconds, results.test.macro_f1, results.test.per_class.precision, results.test.per_class.recall, results.test.per_class.support, results.validation.accuracy, results.validation.balanced_accuracy, results.validation.evaluation_seconds, results.validation.macro_f1, results.validation.per_class.precision, results.validation.per_class.recall, results.validation.per_class.support; round_or_epoch: checkpoint_metadata.round; runtime: results.test.evaluation_seconds, results.validation.evaluation_seconds; seed: checkpoint_metadata.arguments.seed",keys-only,JSON was inspected as nested key paths.
experiments/results/rice/rice_fedavg_iid_resnet18/evaluation/evaluation_summary.csv,.csv,2,8,"experiment, split, num_images, accuracy, balanced_accuracy, macro_f1, weighted_f1, evaluation_seconds","num_images, accuracy, balanced_accuracy, macro_f1, weighted_f1, evaluation_seconds","experiment, split","count: num_images; metric: accuracy, balanced_accuracy, evaluation_seconds, macro_f1; runtime: evaluation_seconds; split: split",read,
experiments/results/rice/rice_fedavg_iid_resnet18/evaluation/test_confusion_matrix.csv,.csv,8,9,"Unnamed: 0, 0_NOR, 1_F&S, 2_SD, 3_MY, 4_AP, 5_BN, 6_UN, 7_IM","0_NOR, 1_F&S, 2_SD, 3_MY, 4_AP, 5_BN, 6_UN, 7_IM",Unnamed: 0,,read,
experiments/results/rice/rice_fedavg_iid_resnet18/evaluation/test_per_class_metrics.csv,.csv,8,5,"class_name, precision, recall, f1_score, support","precision, recall, f1_score, support",class_name,"class_or_category: class_name; count: support; metric: precision, recall, support",read,
experiments/results/rice/rice_fedavg_iid_resnet18/evaluation/test_predictions.csv,.csv,2500,19,"image_path, mask_path, class_name, capture_group, original_split, split, true_class_id, true_class_name, predicted_class_id, predicted_class_name, correct, probability_0_NOR, probability_1_F&S, probability_2_SD, probability_3_MY, probability_4_AP, probability_5_BN, probability_6_UN, probability_7_IM","true_class_id, predicted_class_id, probability_0_NOR, probability_1_F&S, probability_2_SD, probability_3_MY, probability_4_AP, probability_5_BN, probability_6_UN, probability_7_IM","image_path, mask_path, class_name, capture_group, original_split, split, true_class_name, predicted_class_name, correct","class_or_category: class_name; predicted_label: predicted_class_id, predicted_class_name; split: original_split, split",read,
experiments/results/rice/rice_fedavg_iid_resnet18/evaluation/validation_confusion_matrix.csv,.csv,8,9,"Unnamed: 0, 0_NOR, 1_F&S, 2_SD, 3_MY, 4_AP, 5_BN, 6_UN, 7_IM","0_NOR, 1_F&S, 2_SD, 3_MY, 4_AP, 5_BN, 6_UN, 7_IM",Unnamed: 0,,read,
experiments/results/rice/rice_fedavg_iid_resnet18/evaluation/validation_per_class_metrics.csv,.csv,8,5,"class_name, precision, recall, f1_score, support","precision, recall, f1_score, support",class_name,"class_or_category: class_name; count: support; metric: precision, recall, support",read,
experiments/results/rice/rice_fedavg_iid_resnet18/evaluation/validation_predictions.csv,.csv,2500,19,"image_path, mask_path, class_name, capture_group, original_split, split, true_class_id, true_class_name, predicted_class_id, predicted_class_name, correct, probability_0_NOR, probability_1_F&S, probability_2_SD, probability_3_MY, probability_4_AP, probability_5_BN, probability_6_UN, probability_7_IM","true_class_id, predicted_class_id, probability_0_NOR, probability_1_F&S, probability_2_SD, probability_3_MY, probability_4_AP, probability_5_BN, probability_6_UN, probability_7_IM","image_path, mask_path, class_name, capture_group, original_split, split, true_class_name, predicted_class_name, correct","class_or_category: class_name; predicted_label: predicted_class_id, predicted_class_name; split: original_split, split",read,
experiments/results/rice/rice_fedavg_iid_resnet18/metrics.json,.json,5,7,"round, clients, elapsed_seconds_from_start, validation.accuracy, validation.balanced_accuracy, validation.macro_f1, validation.weighted_f1","round, elapsed_seconds_from_start, validation.accuracy, validation.balanced_accuracy, validation.macro_f1, validation.weighted_f1",clients,"metric: validation.accuracy, validation.balanced_accuracy, validation.macro_f1; round_or_epoch: round; runtime: elapsed_seconds_from_start",read,
experiments/results/rice/rice_fedavg_noniid_mobilenetv2/evaluation/evaluation_metrics.json,.json,0,13,"checkpoint, experiment, results, results.test, results.test.accuracy, results.test.balanced_accuracy, results.test.macro_f1, results.test.weighted_f1, results.validation, results.validation.accuracy, results.validation.balanced_accuracy, results.validation.macro_f1, results.validation.weighted_f1",,"checkpoint, experiment, results, results.test, results.test.accuracy, results.test.balanced_accuracy, results.test.macro_f1, results.test.weighted_f1, results.validation, results.validation.accuracy, results.validation.balanced_accuracy, results.validation.macro_f1, results.validation.weighted_f1","metric: results.test.accuracy, results.test.balanced_accuracy, results.test.macro_f1, results.validation.accuracy, results.validation.balanced_accuracy, results.validation.macro_f1",keys-only,JSON was inspected as nested key paths.
experiments/results/rice/rice_fedavg_noniid_mobilenetv2/evaluation/evaluation_summary.csv,.csv,2,6,"experiment, split, accuracy, balanced_accuracy, macro_f1, weighted_f1","accuracy, balanced_accuracy, macro_f1, weighted_f1","experiment, split","metric: accuracy, balanced_accuracy, macro_f1; split: split",read,
experiments/results/rice/rice_fedavg_noniid_mobilenetv2/evaluation/test_confusion_matrix.csv,.csv,8,9,"Unnamed: 0, 0_NOR, 1_F&S, 2_SD, 3_MY, 4_AP, 5_BN, 6_UN, 7_IM","0_NOR, 1_F&S, 2_SD, 3_MY, 4_AP, 5_BN, 6_UN, 7_IM",Unnamed: 0,,read,
experiments/results/rice/rice_fedavg_noniid_mobilenetv2/evaluation/test_evaluation.json,.json,0,59,"classification_report, classification_report.0_NOR, classification_report.0_NOR.f1-score, classification_report.0_NOR.precision, classification_report.0_NOR.recall, classification_report.0_NOR.support, classification_report.1_F&S, classification_report.1_F&S.f1-score, classification_report.1_F&S.precision, classification_report.1_F&S.recall, classification_report.1_F&S.support, classification_report.2_SD, classification_report.2_SD.f1-score, classification_report.2_SD.precision, classification_report.2_SD.recall, classification_report.2_SD.support, classification_report.3_MY, classification_report.3_MY.f1-score, classification_report.3_MY.precision, classification_report.3_MY.recall, classification_report.3_MY.support, classification_report.4_AP, classification_report.4_AP.f1-score, classification_report.4_AP.precision, classification_report.4_AP.recall, classification_report.4_AP.support, classification_report.5_BN, classification_report.5_BN.f1-score, classification_report.5_BN.precision, classification_report.5_BN.recall, classification_report.5_BN.support, classification_report.6_UN, classification_report.6_UN.f1-score, classification_report.6_UN.precision, classification_report.6_UN.recall, classification_report.6_UN.support, classification_report.7_IM, classification_report.7_IM.f1-score, classification_report.7_IM.precision, classification_report.7_IM.recall, classification_report.7_IM.support, classification_report.accuracy, classification_report.macro avg, classification_report.macro avg.f1-score, classification_report.macro avg.precision, classification_report.macro avg.recall, classification_report.macro avg.support, classification_report.weighted avg, classification_report.weighted avg.f1-score, classification_report.weighted avg.precision, classification_report.weighted avg.recall, classification_report.weighted avg.support, experiment, metrics, metrics.accuracy, metrics.balanced_accuracy, metrics.macro_f1, metrics.weighted_f1, split",,"classification_report, classification_report.0_NOR, classification_report.0_NOR.f1-score, classification_report.0_NOR.precision, classification_report.0_NOR.recall, classification_report.0_NOR.support, classification_report.1_F&S, classification_report.1_F&S.f1-score, classification_report.1_F&S.precision, classification_report.1_F&S.recall, classification_report.1_F&S.support, classification_report.2_SD, classification_report.2_SD.f1-score, classification_report.2_SD.precision, classification_report.2_SD.recall, classification_report.2_SD.support, classification_report.3_MY, classification_report.3_MY.f1-score, classification_report.3_MY.precision, classification_report.3_MY.recall, classification_report.3_MY.support, classification_report.4_AP, classification_report.4_AP.f1-score, classification_report.4_AP.precision, classification_report.4_AP.recall, classification_report.4_AP.support, classification_report.5_BN, classification_report.5_BN.f1-score, classification_report.5_BN.precision, classification_report.5_BN.recall, classification_report.5_BN.support, classification_report.6_UN, classification_report.6_UN.f1-score, classification_report.6_UN.precision, classification_report.6_UN.recall, classification_report.6_UN.support, classification_report.7_IM, classification_report.7_IM.f1-score, classification_report.7_IM.precision, classification_report.7_IM.recall, classification_report.7_IM.support, classification_report.accuracy, classification_report.macro avg, classification_report.macro avg.f1-score, classification_report.macro avg.precision, classification_report.macro avg.recall, classification_report.macro avg.support, classification_report.weighted avg, classification_report.weighted avg.f1-score, classification_report.weighted avg.precision, classification_report.weighted avg.recall, classification_report.weighted avg.support, experiment, metrics, metrics.accuracy, metrics.balanced_accuracy, metrics.macro_f1, metrics.weighted_f1, split","count: classification_report.0_NOR.support, classification_report.1_F&S.support, classification_report.2_SD.support, classification_report.3_MY.support, classification_report.4_AP.support, classification_report.5_BN.support, classification_report.6_UN.support, classification_report.7_IM.support, classification_report.macro avg.support, classification_report.weighted avg.support; metric: classification_report.0_NOR.precision, classification_report.0_NOR.recall, classification_report.0_NOR.support, classification_report.1_F&S.precision, classification_report.1_F&S.recall, classification_report.1_F&S.support, classification_report.2_SD.precision, classification_report.2_SD.recall, classification_report.2_SD.support, classification_report.3_MY.precision, classification_report.3_MY.recall, classification_report.3_MY.support, classification_report.4_AP.precision, classification_report.4_AP.recall, classification_report.4_AP.support, classification_report.5_BN.precision, classification_report.5_BN.recall, classification_report.5_BN.support, classification_report.6_UN.precision, classification_report.6_UN.recall, classification_report.6_UN.support, classification_report.7_IM.precision, classification_report.7_IM.recall, classification_report.7_IM.support, classification_report.accuracy, classification_report.macro avg.precision, classification_report.macro avg.recall, classification_report.macro avg.support, classification_report.weighted avg.precision, classification_report.weighted avg.recall, classification_report.weighted avg.support, metrics.accuracy, metrics.balanced_accuracy, metrics.macro_f1; split: split",keys-only,JSON was inspected as nested key paths.
experiments/results/rice/rice_fedavg_noniid_mobilenetv2/evaluation/test_per_class_metrics.csv,.csv,8,5,"class_name, precision, recall, f1_score, support","precision, recall, f1_score, support",class_name,"class_or_category: class_name; count: support; metric: precision, recall, support",read,
experiments/results/rice/rice_fedavg_noniid_mobilenetv2/evaluation/test_predictions.csv,.csv,2500,11,"image_path, mask_path, class_name, capture_group, original_split, split, true_id, predicted_id, true_class, predicted_class, correct","true_id, predicted_id","image_path, mask_path, class_name, capture_group, original_split, split, true_class, predicted_class, correct","class_or_category: class_name, predicted_class, true_class; predicted_label: predicted_class, predicted_id; split: original_split, split",read,
experiments/results/rice/rice_fedavg_noniid_mobilenetv2/evaluation/validation_confusion_matrix.csv,.csv,8,9,"Unnamed: 0, 0_NOR, 1_F&S, 2_SD, 3_MY, 4_AP, 5_BN, 6_UN, 7_IM","0_NOR, 1_F&S, 2_SD, 3_MY, 4_AP, 5_BN, 6_UN, 7_IM",Unnamed: 0,,read,
experiments/results/rice/rice_fedavg_noniid_mobilenetv2/evaluation/validation_evaluation.json,.json,0,59,"classification_report, classification_report.0_NOR, classification_report.0_NOR.f1-score, classification_report.0_NOR.precision, classification_report.0_NOR.recall, classification_report.0_NOR.support, classification_report.1_F&S, classification_report.1_F&S.f1-score, classification_report.1_F&S.precision, classification_report.1_F&S.recall, classification_report.1_F&S.support, classification_report.2_SD, classification_report.2_SD.f1-score, classification_report.2_SD.precision, classification_report.2_SD.recall, classification_report.2_SD.support, classification_report.3_MY, classification_report.3_MY.f1-score, classification_report.3_MY.precision, classification_report.3_MY.recall, classification_report.3_MY.support, classification_report.4_AP, classification_report.4_AP.f1-score, classification_report.4_AP.precision, classification_report.4_AP.recall, classification_report.4_AP.support, classification_report.5_BN, classification_report.5_BN.f1-score, classification_report.5_BN.precision, classification_report.5_BN.recall, classification_report.5_BN.support, classification_report.6_UN, classification_report.6_UN.f1-score, classification_report.6_UN.precision, classification_report.6_UN.recall, classification_report.6_UN.support, classification_report.7_IM, classification_report.7_IM.f1-score, classification_report.7_IM.precision, classification_report.7_IM.recall, classification_report.7_IM.support, classification_report.accuracy, classification_report.macro avg, classification_report.macro avg.f1-score, classification_report.macro avg.precision, classification_report.macro avg.recall, classification_report.macro avg.support, classification_report.weighted avg, classification_report.weighted avg.f1-score, classification_report.weighted avg.precision, classification_report.weighted avg.recall, classification_report.weighted avg.support, experiment, metrics, metrics.accuracy, metrics.balanced_accuracy, metrics.macro_f1, metrics.weighted_f1, split",,"classification_report, classification_report.0_NOR, classification_report.0_NOR.f1-score, classification_report.0_NOR.precision, classification_report.0_NOR.recall, classification_report.0_NOR.support, classification_report.1_F&S, classification_report.1_F&S.f1-score, classification_report.1_F&S.precision, classification_report.1_F&S.recall, classification_report.1_F&S.support, classification_report.2_SD, classification_report.2_SD.f1-score, classification_report.2_SD.precision, classification_report.2_SD.recall, classification_report.2_SD.support, classification_report.3_MY, classification_report.3_MY.f1-score, classification_report.3_MY.precision, classification_report.3_MY.recall, classification_report.3_MY.support, classification_report.4_AP, classification_report.4_AP.f1-score, classification_report.4_AP.precision, classification_report.4_AP.recall, classification_report.4_AP.support, classification_report.5_BN, classification_report.5_BN.f1-score, classification_report.5_BN.precision, classification_report.5_BN.recall, classification_report.5_BN.support, classification_report.6_UN, classification_report.6_UN.f1-score, classification_report.6_UN.precision, classification_report.6_UN.recall, classification_report.6_UN.support, classification_report.7_IM, classification_report.7_IM.f1-score, classification_report.7_IM.precision, classification_report.7_IM.recall, classification_report.7_IM.support, classification_report.accuracy, classification_report.macro avg, classification_report.macro avg.f1-score, classification_report.macro avg.precision, classification_report.macro avg.recall, classification_report.macro avg.support, classification_report.weighted avg, classification_report.weighted avg.f1-score, classification_report.weighted avg.precision, classification_report.weighted avg.recall, classification_report.weighted avg.support, experiment, metrics, metrics.accuracy, metrics.balanced_accuracy, metrics.macro_f1, metrics.weighted_f1, split","count: classification_report.0_NOR.support, classification_report.1_F&S.support, classification_report.2_SD.support, classification_report.3_MY.support, classification_report.4_AP.support, classification_report.5_BN.support, classification_report.6_UN.support, classification_report.7_IM.support, classification_report.macro avg.support, classification_report.weighted avg.support; metric: classification_report.0_NOR.precision, classification_report.0_NOR.recall, classification_report.0_NOR.support, classification_report.1_F&S.precision, classification_report.1_F&S.recall, classification_report.1_F&S.support, classification_report.2_SD.precision, classification_report.2_SD.recall, classification_report.2_SD.support, classification_report.3_MY.precision, classification_report.3_MY.recall, classification_report.3_MY.support, classification_report.4_AP.precision, classification_report.4_AP.recall, classification_report.4_AP.support, classification_report.5_BN.precision, classification_report.5_BN.recall, classification_report.5_BN.support, classification_report.6_UN.precision, classification_report.6_UN.recall, classification_report.6_UN.support, classification_report.7_IM.precision, classification_report.7_IM.recall, classification_report.7_IM.support, classification_report.accuracy, classification_report.macro avg.precision, classification_report.macro avg.recall, classification_report.macro avg.support, classification_report.weighted avg.precision, classification_report.weighted avg.recall, classification_report.weighted avg.support, metrics.accuracy, metrics.balanced_accuracy, metrics.macro_f1; split: split",keys-only,JSON was inspected as nested key paths.
experiments/results/rice/rice_fedavg_noniid_mobilenetv2/evaluation/validation_per_class_metrics.csv,.csv,8,5,"class_name, precision, recall, f1_score, support","precision, recall, f1_score, support",class_name,"class_or_category: class_name; count: support; metric: precision, recall, support",read,
experiments/results/rice/rice_fedavg_noniid_mobilenetv2/evaluation/validation_predictions.csv,.csv,2500,11,"image_path, mask_path, class_name, capture_group, original_split, split, true_id, predicted_id, true_class, predicted_class, correct","true_id, predicted_id","image_path, mask_path, class_name, capture_group, original_split, split, true_class, predicted_class, correct","class_or_category: class_name, predicted_class, true_class; predicted_label: predicted_class, predicted_id; split: original_split, split",read,
experiments/results/rice/rice_fedavg_noniid_mobilenetv2/metrics.json,.json,5,7,"round, clients, elapsed_seconds_from_start, validation.accuracy, validation.balanced_accuracy, validation.macro_f1, validation.weighted_f1","round, elapsed_seconds_from_start, validation.accuracy, validation.balanced_accuracy, validation.macro_f1, validation.weighted_f1",clients,"metric: validation.accuracy, validation.balanced_accuracy, validation.macro_f1; round_or_epoch: round; runtime: elapsed_seconds_from_start",read,
experiments/results/rice/rice_fedavg_noniid_resnet18/evaluation/evaluation_metrics.json,.json,0,53,"checkpoint, checkpoint_metadata, checkpoint_metadata.arguments, checkpoint_metadata.arguments.batch_size, checkpoint_metadata.arguments.client_dir, checkpoint_metadata.arguments.dataset_root, checkpoint_metadata.arguments.experiment_name, checkpoint_metadata.arguments.initial_checkpoint, checkpoint_metadata.arguments.learning_rate, checkpoint_metadata.arguments.local_epochs, checkpoint_metadata.arguments.num_workers, checkpoint_metadata.arguments.output_dir, checkpoint_metadata.arguments.resume, checkpoint_metadata.arguments.rounds, checkpoint_metadata.arguments.seed, checkpoint_metadata.arguments.validation_manifest, checkpoint_metadata.class_names, checkpoint_metadata.experiment, checkpoint_metadata.round, checkpoint_metadata.validation_metrics, checkpoint_metadata.validation_metrics.accuracy, checkpoint_metadata.validation_metrics.balanced_accuracy, checkpoint_metadata.validation_metrics.macro_f1, checkpoint_metadata.validation_metrics.weighted_f1, class_names, experiment, results, results.test, results.test.accuracy, results.test.balanced_accuracy, results.test.evaluation_seconds, results.test.macro_f1, results.test.num_images, results.test.per_class, results.test.per_class.class_name, results.test.per_class.f1_score, results.test.per_class.precision, results.test.per_class.recall, results.test.per_class.support, results.test.weighted_f1, results.validation, results.validation.accuracy, results.validation.balanced_accuracy, results.validation.evaluation_seconds, results.validation.macro_f1, results.validation.num_images, results.validation.per_class, results.validation.per_class.class_name, results.validation.per_class.f1_score, results.validation.per_class.precision, results.validation.per_class.recall, results.validation.per_class.support, results.validation.weighted_f1",,"checkpoint, checkpoint_metadata, checkpoint_metadata.arguments, checkpoint_metadata.arguments.batch_size, checkpoint_metadata.arguments.client_dir, checkpoint_metadata.arguments.dataset_root, checkpoint_metadata.arguments.experiment_name, checkpoint_metadata.arguments.initial_checkpoint, checkpoint_metadata.arguments.learning_rate, checkpoint_metadata.arguments.local_epochs, checkpoint_metadata.arguments.num_workers, checkpoint_metadata.arguments.output_dir, checkpoint_metadata.arguments.resume, checkpoint_metadata.arguments.rounds, checkpoint_metadata.arguments.seed, checkpoint_metadata.arguments.validation_manifest, checkpoint_metadata.class_names, checkpoint_metadata.experiment, checkpoint_metadata.round, checkpoint_metadata.validation_metrics, checkpoint_metadata.validation_metrics.accuracy, checkpoint_metadata.validation_metrics.balanced_accuracy, checkpoint_metadata.validation_metrics.macro_f1, checkpoint_metadata.validation_metrics.weighted_f1, class_names, experiment, results, results.test, results.test.accuracy, results.test.balanced_accuracy, results.test.evaluation_seconds, results.test.macro_f1, results.test.num_images, results.test.per_class, results.test.per_class.class_name, results.test.per_class.f1_score, results.test.per_class.precision, results.test.per_class.recall, results.test.per_class.support, results.test.weighted_f1, results.validation, results.validation.accuracy, results.validation.balanced_accuracy, results.validation.evaluation_seconds, results.validation.macro_f1, results.validation.num_images, results.validation.per_class, results.validation.per_class.class_name, results.validation.per_class.f1_score, results.validation.per_class.precision, results.validation.per_class.recall, results.validation.per_class.support, results.validation.weighted_f1","class_or_category: class_names, results.test.per_class, results.validation.per_class; count: results.test.num_images, results.test.per_class.support, results.validation.num_images, results.validation.per_class.support; metric: checkpoint_metadata.validation_metrics.accuracy, checkpoint_metadata.validation_metrics.balanced_accuracy, checkpoint_metadata.validation_metrics.macro_f1, results.test.accuracy, results.test.balanced_accuracy, results.test.evaluation_seconds, results.test.macro_f1, results.test.per_class.precision, results.test.per_class.recall, results.test.per_class.support, results.validation.accuracy, results.validation.balanced_accuracy, results.validation.evaluation_seconds, results.validation.macro_f1, results.validation.per_class.precision, results.validation.per_class.recall, results.validation.per_class.support; round_or_epoch: checkpoint_metadata.round; runtime: results.test.evaluation_seconds, results.validation.evaluation_seconds; seed: checkpoint_metadata.arguments.seed",keys-only,JSON was inspected as nested key paths.
experiments/results/rice/rice_fedavg_noniid_resnet18/evaluation/evaluation_summary.csv,.csv,2,8,"experiment, split, num_images, accuracy, balanced_accuracy, macro_f1, weighted_f1, evaluation_seconds","num_images, accuracy, balanced_accuracy, macro_f1, weighted_f1, evaluation_seconds","experiment, split","count: num_images; metric: accuracy, balanced_accuracy, evaluation_seconds, macro_f1; runtime: evaluation_seconds; split: split",read,
experiments/results/rice/rice_fedavg_noniid_resnet18/evaluation/test_confusion_matrix.csv,.csv,8,9,"Unnamed: 0, 0_NOR, 1_F&S, 2_SD, 3_MY, 4_AP, 5_BN, 6_UN, 7_IM","0_NOR, 1_F&S, 2_SD, 3_MY, 4_AP, 5_BN, 6_UN, 7_IM",Unnamed: 0,,read,
experiments/results/rice/rice_fedavg_noniid_resnet18/evaluation/test_per_class_metrics.csv,.csv,8,5,"class_name, precision, recall, f1_score, support","precision, recall, f1_score, support",class_name,"class_or_category: class_name; count: support; metric: precision, recall, support",read,
experiments/results/rice/rice_fedavg_noniid_resnet18/evaluation/test_predictions.csv,.csv,2500,19,"image_path, mask_path, class_name, capture_group, original_split, split, true_class_id, true_class_name, predicted_class_id, predicted_class_name, correct, probability_0_NOR, probability_1_F&S, probability_2_SD, probability_3_MY, probability_4_AP, probability_5_BN, probability_6_UN, probability_7_IM","true_class_id, predicted_class_id, probability_0_NOR, probability_1_F&S, probability_2_SD, probability_3_MY, probability_4_AP, probability_5_BN, probability_6_UN, probability_7_IM","image_path, mask_path, class_name, capture_group, original_split, split, true_class_name, predicted_class_name, correct","class_or_category: class_name; predicted_label: predicted_class_id, predicted_class_name; split: original_split, split",read,
experiments/results/rice/rice_fedavg_noniid_resnet18/evaluation/validation_confusion_matrix.csv,.csv,8,9,"Unnamed: 0, 0_NOR, 1_F&S, 2_SD, 3_MY, 4_AP, 5_BN, 6_UN, 7_IM","0_NOR, 1_F&S, 2_SD, 3_MY, 4_AP, 5_BN, 6_UN, 7_IM",Unnamed: 0,,read,
experiments/results/rice/rice_fedavg_noniid_resnet18/evaluation/validation_per_class_metrics.csv,.csv,8,5,"class_name, precision, recall, f1_score, support","precision, recall, f1_score, support",class_name,"class_or_category: class_name; count: support; metric: precision, recall, support",read,
experiments/results/rice/rice_fedavg_noniid_resnet18/evaluation/validation_predictions.csv,.csv,2500,19,"image_path, mask_path, class_name, capture_group, original_split, split, true_class_id, true_class_name, predicted_class_id, predicted_class_name, correct, probability_0_NOR, probability_1_F&S, probability_2_SD, probability_3_MY, probability_4_AP, probability_5_BN, probability_6_UN, probability_7_IM","true_class_id, predicted_class_id, probability_0_NOR, probability_1_F&S, probability_2_SD, probability_3_MY, probability_4_AP, probability_5_BN, probability_6_UN, probability_7_IM","image_path, mask_path, class_name, capture_group, original_split, split, true_class_name, predicted_class_name, correct","class_or_category: class_name; predicted_label: predicted_class_id, predicted_class_name; split: original_split, split",read,
experiments/results/rice/rice_fedavg_noniid_resnet18/metrics.json,.json,5,7,"round, clients, elapsed_seconds_from_start, validation.accuracy, validation.balanced_accuracy, validation.macro_f1, validation.weighted_f1","round, elapsed_seconds_from_start, validation.accuracy, validation.balanced_accuracy, validation.macro_f1, validation.weighted_f1",clients,"metric: validation.accuracy, validation.balanced_accuracy, validation.macro_f1; round_or_epoch: round; runtime: elapsed_seconds_from_start",read,
experiments/results/rice/rice_mobilenetv2_grouped_v1/history.json,.json,10,8,"epoch, stage, train_loss, validation_loss, validation_accuracy, validation_balanced_accuracy, validation_macro_f1, epoch_seconds","epoch, train_loss, validation_loss, validation_accuracy, validation_balanced_accuracy, validation_macro_f1, epoch_seconds",stage,"metric: epoch_seconds, train_loss, validation_accuracy, validation_balanced_accuracy, validation_loss, validation_macro_f1; round_or_epoch: epoch, epoch_seconds; runtime: epoch_seconds",read,
experiments/results/rice/rice_mobilenetv2_grouped_v1/metrics.json,.json,0,72,"classes, classification_report, classification_report.0_NOR, classification_report.0_NOR.f1-score, classification_report.0_NOR.precision, classification_report.0_NOR.recall, classification_report.0_NOR.support, classification_report.1_F&S, classification_report.1_F&S.f1-score, classification_report.1_F&S.precision, classification_report.1_F&S.recall, classification_report.1_F&S.support, classification_report.2_SD, classification_report.2_SD.f1-score, classification_report.2_SD.precision, classification_report.2_SD.recall, classification_report.2_SD.support, classification_report.3_MY, classification_report.3_MY.f1-score, classification_report.3_MY.precision, classification_report.3_MY.recall, classification_report.3_MY.support, classification_report.4_AP, classification_report.4_AP.f1-score, classification_report.4_AP.precision, classification_report.4_AP.recall, classification_report.4_AP.support, classification_report.5_BN, classification_report.5_BN.f1-score, classification_report.5_BN.precision, classification_report.5_BN.recall, classification_report.5_BN.support, classification_report.6_UN, classification_report.6_UN.f1-score, classification_report.6_UN.precision, classification_report.6_UN.recall, classification_report.6_UN.support, classification_report.7_IM, classification_report.7_IM.f1-score, classification_report.7_IM.precision, classification_report.7_IM.recall, classification_report.7_IM.support, classification_report.accuracy, classification_report.macro avg, classification_report.macro avg.f1-score, classification_report.macro avg.precision, classification_report.macro avg.recall, classification_report.macro avg.support, classification_report.weighted avg, classification_report.weighted avg.f1-score, classification_report.weighted avg.precision, classification_report.weighted avg.recall, classification_report.weighted avg.support, dataset_root, experiment, seed, split_sizes, split_sizes.test, split_sizes.train, split_sizes.validation, test, test.accuracy, test.balanced_accuracy, test.loss, test.macro_f1, test.weighted_f1, training, training.best_epoch, training.best_validation_macro_f1, training.finetune_epochs, training.total_seconds, training.warmup_epochs",,"classes, classification_report, classification_report.0_NOR, classification_report.0_NOR.f1-score, classification_report.0_NOR.precision, classification_report.0_NOR.recall, classification_report.0_NOR.support, classification_report.1_F&S, classification_report.1_F&S.f1-score, classification_report.1_F&S.precision, classification_report.1_F&S.recall, classification_report.1_F&S.support, classification_report.2_SD, classification_report.2_SD.f1-score, classification_report.2_SD.precision, classification_report.2_SD.recall, classification_report.2_SD.support, classification_report.3_MY, classification_report.3_MY.f1-score, classification_report.3_MY.precision, classification_report.3_MY.recall, classification_report.3_MY.support, classification_report.4_AP, classification_report.4_AP.f1-score, classification_report.4_AP.precision, classification_report.4_AP.recall, classification_report.4_AP.support, classification_report.5_BN, classification_report.5_BN.f1-score, classification_report.5_BN.precision, classification_report.5_BN.recall, classification_report.5_BN.support, classification_report.6_UN, classification_report.6_UN.f1-score, classification_report.6_UN.precision, classification_report.6_UN.recall, classification_report.6_UN.support, classification_report.7_IM, classification_report.7_IM.f1-score, classification_report.7_IM.precision, classification_report.7_IM.recall, classification_report.7_IM.support, classification_report.accuracy, classification_report.macro avg, classification_report.macro avg.f1-score, classification_report.macro avg.precision, classification_report.macro avg.recall, classification_report.macro avg.support, classification_report.weighted avg, classification_report.weighted avg.f1-score, classification_report.weighted avg.precision, classification_report.weighted avg.recall, classification_report.weighted avg.support, dataset_root, experiment, seed, split_sizes, split_sizes.test, split_sizes.train, split_sizes.validation, test, test.accuracy, test.balanced_accuracy, test.loss, test.macro_f1, test.weighted_f1, training, training.best_epoch, training.best_validation_macro_f1, training.finetune_epochs, training.total_seconds, training.warmup_epochs","count: classification_report.0_NOR.support, classification_report.1_F&S.support, classification_report.2_SD.support, classification_report.3_MY.support, classification_report.4_AP.support, classification_report.5_BN.support, classification_report.6_UN.support, classification_report.7_IM.support, classification_report.macro avg.support, classification_report.weighted avg.support; dataset: dataset_root; metric: classification_report.0_NOR.precision, classification_report.0_NOR.recall, classification_report.0_NOR.support, classification_report.1_F&S.precision, classification_report.1_F&S.recall, classification_report.1_F&S.support, classification_report.2_SD.precision, classification_report.2_SD.recall, classification_report.2_SD.support, classification_report.3_MY.precision, classification_report.3_MY.recall, classification_report.3_MY.support, classification_report.4_AP.precision, classification_report.4_AP.recall, classification_report.4_AP.support, classification_report.5_BN.precision, classification_report.5_BN.recall, classification_report.5_BN.support, classification_report.6_UN.precision, classification_report.6_UN.recall, classification_report.6_UN.support, classification_report.7_IM.precision, classification_report.7_IM.recall, classification_report.7_IM.support, classification_report.accuracy, classification_report.macro avg.precision, classification_report.macro avg.recall, classification_report.macro avg.support, classification_report.weighted avg.precision, classification_report.weighted avg.recall, classification_report.weighted avg.support, test.accuracy, test.balanced_accuracy, test.loss, test.macro_f1, training.best_validation_macro_f1, training.total_seconds; round_or_epoch: training.best_epoch; runtime: training.total_seconds; seed: seed; split: split_sizes, split_sizes.test, split_sizes.train, split_sizes.validation",keys-only,JSON was inspected as nested key paths.
experiments/results/rice/rice_mobilenetv2_grouped_v1/test_confusion_matrix.csv,.csv,8,9,"Unnamed: 0, 0_NOR, 1_F&S, 2_SD, 3_MY, 4_AP, 5_BN, 6_UN, 7_IM","0_NOR, 1_F&S, 2_SD, 3_MY, 4_AP, 5_BN, 6_UN, 7_IM",Unnamed: 0,,read,
experiments/results/rice/rice_mobilenetv2_grouped_v1/test_evaluation.json,.json,0,59,"classification_report, classification_report.0_NOR, classification_report.0_NOR.f1-score, classification_report.0_NOR.precision, classification_report.0_NOR.recall, classification_report.0_NOR.support, classification_report.1_F&S, classification_report.1_F&S.f1-score, classification_report.1_F&S.precision, classification_report.1_F&S.recall, classification_report.1_F&S.support, classification_report.2_SD, classification_report.2_SD.f1-score, classification_report.2_SD.precision, classification_report.2_SD.recall, classification_report.2_SD.support, classification_report.3_MY, classification_report.3_MY.f1-score, classification_report.3_MY.precision, classification_report.3_MY.recall, classification_report.3_MY.support, classification_report.4_AP, classification_report.4_AP.f1-score, classification_report.4_AP.precision, classification_report.4_AP.recall, classification_report.4_AP.support, classification_report.5_BN, classification_report.5_BN.f1-score, classification_report.5_BN.precision, classification_report.5_BN.recall, classification_report.5_BN.support, classification_report.6_UN, classification_report.6_UN.f1-score, classification_report.6_UN.precision, classification_report.6_UN.recall, classification_report.6_UN.support, classification_report.7_IM, classification_report.7_IM.f1-score, classification_report.7_IM.precision, classification_report.7_IM.recall, classification_report.7_IM.support, classification_report.accuracy, classification_report.macro avg, classification_report.macro avg.f1-score, classification_report.macro avg.precision, classification_report.macro avg.recall, classification_report.macro avg.support, classification_report.weighted avg, classification_report.weighted avg.f1-score, classification_report.weighted avg.precision, classification_report.weighted avg.recall, classification_report.weighted avg.support, metrics, metrics.accuracy, metrics.balanced_accuracy, metrics.macro_f1, metrics.weighted_f1, model, split",,"classification_report, classification_report.0_NOR, classification_report.0_NOR.f1-score, classification_report.0_NOR.precision, classification_report.0_NOR.recall, classification_report.0_NOR.support, classification_report.1_F&S, classification_report.1_F&S.f1-score, classification_report.1_F&S.precision, classification_report.1_F&S.recall, classification_report.1_F&S.support, classification_report.2_SD, classification_report.2_SD.f1-score, classification_report.2_SD.precision, classification_report.2_SD.recall, classification_report.2_SD.support, classification_report.3_MY, classification_report.3_MY.f1-score, classification_report.3_MY.precision, classification_report.3_MY.recall, classification_report.3_MY.support, classification_report.4_AP, classification_report.4_AP.f1-score, classification_report.4_AP.precision, classification_report.4_AP.recall, classification_report.4_AP.support, classification_report.5_BN, classification_report.5_BN.f1-score, classification_report.5_BN.precision, classification_report.5_BN.recall, classification_report.5_BN.support, classification_report.6_UN, classification_report.6_UN.f1-score, classification_report.6_UN.precision, classification_report.6_UN.recall, classification_report.6_UN.support, classification_report.7_IM, classification_report.7_IM.f1-score, classification_report.7_IM.precision, classification_report.7_IM.recall, classification_report.7_IM.support, classification_report.accuracy, classification_report.macro avg, classification_report.macro avg.f1-score, classification_report.macro avg.precision, classification_report.macro avg.recall, classification_report.macro avg.support, classification_report.weighted avg, classification_report.weighted avg.f1-score, classification_report.weighted avg.precision, classification_report.weighted avg.recall, classification_report.weighted avg.support, metrics, metrics.accuracy, metrics.balanced_accuracy, metrics.macro_f1, metrics.weighted_f1, model, split","count: classification_report.0_NOR.support, classification_report.1_F&S.support, classification_report.2_SD.support, classification_report.3_MY.support, classification_report.4_AP.support, classification_report.5_BN.support, classification_report.6_UN.support, classification_report.7_IM.support, classification_report.macro avg.support, classification_report.weighted avg.support; metric: classification_report.0_NOR.precision, classification_report.0_NOR.recall, classification_report.0_NOR.support, classification_report.1_F&S.precision, classification_report.1_F&S.recall, classification_report.1_F&S.support, classification_report.2_SD.precision, classification_report.2_SD.recall, classification_report.2_SD.support, classification_report.3_MY.precision, classification_report.3_MY.recall, classification_report.3_MY.support, classification_report.4_AP.precision, classification_report.4_AP.recall, classification_report.4_AP.support, classification_report.5_BN.precision, classification_report.5_BN.recall, classification_report.5_BN.support, classification_report.6_UN.precision, classification_report.6_UN.recall, classification_report.6_UN.support, classification_report.7_IM.precision, classification_report.7_IM.recall, classification_report.7_IM.support, classification_report.accuracy, classification_report.macro avg.precision, classification_report.macro avg.recall, classification_report.macro avg.support, classification_report.weighted avg.precision, classification_report.weighted avg.recall, classification_report.weighted avg.support, metrics.accuracy, metrics.balanced_accuracy, metrics.macro_f1; model: model; split: split",keys-only,JSON was inspected as nested key paths.
experiments/results/rice/rice_mobilenetv2_grouped_v1/test_per_class_metrics.csv,.csv,8,5,"class_name, precision, recall, f1_score, support","precision, recall, f1_score, support",class_name,"class_or_category: class_name; count: support; metric: precision, recall, support",read,
experiments/results/rice/rice_mobilenetv2_grouped_v1/test_predictions.csv,.csv,2500,11,"image_path, mask_path, class_name, capture_group, original_split, split, true_id, predicted_id, true_class, predicted_class, correct","true_id, predicted_id","image_path, mask_path, class_name, capture_group, original_split, split, true_class, predicted_class, correct","class_or_category: class_name, predicted_class, true_class; predicted_label: predicted_class, predicted_id; split: original_split, split",read,
experiments/results/rice/rice_mobilenetv2_grouped_v1/validation_confusion_matrix.csv,.csv,8,9,"Unnamed: 0, 0_NOR, 1_F&S, 2_SD, 3_MY, 4_AP, 5_BN, 6_UN, 7_IM","0_NOR, 1_F&S, 2_SD, 3_MY, 4_AP, 5_BN, 6_UN, 7_IM",Unnamed: 0,,read,
experiments/results/rice/rice_mobilenetv2_grouped_v1/validation_evaluation.json,.json,0,59,"classification_report, classification_report.0_NOR, classification_report.0_NOR.f1-score, classification_report.0_NOR.precision, classification_report.0_NOR.recall, classification_report.0_NOR.support, classification_report.1_F&S, classification_report.1_F&S.f1-score, classification_report.1_F&S.precision, classification_report.1_F&S.recall, classification_report.1_F&S.support, classification_report.2_SD, classification_report.2_SD.f1-score, classification_report.2_SD.precision, classification_report.2_SD.recall, classification_report.2_SD.support, classification_report.3_MY, classification_report.3_MY.f1-score, classification_report.3_MY.precision, classification_report.3_MY.recall, classification_report.3_MY.support, classification_report.4_AP, classification_report.4_AP.f1-score, classification_report.4_AP.precision, classification_report.4_AP.recall, classification_report.4_AP.support, classification_report.5_BN, classification_report.5_BN.f1-score, classification_report.5_BN.precision, classification_report.5_BN.recall, classification_report.5_BN.support, classification_report.6_UN, classification_report.6_UN.f1-score, classification_report.6_UN.precision, classification_report.6_UN.recall, classification_report.6_UN.support, classification_report.7_IM, classification_report.7_IM.f1-score, classification_report.7_IM.precision, classification_report.7_IM.recall, classification_report.7_IM.support, classification_report.accuracy, classification_report.macro avg, classification_report.macro avg.f1-score, classification_report.macro avg.precision, classification_report.macro avg.recall, classification_report.macro avg.support, classification_report.weighted avg, classification_report.weighted avg.f1-score, classification_report.weighted avg.precision, classification_report.weighted avg.recall, classification_report.weighted avg.support, metrics, metrics.accuracy, metrics.balanced_accuracy, metrics.macro_f1, metrics.weighted_f1, model, split",,"classification_report, classification_report.0_NOR, classification_report.0_NOR.f1-score, classification_report.0_NOR.precision, classification_report.0_NOR.recall, classification_report.0_NOR.support, classification_report.1_F&S, classification_report.1_F&S.f1-score, classification_report.1_F&S.precision, classification_report.1_F&S.recall, classification_report.1_F&S.support, classification_report.2_SD, classification_report.2_SD.f1-score, classification_report.2_SD.precision, classification_report.2_SD.recall, classification_report.2_SD.support, classification_report.3_MY, classification_report.3_MY.f1-score, classification_report.3_MY.precision, classification_report.3_MY.recall, classification_report.3_MY.support, classification_report.4_AP, classification_report.4_AP.f1-score, classification_report.4_AP.precision, classification_report.4_AP.recall, classification_report.4_AP.support, classification_report.5_BN, classification_report.5_BN.f1-score, classification_report.5_BN.precision, classification_report.5_BN.recall, classification_report.5_BN.support, classification_report.6_UN, classification_report.6_UN.f1-score, classification_report.6_UN.precision, classification_report.6_UN.recall, classification_report.6_UN.support, classification_report.7_IM, classification_report.7_IM.f1-score, classification_report.7_IM.precision, classification_report.7_IM.recall, classification_report.7_IM.support, classification_report.accuracy, classification_report.macro avg, classification_report.macro avg.f1-score, classification_report.macro avg.precision, classification_report.macro avg.recall, classification_report.macro avg.support, classification_report.weighted avg, classification_report.weighted avg.f1-score, classification_report.weighted avg.precision, classification_report.weighted avg.recall, classification_report.weighted avg.support, metrics, metrics.accuracy, metrics.balanced_accuracy, metrics.macro_f1, metrics.weighted_f1, model, split","count: classification_report.0_NOR.support, classification_report.1_F&S.support, classification_report.2_SD.support, classification_report.3_MY.support, classification_report.4_AP.support, classification_report.5_BN.support, classification_report.6_UN.support, classification_report.7_IM.support, classification_report.macro avg.support, classification_report.weighted avg.support; metric: classification_report.0_NOR.precision, classification_report.0_NOR.recall, classification_report.0_NOR.support, classification_report.1_F&S.precision, classification_report.1_F&S.recall, classification_report.1_F&S.support, classification_report.2_SD.precision, classification_report.2_SD.recall, classification_report.2_SD.support, classification_report.3_MY.precision, classification_report.3_MY.recall, classification_report.3_MY.support, classification_report.4_AP.precision, classification_report.4_AP.recall, classification_report.4_AP.support, classification_report.5_BN.precision, classification_report.5_BN.recall, classification_report.5_BN.support, classification_report.6_UN.precision, classification_report.6_UN.recall, classification_report.6_UN.support, classification_report.7_IM.precision, classification_report.7_IM.recall, classification_report.7_IM.support, classification_report.accuracy, classification_report.macro avg.precision, classification_report.macro avg.recall, classification_report.macro avg.support, classification_report.weighted avg.precision, classification_report.weighted avg.recall, classification_report.weighted avg.support, metrics.accuracy, metrics.balanced_accuracy, metrics.macro_f1; model: model; split: split",keys-only,JSON was inspected as nested key paths.
experiments/results/rice/rice_mobilenetv2_grouped_v1/validation_per_class_metrics.csv,.csv,8,5,"class_name, precision, recall, f1_score, support","precision, recall, f1_score, support",class_name,"class_or_category: class_name; count: support; metric: precision, recall, support",read,
experiments/results/rice/rice_mobilenetv2_grouped_v1/validation_predictions.csv,.csv,2500,11,"image_path, mask_path, class_name, capture_group, original_split, split, true_id, predicted_id, true_class, predicted_class, correct","true_id, predicted_id","image_path, mask_path, class_name, capture_group, original_split, split, true_class, predicted_class, correct","class_or_category: class_name, predicted_class, true_class; predicted_label: predicted_class, predicted_id; split: original_split, split",read,
experiments/results/rice/rice_resnet18_grouped_v1/history.json,.json,10,8,"epoch, stage, train_loss, validation_loss, validation_accuracy, validation_balanced_accuracy, validation_macro_f1, epoch_seconds","epoch, train_loss, validation_loss, validation_accuracy, validation_balanced_accuracy, validation_macro_f1, epoch_seconds",stage,"metric: epoch_seconds, train_loss, validation_accuracy, validation_balanced_accuracy, validation_loss, validation_macro_f1; round_or_epoch: epoch, epoch_seconds; runtime: epoch_seconds",read,
experiments/results/rice/rice_resnet18_grouped_v1/history_final.json,.json,10,8,"epoch, stage, train_loss, validation_loss, validation_accuracy, validation_balanced_accuracy, validation_macro_f1, epoch_seconds","epoch, train_loss, validation_loss, validation_accuracy, validation_balanced_accuracy, validation_macro_f1, epoch_seconds",stage,"metric: epoch_seconds, train_loss, validation_accuracy, validation_balanced_accuracy, validation_loss, validation_macro_f1; round_or_epoch: epoch, epoch_seconds; runtime: epoch_seconds",read,
experiments/results/rice/rice_resnet18_grouped_v1/metrics.json,.json,0,72,"classes, classification_report, classification_report.0_NOR, classification_report.0_NOR.f1-score, classification_report.0_NOR.precision, classification_report.0_NOR.recall, classification_report.0_NOR.support, classification_report.1_F&S, classification_report.1_F&S.f1-score, classification_report.1_F&S.precision, classification_report.1_F&S.recall, classification_report.1_F&S.support, classification_report.2_SD, classification_report.2_SD.f1-score, classification_report.2_SD.precision, classification_report.2_SD.recall, classification_report.2_SD.support, classification_report.3_MY, classification_report.3_MY.f1-score, classification_report.3_MY.precision, classification_report.3_MY.recall, classification_report.3_MY.support, classification_report.4_AP, classification_report.4_AP.f1-score, classification_report.4_AP.precision, classification_report.4_AP.recall, classification_report.4_AP.support, classification_report.5_BN, classification_report.5_BN.f1-score, classification_report.5_BN.precision, classification_report.5_BN.recall, classification_report.5_BN.support, classification_report.6_UN, classification_report.6_UN.f1-score, classification_report.6_UN.precision, classification_report.6_UN.recall, classification_report.6_UN.support, classification_report.7_IM, classification_report.7_IM.f1-score, classification_report.7_IM.precision, classification_report.7_IM.recall, classification_report.7_IM.support, classification_report.accuracy, classification_report.macro avg, classification_report.macro avg.f1-score, classification_report.macro avg.precision, classification_report.macro avg.recall, classification_report.macro avg.support, classification_report.weighted avg, classification_report.weighted avg.f1-score, classification_report.weighted avg.precision, classification_report.weighted avg.recall, classification_report.weighted avg.support, dataset_root, experiment, seed, split_sizes, split_sizes.test, split_sizes.train, split_sizes.validation, test, test.accuracy, test.balanced_accuracy, test.loss, test.macro_f1, test.weighted_f1, training, training.best_epoch, training.best_validation_macro_f1, training.finetune_epochs, training.total_seconds, training.warmup_epochs",,"classes, classification_report, classification_report.0_NOR, classification_report.0_NOR.f1-score, classification_report.0_NOR.precision, classification_report.0_NOR.recall, classification_report.0_NOR.support, classification_report.1_F&S, classification_report.1_F&S.f1-score, classification_report.1_F&S.precision, classification_report.1_F&S.recall, classification_report.1_F&S.support, classification_report.2_SD, classification_report.2_SD.f1-score, classification_report.2_SD.precision, classification_report.2_SD.recall, classification_report.2_SD.support, classification_report.3_MY, classification_report.3_MY.f1-score, classification_report.3_MY.precision, classification_report.3_MY.recall, classification_report.3_MY.support, classification_report.4_AP, classification_report.4_AP.f1-score, classification_report.4_AP.precision, classification_report.4_AP.recall, classification_report.4_AP.support, classification_report.5_BN, classification_report.5_BN.f1-score, classification_report.5_BN.precision, classification_report.5_BN.recall, classification_report.5_BN.support, classification_report.6_UN, classification_report.6_UN.f1-score, classification_report.6_UN.precision, classification_report.6_UN.recall, classification_report.6_UN.support, classification_report.7_IM, classification_report.7_IM.f1-score, classification_report.7_IM.precision, classification_report.7_IM.recall, classification_report.7_IM.support, classification_report.accuracy, classification_report.macro avg, classification_report.macro avg.f1-score, classification_report.macro avg.precision, classification_report.macro avg.recall, classification_report.macro avg.support, classification_report.weighted avg, classification_report.weighted avg.f1-score, classification_report.weighted avg.precision, classification_report.weighted avg.recall, classification_report.weighted avg.support, dataset_root, experiment, seed, split_sizes, split_sizes.test, split_sizes.train, split_sizes.validation, test, test.accuracy, test.balanced_accuracy, test.loss, test.macro_f1, test.weighted_f1, training, training.best_epoch, training.best_validation_macro_f1, training.finetune_epochs, training.total_seconds, training.warmup_epochs","count: classification_report.0_NOR.support, classification_report.1_F&S.support, classification_report.2_SD.support, classification_report.3_MY.support, classification_report.4_AP.support, classification_report.5_BN.support, classification_report.6_UN.support, classification_report.7_IM.support, classification_report.macro avg.support, classification_report.weighted avg.support; dataset: dataset_root; metric: classification_report.0_NOR.precision, classification_report.0_NOR.recall, classification_report.0_NOR.support, classification_report.1_F&S.precision, classification_report.1_F&S.recall, classification_report.1_F&S.support, classification_report.2_SD.precision, classification_report.2_SD.recall, classification_report.2_SD.support, classification_report.3_MY.precision, classification_report.3_MY.recall, classification_report.3_MY.support, classification_report.4_AP.precision, classification_report.4_AP.recall, classification_report.4_AP.support, classification_report.5_BN.precision, classification_report.5_BN.recall, classification_report.5_BN.support, classification_report.6_UN.precision, classification_report.6_UN.recall, classification_report.6_UN.support, classification_report.7_IM.precision, classification_report.7_IM.recall, classification_report.7_IM.support, classification_report.accuracy, classification_report.macro avg.precision, classification_report.macro avg.recall, classification_report.macro avg.support, classification_report.weighted avg.precision, classification_report.weighted avg.recall, classification_report.weighted avg.support, test.accuracy, test.balanced_accuracy, test.loss, test.macro_f1, training.best_validation_macro_f1, training.total_seconds; round_or_epoch: training.best_epoch; runtime: training.total_seconds; seed: seed; split: split_sizes, split_sizes.test, split_sizes.train, split_sizes.validation",keys-only,JSON was inspected as nested key paths.
experiments/results/rice/rice_resnet18_grouped_v1/metrics_final.json,.json,0,72,"classes, classification_report, classification_report.0_NOR, classification_report.0_NOR.f1-score, classification_report.0_NOR.precision, classification_report.0_NOR.recall, classification_report.0_NOR.support, classification_report.1_F&S, classification_report.1_F&S.f1-score, classification_report.1_F&S.precision, classification_report.1_F&S.recall, classification_report.1_F&S.support, classification_report.2_SD, classification_report.2_SD.f1-score, classification_report.2_SD.precision, classification_report.2_SD.recall, classification_report.2_SD.support, classification_report.3_MY, classification_report.3_MY.f1-score, classification_report.3_MY.precision, classification_report.3_MY.recall, classification_report.3_MY.support, classification_report.4_AP, classification_report.4_AP.f1-score, classification_report.4_AP.precision, classification_report.4_AP.recall, classification_report.4_AP.support, classification_report.5_BN, classification_report.5_BN.f1-score, classification_report.5_BN.precision, classification_report.5_BN.recall, classification_report.5_BN.support, classification_report.6_UN, classification_report.6_UN.f1-score, classification_report.6_UN.precision, classification_report.6_UN.recall, classification_report.6_UN.support, classification_report.7_IM, classification_report.7_IM.f1-score, classification_report.7_IM.precision, classification_report.7_IM.recall, classification_report.7_IM.support, classification_report.accuracy, classification_report.macro avg, classification_report.macro avg.f1-score, classification_report.macro avg.precision, classification_report.macro avg.recall, classification_report.macro avg.support, classification_report.weighted avg, classification_report.weighted avg.f1-score, classification_report.weighted avg.precision, classification_report.weighted avg.recall, classification_report.weighted avg.support, dataset_root, experiment, seed, split_sizes, split_sizes.test, split_sizes.train, split_sizes.validation, test, test.accuracy, test.balanced_accuracy, test.loss, test.macro_f1, test.weighted_f1, training, training.best_epoch, training.best_validation_macro_f1, training.finetune_epochs, training.total_seconds, training.warmup_epochs",,"classes, classification_report, classification_report.0_NOR, classification_report.0_NOR.f1-score, classification_report.0_NOR.precision, classification_report.0_NOR.recall, classification_report.0_NOR.support, classification_report.1_F&S, classification_report.1_F&S.f1-score, classification_report.1_F&S.precision, classification_report.1_F&S.recall, classification_report.1_F&S.support, classification_report.2_SD, classification_report.2_SD.f1-score, classification_report.2_SD.precision, classification_report.2_SD.recall, classification_report.2_SD.support, classification_report.3_MY, classification_report.3_MY.f1-score, classification_report.3_MY.precision, classification_report.3_MY.recall, classification_report.3_MY.support, classification_report.4_AP, classification_report.4_AP.f1-score, classification_report.4_AP.precision, classification_report.4_AP.recall, classification_report.4_AP.support, classification_report.5_BN, classification_report.5_BN.f1-score, classification_report.5_BN.precision, classification_report.5_BN.recall, classification_report.5_BN.support, classification_report.6_UN, classification_report.6_UN.f1-score, classification_report.6_UN.precision, classification_report.6_UN.recall, classification_report.6_UN.support, classification_report.7_IM, classification_report.7_IM.f1-score, classification_report.7_IM.precision, classification_report.7_IM.recall, classification_report.7_IM.support, classification_report.accuracy, classification_report.macro avg, classification_report.macro avg.f1-score, classification_report.macro avg.precision, classification_report.macro avg.recall, classification_report.macro avg.support, classification_report.weighted avg, classification_report.weighted avg.f1-score, classification_report.weighted avg.precision, classification_report.weighted avg.recall, classification_report.weighted avg.support, dataset_root, experiment, seed, split_sizes, split_sizes.test, split_sizes.train, split_sizes.validation, test, test.accuracy, test.balanced_accuracy, test.loss, test.macro_f1, test.weighted_f1, training, training.best_epoch, training.best_validation_macro_f1, training.finetune_epochs, training.total_seconds, training.warmup_epochs","count: classification_report.0_NOR.support, classification_report.1_F&S.support, classification_report.2_SD.support, classification_report.3_MY.support, classification_report.4_AP.support, classification_report.5_BN.support, classification_report.6_UN.support, classification_report.7_IM.support, classification_report.macro avg.support, classification_report.weighted avg.support; dataset: dataset_root; metric: classification_report.0_NOR.precision, classification_report.0_NOR.recall, classification_report.0_NOR.support, classification_report.1_F&S.precision, classification_report.1_F&S.recall, classification_report.1_F&S.support, classification_report.2_SD.precision, classification_report.2_SD.recall, classification_report.2_SD.support, classification_report.3_MY.precision, classification_report.3_MY.recall, classification_report.3_MY.support, classification_report.4_AP.precision, classification_report.4_AP.recall, classification_report.4_AP.support, classification_report.5_BN.precision, classification_report.5_BN.recall, classification_report.5_BN.support, classification_report.6_UN.precision, classification_report.6_UN.recall, classification_report.6_UN.support, classification_report.7_IM.precision, classification_report.7_IM.recall, classification_report.7_IM.support, classification_report.accuracy, classification_report.macro avg.precision, classification_report.macro avg.recall, classification_report.macro avg.support, classification_report.weighted avg.precision, classification_report.weighted avg.recall, classification_report.weighted avg.support, test.accuracy, test.balanced_accuracy, test.loss, test.macro_f1, training.best_validation_macro_f1, training.total_seconds; round_or_epoch: training.best_epoch; runtime: training.total_seconds; seed: seed; split: split_sizes, split_sizes.test, split_sizes.train, split_sizes.validation",keys-only,JSON was inspected as nested key paths.
experiments/results/rice/rice_resnet18_grouped_v1/split_summary.json,.json,0,43,"seed, splits, splits.test, splits.test.class_counts, splits.test.class_counts.0_NOR, splits.test.class_counts.1_F&S, splits.test.class_counts.2_SD, splits.test.class_counts.3_MY, splits.test.class_counts.4_AP, splits.test.class_counts.5_BN, splits.test.class_counts.6_UN, splits.test.class_counts.7_IM, splits.test.groups, splits.test.images, splits.test.percentage, splits.train, splits.train.class_counts, splits.train.class_counts.0_NOR, splits.train.class_counts.1_F&S, splits.train.class_counts.2_SD, splits.train.class_counts.3_MY, splits.train.class_counts.4_AP, splits.train.class_counts.5_BN, splits.train.class_counts.6_UN, splits.train.class_counts.7_IM, splits.train.groups, splits.train.images, splits.train.percentage, splits.validation, splits.validation.class_counts, splits.validation.class_counts.0_NOR, splits.validation.class_counts.1_F&S, splits.validation.class_counts.2_SD, splits.validation.class_counts.3_MY, splits.validation.class_counts.4_AP, splits.validation.class_counts.5_BN, splits.validation.class_counts.6_UN, splits.validation.class_counts.7_IM, splits.validation.groups, splits.validation.images, splits.validation.percentage, total_groups, total_images",,"seed, splits, splits.test, splits.test.class_counts, splits.test.class_counts.0_NOR, splits.test.class_counts.1_F&S, splits.test.class_counts.2_SD, splits.test.class_counts.3_MY, splits.test.class_counts.4_AP, splits.test.class_counts.5_BN, splits.test.class_counts.6_UN, splits.test.class_counts.7_IM, splits.test.groups, splits.test.images, splits.test.percentage, splits.train, splits.train.class_counts, splits.train.class_counts.0_NOR, splits.train.class_counts.1_F&S, splits.train.class_counts.2_SD, splits.train.class_counts.3_MY, splits.train.class_counts.4_AP, splits.train.class_counts.5_BN, splits.train.class_counts.6_UN, splits.train.class_counts.7_IM, splits.train.groups, splits.train.images, splits.train.percentage, splits.validation, splits.validation.class_counts, splits.validation.class_counts.0_NOR, splits.validation.class_counts.1_F&S, splits.validation.class_counts.2_SD, splits.validation.class_counts.3_MY, splits.validation.class_counts.4_AP, splits.validation.class_counts.5_BN, splits.validation.class_counts.6_UN, splits.validation.class_counts.7_IM, splits.validation.groups, splits.validation.images, splits.validation.percentage, total_groups, total_images","count: splits.test.images, splits.train.images, splits.validation.images, total_images; seed: seed",keys-only,JSON was inspected as nested key paths.
experiments/results/rice/rice_resnet18_grouped_v1/test_confusion_matrix.csv,.csv,8,9,"Unnamed: 0, 0_NOR, 1_F&S, 2_SD, 3_MY, 4_AP, 5_BN, 6_UN, 7_IM","0_NOR, 1_F&S, 2_SD, 3_MY, 4_AP, 5_BN, 6_UN, 7_IM",Unnamed: 0,,read,
experiments/results/rice/rice_resnet18_grouped_v1/test_evaluation.json,.json,0,59,"classification_report, classification_report.0_NOR, classification_report.0_NOR.f1-score, classification_report.0_NOR.precision, classification_report.0_NOR.recall, classification_report.0_NOR.support, classification_report.1_F&S, classification_report.1_F&S.f1-score, classification_report.1_F&S.precision, classification_report.1_F&S.recall, classification_report.1_F&S.support, classification_report.2_SD, classification_report.2_SD.f1-score, classification_report.2_SD.precision, classification_report.2_SD.recall, classification_report.2_SD.support, classification_report.3_MY, classification_report.3_MY.f1-score, classification_report.3_MY.precision, classification_report.3_MY.recall, classification_report.3_MY.support, classification_report.4_AP, classification_report.4_AP.f1-score, classification_report.4_AP.precision, classification_report.4_AP.recall, classification_report.4_AP.support, classification_report.5_BN, classification_report.5_BN.f1-score, classification_report.5_BN.precision, classification_report.5_BN.recall, classification_report.5_BN.support, classification_report.6_UN, classification_report.6_UN.f1-score, classification_report.6_UN.precision, classification_report.6_UN.recall, classification_report.6_UN.support, classification_report.7_IM, classification_report.7_IM.f1-score, classification_report.7_IM.precision, classification_report.7_IM.recall, classification_report.7_IM.support, classification_report.accuracy, classification_report.macro avg, classification_report.macro avg.f1-score, classification_report.macro avg.precision, classification_report.macro avg.recall, classification_report.macro avg.support, classification_report.weighted avg, classification_report.weighted avg.f1-score, classification_report.weighted avg.precision, classification_report.weighted avg.recall, classification_report.weighted avg.support, metrics, metrics.accuracy, metrics.balanced_accuracy, metrics.macro_f1, metrics.weighted_f1, model, split",,"classification_report, classification_report.0_NOR, classification_report.0_NOR.f1-score, classification_report.0_NOR.precision, classification_report.0_NOR.recall, classification_report.0_NOR.support, classification_report.1_F&S, classification_report.1_F&S.f1-score, classification_report.1_F&S.precision, classification_report.1_F&S.recall, classification_report.1_F&S.support, classification_report.2_SD, classification_report.2_SD.f1-score, classification_report.2_SD.precision, classification_report.2_SD.recall, classification_report.2_SD.support, classification_report.3_MY, classification_report.3_MY.f1-score, classification_report.3_MY.precision, classification_report.3_MY.recall, classification_report.3_MY.support, classification_report.4_AP, classification_report.4_AP.f1-score, classification_report.4_AP.precision, classification_report.4_AP.recall, classification_report.4_AP.support, classification_report.5_BN, classification_report.5_BN.f1-score, classification_report.5_BN.precision, classification_report.5_BN.recall, classification_report.5_BN.support, classification_report.6_UN, classification_report.6_UN.f1-score, classification_report.6_UN.precision, classification_report.6_UN.recall, classification_report.6_UN.support, classification_report.7_IM, classification_report.7_IM.f1-score, classification_report.7_IM.precision, classification_report.7_IM.recall, classification_report.7_IM.support, classification_report.accuracy, classification_report.macro avg, classification_report.macro avg.f1-score, classification_report.macro avg.precision, classification_report.macro avg.recall, classification_report.macro avg.support, classification_report.weighted avg, classification_report.weighted avg.f1-score, classification_report.weighted avg.precision, classification_report.weighted avg.recall, classification_report.weighted avg.support, metrics, metrics.accuracy, metrics.balanced_accuracy, metrics.macro_f1, metrics.weighted_f1, model, split","count: classification_report.0_NOR.support, classification_report.1_F&S.support, classification_report.2_SD.support, classification_report.3_MY.support, classification_report.4_AP.support, classification_report.5_BN.support, classification_report.6_UN.support, classification_report.7_IM.support, classification_report.macro avg.support, classification_report.weighted avg.support; metric: classification_report.0_NOR.precision, classification_report.0_NOR.recall, classification_report.0_NOR.support, classification_report.1_F&S.precision, classification_report.1_F&S.recall, classification_report.1_F&S.support, classification_report.2_SD.precision, classification_report.2_SD.recall, classification_report.2_SD.support, classification_report.3_MY.precision, classification_report.3_MY.recall, classification_report.3_MY.support, classification_report.4_AP.precision, classification_report.4_AP.recall, classification_report.4_AP.support, classification_report.5_BN.precision, classification_report.5_BN.recall, classification_report.5_BN.support, classification_report.6_UN.precision, classification_report.6_UN.recall, classification_report.6_UN.support, classification_report.7_IM.precision, classification_report.7_IM.recall, classification_report.7_IM.support, classification_report.accuracy, classification_report.macro avg.precision, classification_report.macro avg.recall, classification_report.macro avg.support, classification_report.weighted avg.precision, classification_report.weighted avg.recall, classification_report.weighted avg.support, metrics.accuracy, metrics.balanced_accuracy, metrics.macro_f1; model: model; split: split",keys-only,JSON was inspected as nested key paths.
experiments/results/rice/rice_resnet18_grouped_v1/test_per_class_metrics.csv,.csv,8,5,"class_name, precision, recall, f1_score, support","precision, recall, f1_score, support",class_name,"class_or_category: class_name; count: support; metric: precision, recall, support",read,
experiments/results/rice/rice_resnet18_grouped_v1/test_predictions.csv,.csv,2500,11,"image_path, mask_path, class_name, capture_group, original_split, split, true_id, predicted_id, true_class, predicted_class, correct","true_id, predicted_id","image_path, mask_path, class_name, capture_group, original_split, split, true_class, predicted_class, correct","class_or_category: class_name, predicted_class, true_class; predicted_label: predicted_class, predicted_id; split: original_split, split",read,
experiments/results/rice/rice_resnet18_grouped_v1/validation_confusion_matrix.csv,.csv,8,9,"Unnamed: 0, 0_NOR, 1_F&S, 2_SD, 3_MY, 4_AP, 5_BN, 6_UN, 7_IM","0_NOR, 1_F&S, 2_SD, 3_MY, 4_AP, 5_BN, 6_UN, 7_IM",Unnamed: 0,,read,
experiments/results/rice/rice_resnet18_grouped_v1/validation_evaluation.json,.json,0,59,"classification_report, classification_report.0_NOR, classification_report.0_NOR.f1-score, classification_report.0_NOR.precision, classification_report.0_NOR.recall, classification_report.0_NOR.support, classification_report.1_F&S, classification_report.1_F&S.f1-score, classification_report.1_F&S.precision, classification_report.1_F&S.recall, classification_report.1_F&S.support, classification_report.2_SD, classification_report.2_SD.f1-score, classification_report.2_SD.precision, classification_report.2_SD.recall, classification_report.2_SD.support, classification_report.3_MY, classification_report.3_MY.f1-score, classification_report.3_MY.precision, classification_report.3_MY.recall, classification_report.3_MY.support, classification_report.4_AP, classification_report.4_AP.f1-score, classification_report.4_AP.precision, classification_report.4_AP.recall, classification_report.4_AP.support, classification_report.5_BN, classification_report.5_BN.f1-score, classification_report.5_BN.precision, classification_report.5_BN.recall, classification_report.5_BN.support, classification_report.6_UN, classification_report.6_UN.f1-score, classification_report.6_UN.precision, classification_report.6_UN.recall, classification_report.6_UN.support, classification_report.7_IM, classification_report.7_IM.f1-score, classification_report.7_IM.precision, classification_report.7_IM.recall, classification_report.7_IM.support, classification_report.accuracy, classification_report.macro avg, classification_report.macro avg.f1-score, classification_report.macro avg.precision, classification_report.macro avg.recall, classification_report.macro avg.support, classification_report.weighted avg, classification_report.weighted avg.f1-score, classification_report.weighted avg.precision, classification_report.weighted avg.recall, classification_report.weighted avg.support, metrics, metrics.accuracy, metrics.balanced_accuracy, metrics.macro_f1, metrics.weighted_f1, model, split",,"classification_report, classification_report.0_NOR, classification_report.0_NOR.f1-score, classification_report.0_NOR.precision, classification_report.0_NOR.recall, classification_report.0_NOR.support, classification_report.1_F&S, classification_report.1_F&S.f1-score, classification_report.1_F&S.precision, classification_report.1_F&S.recall, classification_report.1_F&S.support, classification_report.2_SD, classification_report.2_SD.f1-score, classification_report.2_SD.precision, classification_report.2_SD.recall, classification_report.2_SD.support, classification_report.3_MY, classification_report.3_MY.f1-score, classification_report.3_MY.precision, classification_report.3_MY.recall, classification_report.3_MY.support, classification_report.4_AP, classification_report.4_AP.f1-score, classification_report.4_AP.precision, classification_report.4_AP.recall, classification_report.4_AP.support, classification_report.5_BN, classification_report.5_BN.f1-score, classification_report.5_BN.precision, classification_report.5_BN.recall, classification_report.5_BN.support, classification_report.6_UN, classification_report.6_UN.f1-score, classification_report.6_UN.precision, classification_report.6_UN.recall, classification_report.6_UN.support, classification_report.7_IM, classification_report.7_IM.f1-score, classification_report.7_IM.precision, classification_report.7_IM.recall, classification_report.7_IM.support, classification_report.accuracy, classification_report.macro avg, classification_report.macro avg.f1-score, classification_report.macro avg.precision, classification_report.macro avg.recall, classification_report.macro avg.support, classification_report.weighted avg, classification_report.weighted avg.f1-score, classification_report.weighted avg.precision, classification_report.weighted avg.recall, classification_report.weighted avg.support, metrics, metrics.accuracy, metrics.balanced_accuracy, metrics.macro_f1, metrics.weighted_f1, model, split","count: classification_report.0_NOR.support, classification_report.1_F&S.support, classification_report.2_SD.support, classification_report.3_MY.support, classification_report.4_AP.support, classification_report.5_BN.support, classification_report.6_UN.support, classification_report.7_IM.support, classification_report.macro avg.support, classification_report.weighted avg.support; metric: classification_report.0_NOR.precision, classification_report.0_NOR.recall, classification_report.0_NOR.support, classification_report.1_F&S.precision, classification_report.1_F&S.recall, classification_report.1_F&S.support, classification_report.2_SD.precision, classification_report.2_SD.recall, classification_report.2_SD.support, classification_report.3_MY.precision, classification_report.3_MY.recall, classification_report.3_MY.support, classification_report.4_AP.precision, classification_report.4_AP.recall, classification_report.4_AP.support, classification_report.5_BN.precision, classification_report.5_BN.recall, classification_report.5_BN.support, classification_report.6_UN.precision, classification_report.6_UN.recall, classification_report.6_UN.support, classification_report.7_IM.precision, classification_report.7_IM.recall, classification_report.7_IM.support, classification_report.accuracy, classification_report.macro avg.precision, classification_report.macro avg.recall, classification_report.macro avg.support, classification_report.weighted avg.precision, classification_report.weighted avg.recall, classification_report.weighted avg.support, metrics.accuracy, metrics.balanced_accuracy, metrics.macro_f1; model: model; split: split",keys-only,JSON was inspected as nested key paths.
experiments/results/rice/rice_resnet18_grouped_v1/validation_per_class_metrics.csv,.csv,8,5,"class_name, precision, recall, f1_score, support","precision, recall, f1_score, support",class_name,"class_or_category: class_name; count: support; metric: precision, recall, support",read,
experiments/results/rice/rice_resnet18_grouped_v1/validation_predictions.csv,.csv,2500,11,"image_path, mask_path, class_name, capture_group, original_split, split, true_id, predicted_id, true_class, predicted_class, correct","true_id, predicted_id","image_path, mask_path, class_name, capture_group, original_split, split, true_class, predicted_class, correct","class_or_category: class_name, predicted_class, true_class; predicted_label: predicted_class, predicted_id; split: original_split, split",read,
experiments/results/tables/rice_architecture_evaluation.csv,.csv,6,7,"model, split, num_images, accuracy, balanced_accuracy, macro_f1, weighted_f1","num_images, accuracy, balanced_accuracy, macro_f1, weighted_f1","model, split","count: num_images; metric: accuracy, balanced_accuracy, macro_f1; model: model; split: split",read,
experiments/results/tables/rice_fedavg_mobilenetv2_comparison.csv,.csv,4,7,"experiment, split, num_images, accuracy, balanced_accuracy, macro_f1, weighted_f1","num_images, accuracy, balanced_accuracy, macro_f1, weighted_f1","experiment, split","count: num_images; metric: accuracy, balanced_accuracy, macro_f1; split: split",read,
experiments/results/tables/rice_model_efficiency.csv,.csv,3,6,"model, parameters, fp32_size_mib, centralized_test_macro_f1, fedavg_iid_test_macro_f1, fedavg_noniid_test_macro_f1","parameters, fp32_size_mib, centralized_test_macro_f1, fedavg_iid_test_macro_f1, fedavg_noniid_test_macro_f1",model,"efficiency: parameters; metric: centralized_test_macro_f1, fedavg_iid_test_macro_f1, fedavg_noniid_test_macro_f1; model: model",read,
experiments/results/wheat/wheat_resnet18_grouped_v2/evaluation_summary.csv,.csv,3,7,"experiment, split, num_images, accuracy, balanced_accuracy, macro_f1, weighted_f1","num_images, accuracy, balanced_accuracy, macro_f1, weighted_f1","experiment, split","count: num_images; metric: accuracy, balanced_accuracy, macro_f1; split: split",read,
experiments/results/wheat/wheat_resnet18_grouped_v2/history.json,.json,10,9,"epoch, stage, train_loss, validation_loss, validation_accuracy, validation_balanced_accuracy, validation_macro_f1, validation_weighted_f1, epoch_seconds","epoch, train_loss, validation_loss, validation_accuracy, validation_balanced_accuracy, validation_macro_f1, validation_weighted_f1, epoch_seconds",stage,"metric: epoch_seconds, train_loss, validation_accuracy, validation_balanced_accuracy, validation_loss, validation_macro_f1; round_or_epoch: epoch, epoch_seconds; runtime: epoch_seconds",read,
experiments/results/wheat/wheat_resnet18_grouped_v2/metrics.json,.json,0,199,"capture_groups, capture_groups.test, capture_groups.test_07, capture_groups.train, capture_groups.validation, classes, experiment, manifest_dir, results, results.test, results.test.accuracy, results.test.balanced_accuracy, results.test.classification_report, results.test.classification_report.Black Germ, results.test.classification_report.Black Germ.f1-score, results.test.classification_report.Black Germ.precision, results.test.classification_report.Black Germ.recall, results.test.classification_report.Black Germ.support, results.test.classification_report.Broken, results.test.classification_report.Broken.f1-score, results.test.classification_report.Broken.precision, results.test.classification_report.Broken.recall, results.test.classification_report.Broken.support, results.test.classification_report.Fusarium, results.test.classification_report.Fusarium.f1-score, results.test.classification_report.Fusarium.precision, results.test.classification_report.Fusarium.recall, results.test.classification_report.Fusarium.support, results.test.classification_report.Insect, results.test.classification_report.Insect.f1-score, results.test.classification_report.Insect.precision, results.test.classification_report.Insect.recall, results.test.classification_report.Insect.support, results.test.classification_report.Moldy, results.test.classification_report.Moldy.f1-score, results.test.classification_report.Moldy.precision, results.test.classification_report.Moldy.recall, results.test.classification_report.Moldy.support, results.test.classification_report.Sound, results.test.classification_report.Sound.f1-score, results.test.classification_report.Sound.precision, results.test.classification_report.Sound.recall, results.test.classification_report.Sound.support, results.test.classification_report.Spotted, results.test.classification_report.Spotted.f1-score, results.test.classification_report.Spotted.precision, results.test.classification_report.Spotted.recall, results.test.classification_report.Spotted.support, results.test.classification_report.Sprouted, results.test.classification_report.Sprouted.f1-score, results.test.classification_report.Sprouted.precision, results.test.classification_report.Sprouted.recall, results.test.classification_report.Sprouted.support, results.test.classification_report.accuracy, results.test.classification_report.macro avg, results.test.classification_report.macro avg.f1-score, results.test.classification_report.macro avg.precision, results.test.classification_report.macro avg.recall, results.test.classification_report.macro avg.support, results.test.classification_report.weighted avg, results.test.classification_report.weighted avg.f1-score, results.test.classification_report.weighted avg.precision, results.test.classification_report.weighted avg.recall, results.test.classification_report.weighted avg.support, results.test.loss, results.test.macro_f1, results.test.weighted_f1, results.test_07, results.test_07.accuracy, results.test_07.balanced_accuracy, results.test_07.classification_report, results.test_07.classification_report.Black Germ, results.test_07.classification_report.Black Germ.f1-score, results.test_07.classification_report.Black Germ.precision, results.test_07.classification_report.Black Germ.recall, results.test_07.classification_report.Black Germ.support, results.test_07.classification_report.Broken, results.test_07.classification_report.Broken.f1-score, results.test_07.classification_report.Broken.precision, results.test_07.classification_report.Broken.recall, results.test_07.classification_report.Broken.support, results.test_07.classification_report.Fusarium, results.test_07.classification_report.Fusarium.f1-score, results.test_07.classification_report.Fusarium.precision, results.test_07.classification_report.Fusarium.recall, results.test_07.classification_report.Fusarium.support, results.test_07.classification_report.Insect, results.test_07.classification_report.Insect.f1-score, results.test_07.classification_report.Insect.precision, results.test_07.classification_report.Insect.recall, results.test_07.classification_report.Insect.support, results.test_07.classification_report.Moldy, results.test_07.classification_report.Moldy.f1-score, results.test_07.classification_report.Moldy.precision, results.test_07.classification_report.Moldy.recall, results.test_07.classification_report.Moldy.support, results.test_07.classification_report.Sound, results.test_07.classification_report.Sound.f1-score, results.test_07.classification_report.Sound.precision, results.test_07.classification_report.Sound.recall, results.test_07.classification_report.Sound.support, results.test_07.classification_report.Spotted, results.test_07.classification_report.Spotted.f1-score, results.test_07.classification_report.Spotted.precision, results.test_07.classification_report.Spotted.recall, results.test_07.classification_report.Spotted.support, results.test_07.classification_report.Sprouted, results.test_07.classification_report.Sprouted.f1-score, results.test_07.classification_report.Sprouted.precision, results.test_07.classification_report.Sprouted.recall, results.test_07.classification_report.Sprouted.support, results.test_07.classification_report.accuracy, results.test_07.classification_report.macro avg, results.test_07.classification_report.macro avg.f1-score, results.test_07.classification_report.macro avg.precision, results.test_07.classification_report.macro avg.recall, results.test_07.classification_report.macro avg.support, results.test_07.classification_report.weighted avg, results.test_07.classification_report.weighted avg.f1-score, results.test_07.classification_report.weighted avg.precision, results.test_07.classification_report.weighted avg.recall, results.test_07.classification_report.weighted avg.support, results.test_07.loss, results.test_07.macro_f1, results.test_07.weighted_f1, results.validation, results.validation.accuracy, results.validation.balanced_accuracy, results.validation.classification_report, results.validation.classification_report.Black Germ, results.validation.classification_report.Black Germ.f1-score, results.validation.classification_report.Black Germ.precision, results.validation.classification_report.Black Germ.recall, results.validation.classification_report.Black Germ.support, results.validation.classification_report.Broken, results.validation.classification_report.Broken.f1-score, results.validation.classification_report.Broken.precision, results.validation.classification_report.Broken.recall, results.validation.classification_report.Broken.support, results.validation.classification_report.Fusarium, results.validation.classification_report.Fusarium.f1-score, results.validation.classification_report.Fusarium.precision, results.validation.classification_report.Fusarium.recall, results.validation.classification_report.Fusarium.support, results.validation.classification_report.Insect, results.validation.classification_report.Insect.f1-score, results.validation.classification_report.Insect.precision, results.validation.classification_report.Insect.recall, results.validation.classification_report.Insect.support, results.validation.classification_report.Moldy, results.validation.classification_report.Moldy.f1-score, results.validation.classification_report.Moldy.precision, results.validation.classification_report.Moldy.recall, results.validation.classification_report.Moldy.support, results.validation.classification_report.Sound, results.validation.classification_report.Sound.f1-score, results.validation.classification_report.Sound.precision, results.validation.classification_report.Sound.recall, results.validation.classification_report.Sound.support, results.validation.classification_report.Spotted, results.validation.classification_report.Spotted.f1-score, results.validation.classification_report.Spotted.precision, results.validation.classification_report.Spotted.recall, results.validation.classification_report.Spotted.support, results.validation.classification_report.Sprouted, results.validation.classification_report.Sprouted.f1-score, results.validation.classification_report.Sprouted.precision, results.validation.classification_report.Sprouted.recall, results.validation.classification_report.Sprouted.support, results.validation.classification_report.accuracy, results.validation.classification_report.macro avg, results.validation.classification_report.macro avg.f1-score, results.validation.classification_report.macro avg.precision, results.validation.classification_report.macro avg.recall, results.validation.classification_report.macro avg.support, results.validation.classification_report.weighted avg, results.validation.classification_report.weighted avg.f1-score, results.validation.classification_report.weighted avg.precision, results.validation.classification_report.weighted avg.recall, results.validation.classification_report.weighted avg.support, results.validation.loss, results.validation.macro_f1, results.validation.weighted_f1, seed, split_sizes, split_sizes.test, split_sizes.test_07, split_sizes.train, split_sizes.validation, training, training.batch_size, training.best_epoch, training.best_validation_macro_f1, training.finetune_epochs, training.finetune_lr, training.total_seconds, training.warmup_epochs, training.warmup_lr, training.weight_decay",,"capture_groups, capture_groups.test, capture_groups.test_07, capture_groups.train, capture_groups.validation, classes, experiment, manifest_dir, results, results.test, results.test.accuracy, results.test.balanced_accuracy, results.test.classification_report, results.test.classification_report.Black Germ, results.test.classification_report.Black Germ.f1-score, results.test.classification_report.Black Germ.precision, results.test.classification_report.Black Germ.recall, results.test.classification_report.Black Germ.support, results.test.classification_report.Broken, results.test.classification_report.Broken.f1-score, results.test.classification_report.Broken.precision, results.test.classification_report.Broken.recall, results.test.classification_report.Broken.support, results.test.classification_report.Fusarium, results.test.classification_report.Fusarium.f1-score, results.test.classification_report.Fusarium.precision, results.test.classification_report.Fusarium.recall, results.test.classification_report.Fusarium.support, results.test.classification_report.Insect, results.test.classification_report.Insect.f1-score, results.test.classification_report.Insect.precision, results.test.classification_report.Insect.recall, results.test.classification_report.Insect.support, results.test.classification_report.Moldy, results.test.classification_report.Moldy.f1-score, results.test.classification_report.Moldy.precision, results.test.classification_report.Moldy.recall, results.test.classification_report.Moldy.support, results.test.classification_report.Sound, results.test.classification_report.Sound.f1-score, results.test.classification_report.Sound.precision, results.test.classification_report.Sound.recall, results.test.classification_report.Sound.support, results.test.classification_report.Spotted, results.test.classification_report.Spotted.f1-score, results.test.classification_report.Spotted.precision, results.test.classification_report.Spotted.recall, results.test.classification_report.Spotted.support, results.test.classification_report.Sprouted, results.test.classification_report.Sprouted.f1-score, results.test.classification_report.Sprouted.precision, results.test.classification_report.Sprouted.recall, results.test.classification_report.Sprouted.support, results.test.classification_report.accuracy, results.test.classification_report.macro avg, results.test.classification_report.macro avg.f1-score, results.test.classification_report.macro avg.precision, results.test.classification_report.macro avg.recall, results.test.classification_report.macro avg.support, results.test.classification_report.weighted avg, results.test.classification_report.weighted avg.f1-score, results.test.classification_report.weighted avg.precision, results.test.classification_report.weighted avg.recall, results.test.classification_report.weighted avg.support, results.test.loss, results.test.macro_f1, results.test.weighted_f1, results.test_07, results.test_07.accuracy, results.test_07.balanced_accuracy, results.test_07.classification_report, results.test_07.classification_report.Black Germ, results.test_07.classification_report.Black Germ.f1-score, results.test_07.classification_report.Black Germ.precision, results.test_07.classification_report.Black Germ.recall, results.test_07.classification_report.Black Germ.support, results.test_07.classification_report.Broken, results.test_07.classification_report.Broken.f1-score, results.test_07.classification_report.Broken.precision, results.test_07.classification_report.Broken.recall, results.test_07.classification_report.Broken.support, results.test_07.classification_report.Fusarium, results.test_07.classification_report.Fusarium.f1-score, results.test_07.classification_report.Fusarium.precision, results.test_07.classification_report.Fusarium.recall, results.test_07.classification_report.Fusarium.support, results.test_07.classification_report.Insect, results.test_07.classification_report.Insect.f1-score, results.test_07.classification_report.Insect.precision, results.test_07.classification_report.Insect.recall, results.test_07.classification_report.Insect.support, results.test_07.classification_report.Moldy, results.test_07.classification_report.Moldy.f1-score, results.test_07.classification_report.Moldy.precision, results.test_07.classification_report.Moldy.recall, results.test_07.classification_report.Moldy.support, results.test_07.classification_report.Sound, results.test_07.classification_report.Sound.f1-score, results.test_07.classification_report.Sound.precision, results.test_07.classification_report.Sound.recall, results.test_07.classification_report.Sound.support, results.test_07.classification_report.Spotted, results.test_07.classification_report.Spotted.f1-score, results.test_07.classification_report.Spotted.precision, results.test_07.classification_report.Spotted.recall, results.test_07.classification_report.Spotted.support, results.test_07.classification_report.Sprouted, results.test_07.classification_report.Sprouted.f1-score, results.test_07.classification_report.Sprouted.precision, results.test_07.classification_report.Sprouted.recall, results.test_07.classification_report.Sprouted.support, results.test_07.classification_report.accuracy, results.test_07.classification_report.macro avg, results.test_07.classification_report.macro avg.f1-score, results.test_07.classification_report.macro avg.precision, results.test_07.classification_report.macro avg.recall, results.test_07.classification_report.macro avg.support, results.test_07.classification_report.weighted avg, results.test_07.classification_report.weighted avg.f1-score, results.test_07.classification_report.weighted avg.precision, results.test_07.classification_report.weighted avg.recall, results.test_07.classification_report.weighted avg.support, results.test_07.loss, results.test_07.macro_f1, results.test_07.weighted_f1, results.validation, results.validation.accuracy, results.validation.balanced_accuracy, results.validation.classification_report, results.validation.classification_report.Black Germ, results.validation.classification_report.Black Germ.f1-score, results.validation.classification_report.Black Germ.precision, results.validation.classification_report.Black Germ.recall, results.validation.classification_report.Black Germ.support, results.validation.classification_report.Broken, results.validation.classification_report.Broken.f1-score, results.validation.classification_report.Broken.precision, results.validation.classification_report.Broken.recall, results.validation.classification_report.Broken.support, results.validation.classification_report.Fusarium, results.validation.classification_report.Fusarium.f1-score, results.validation.classification_report.Fusarium.precision, results.validation.classification_report.Fusarium.recall, results.validation.classification_report.Fusarium.support, results.validation.classification_report.Insect, results.validation.classification_report.Insect.f1-score, results.validation.classification_report.Insect.precision, results.validation.classification_report.Insect.recall, results.validation.classification_report.Insect.support, results.validation.classification_report.Moldy, results.validation.classification_report.Moldy.f1-score, results.validation.classification_report.Moldy.precision, results.validation.classification_report.Moldy.recall, results.validation.classification_report.Moldy.support, results.validation.classification_report.Sound, results.validation.classification_report.Sound.f1-score, results.validation.classification_report.Sound.precision, results.validation.classification_report.Sound.recall, results.validation.classification_report.Sound.support, results.validation.classification_report.Spotted, results.validation.classification_report.Spotted.f1-score, results.validation.classification_report.Spotted.precision, results.validation.classification_report.Spotted.recall, results.validation.classification_report.Spotted.support, results.validation.classification_report.Sprouted, results.validation.classification_report.Sprouted.f1-score, results.validation.classification_report.Sprouted.precision, results.validation.classification_report.Sprouted.recall, results.validation.classification_report.Sprouted.support, results.validation.classification_report.accuracy, results.validation.classification_report.macro avg, results.validation.classification_report.macro avg.f1-score, results.validation.classification_report.macro avg.precision, results.validation.classification_report.macro avg.recall, results.validation.classification_report.macro avg.support, results.validation.classification_report.weighted avg, results.validation.classification_report.weighted avg.f1-score, results.validation.classification_report.weighted avg.precision, results.validation.classification_report.weighted avg.recall, results.validation.classification_report.weighted avg.support, results.validation.loss, results.validation.macro_f1, results.validation.weighted_f1, seed, split_sizes, split_sizes.test, split_sizes.test_07, split_sizes.train, split_sizes.validation, training, training.batch_size, training.best_epoch, training.best_validation_macro_f1, training.finetune_epochs, training.finetune_lr, training.total_seconds, training.warmup_epochs, training.warmup_lr, training.weight_decay","count: results.test.classification_report.Black Germ.support, results.test.classification_report.Broken.support, results.test.classification_report.Fusarium.support, results.test.classification_report.Insect.support, results.test.classification_report.Moldy.support, results.test.classification_report.Sound.support, results.test.classification_report.Spotted.support, results.test.classification_report.Sprouted.support, results.test.classification_report.macro avg.support, results.test.classification_report.weighted avg.support, results.test_07.classification_report.Black Germ.support, results.test_07.classification_report.Broken.support, results.test_07.classification_report.Fusarium.support, results.test_07.classification_report.Insect.support, results.test_07.classification_report.Moldy.support, results.test_07.classification_report.Sound.support, results.test_07.classification_report.Spotted.support, results.test_07.classification_report.Sprouted.support, results.test_07.classification_report.macro avg.support, results.test_07.classification_report.weighted avg.support, results.validation.classification_report.Black Germ.support, results.validation.classification_report.Broken.support, results.validation.classification_report.Fusarium.support, results.validation.classification_report.Insect.support, results.validation.classification_report.Moldy.support, results.validation.classification_report.Sound.support, results.validation.classification_report.Spotted.support, results.validation.classification_report.Sprouted.support, results.validation.classification_report.macro avg.support, results.validation.classification_report.weighted avg.support; metric: results.test.accuracy, results.test.balanced_accuracy, results.test.classification_report.Black Germ.precision, results.test.classification_report.Black Germ.recall, results.test.classification_report.Black Germ.support, results.test.classification_report.Broken.precision, results.test.classification_report.Broken.recall, results.test.classification_report.Broken.support, results.test.classification_report.Fusarium.precision, results.test.classification_report.Fusarium.recall, results.test.classification_report.Fusarium.support, results.test.classification_report.Insect.precision, results.test.classification_report.Insect.recall, results.test.classification_report.Insect.support, results.test.classification_report.Moldy.precision, results.test.classification_report.Moldy.recall, results.test.classification_report.Moldy.support, results.test.classification_report.Sound.precision, results.test.classification_report.Sound.recall, results.test.classification_report.Sound.support, results.test.classification_report.Spotted.precision, results.test.classification_report.Spotted.recall, results.test.classification_report.Spotted.support, results.test.classification_report.Sprouted.precision, results.test.classification_report.Sprouted.recall, results.test.classification_report.Sprouted.support, results.test.classification_report.accuracy, results.test.classification_report.macro avg.precision, results.test.classification_report.macro avg.recall, results.test.classification_report.macro avg.support, results.test.classification_report.weighted avg.precision, results.test.classification_report.weighted avg.recall, results.test.classification_report.weighted avg.support, results.test.loss, results.test.macro_f1, results.test_07.accuracy, results.test_07.balanced_accuracy, results.test_07.classification_report.Black Germ.precision, results.test_07.classification_report.Black Germ.recall, results.test_07.classification_report.Black Germ.support, results.test_07.classification_report.Broken.precision, results.test_07.classification_report.Broken.recall, results.test_07.classification_report.Broken.support, results.test_07.classification_report.Fusarium.precision, results.test_07.classification_report.Fusarium.recall, results.test_07.classification_report.Fusarium.support, results.test_07.classification_report.Insect.precision, results.test_07.classification_report.Insect.recall, results.test_07.classification_report.Insect.support, results.test_07.classification_report.Moldy.precision, results.test_07.classification_report.Moldy.recall, results.test_07.classification_report.Moldy.support, results.test_07.classification_report.Sound.precision, results.test_07.classification_report.Sound.recall, results.test_07.classification_report.Sound.support, results.test_07.classification_report.Spotted.precision, results.test_07.classification_report.Spotted.recall, results.test_07.classification_report.Spotted.support, results.test_07.classification_report.Sprouted.precision, results.test_07.classification_report.Sprouted.recall, results.test_07.classification_report.Sprouted.support, results.test_07.classification_report.accuracy, results.test_07.classification_report.macro avg.precision, results.test_07.classification_report.macro avg.recall, results.test_07.classification_report.macro avg.support, results.test_07.classification_report.weighted avg.precision, results.test_07.classification_report.weighted avg.recall, results.test_07.classification_report.weighted avg.support, results.test_07.loss, results.test_07.macro_f1, results.validation.accuracy, results.validation.balanced_accuracy, results.validation.classification_report.Black Germ.precision, results.validation.classification_report.Black Germ.recall, results.validation.classification_report.Black Germ.support, results.validation.classification_report.Broken.precision, results.validation.classification_report.Broken.recall, results.validation.classification_report.Broken.support, results.validation.classification_report.Fusarium.precision, results.validation.classification_report.Fusarium.recall, results.validation.classification_report.Fusarium.support, results.validation.classification_report.Insect.precision, results.validation.classification_report.Insect.recall, results.validation.classification_report.Insect.support, results.validation.classification_report.Moldy.precision, results.validation.classification_report.Moldy.recall, results.validation.classification_report.Moldy.support, results.validation.classification_report.Sound.precision, results.validation.classification_report.Sound.recall, results.validation.classification_report.Sound.support, results.validation.classification_report.Spotted.precision, results.validation.classification_report.Spotted.recall, results.validation.classification_report.Spotted.support, results.validation.classification_report.Sprouted.precision, results.validation.classification_report.Sprouted.recall, results.validation.classification_report.Sprouted.support, results.validation.classification_report.accuracy, results.validation.classification_report.macro avg.precision, results.validation.classification_report.macro avg.recall, results.validation.classification_report.macro avg.support, results.validation.classification_report.weighted avg.precision, results.validation.classification_report.weighted avg.recall, results.validation.classification_report.weighted avg.support, results.validation.loss, results.validation.macro_f1, training.best_validation_macro_f1, training.total_seconds; round_or_epoch: training.best_epoch; runtime: training.total_seconds; seed: seed; split: split_sizes, split_sizes.test, split_sizes.test_07, split_sizes.train, split_sizes.validation",keys-only,JSON was inspected as nested key paths.
experiments/results/wheat/wheat_resnet18_grouped_v2/test_07_confusion_matrix.csv,.csv,8,9,"Unnamed: 0, Black Germ, Broken, Fusarium, Insect, Moldy, Sound, Spotted, Sprouted","Black Germ, Broken, Fusarium, Insect, Moldy, Sound, Spotted, Sprouted",Unnamed: 0,,read,
experiments/results/wheat/wheat_resnet18_grouped_v2/test_07_per_class_metrics.csv,.csv,8,5,"class_name, precision, recall, f1_score, support","precision, recall, f1_score, support",class_name,"class_or_category: class_name; count: support; metric: precision, recall, support",read,
experiments/results/wheat/wheat_resnet18_grouped_v2/test_07_predictions.csv,.csv,2500,10,"path, source, label, capture_group, split, true_id, predicted_id, true_class, predicted_class, correct","true_id, predicted_id","path, source, label, capture_group, split, true_class, predicted_class, correct","class_or_category: label, predicted_class, true_class; predicted_label: predicted_class, predicted_id; split: split",read,
experiments/results/wheat/wheat_resnet18_grouped_v2/test_confusion_matrix.csv,.csv,8,9,"Unnamed: 0, Black Germ, Broken, Fusarium, Insect, Moldy, Sound, Spotted, Sprouted","Black Germ, Broken, Fusarium, Insect, Moldy, Sound, Spotted, Sprouted",Unnamed: 0,,read,
experiments/results/wheat/wheat_resnet18_grouped_v2/test_per_class_metrics.csv,.csv,8,5,"class_name, precision, recall, f1_score, support","precision, recall, f1_score, support",class_name,"class_or_category: class_name; count: support; metric: precision, recall, support",read,
experiments/results/wheat/wheat_resnet18_grouped_v2/test_predictions.csv,.csv,2500,10,"path, source, label, capture_group, split, true_id, predicted_id, true_class, predicted_class, correct","true_id, predicted_id","path, source, label, capture_group, split, true_class, predicted_class, correct","class_or_category: label, predicted_class, true_class; predicted_label: predicted_class, predicted_id; split: split",read,
experiments/results/wheat/wheat_resnet18_grouped_v2/validation_confusion_matrix.csv,.csv,8,9,"Unnamed: 0, Black Germ, Broken, Fusarium, Insect, Moldy, Sound, Spotted, Sprouted","Black Germ, Broken, Fusarium, Insect, Moldy, Sound, Spotted, Sprouted",Unnamed: 0,,read,
experiments/results/wheat/wheat_resnet18_grouped_v2/validation_per_class_metrics.csv,.csv,8,5,"class_name, precision, recall, f1_score, support","precision, recall, f1_score, support",class_name,"class_or_category: class_name; count: support; metric: precision, recall, support",read,
experiments/results/wheat/wheat_resnet18_grouped_v2/validation_predictions.csv,.csv,2500,10,"path, source, label, capture_group, split, true_id, predicted_id, true_class, predicted_class, correct","source, true_id, predicted_id","path, label, capture_group, split, true_class, predicted_class, correct","class_or_category: label, predicted_class, true_class; predicted_label: predicted_class, predicted_id; split: split",read,
experiments/results/wheat/wheat_resnet18_grouped_v3_sqrt_weights/evaluation_summary.csv,.csv,3,7,"experiment, split, num_images, accuracy, balanced_accuracy, macro_f1, weighted_f1","num_images, accuracy, balanced_accuracy, macro_f1, weighted_f1","experiment, split","count: num_images; metric: accuracy, balanced_accuracy, macro_f1; split: split",read,
experiments/results/wheat/wheat_resnet18_grouped_v3_sqrt_weights/history.json,.json,10,9,"epoch, stage, train_loss, validation_loss, validation_accuracy, validation_balanced_accuracy, validation_macro_f1, validation_weighted_f1, epoch_seconds","epoch, train_loss, validation_loss, validation_accuracy, validation_balanced_accuracy, validation_macro_f1, validation_weighted_f1, epoch_seconds",stage,"metric: epoch_seconds, train_loss, validation_accuracy, validation_balanced_accuracy, validation_loss, validation_macro_f1; round_or_epoch: epoch, epoch_seconds; runtime: epoch_seconds",read,
experiments/results/wheat/wheat_resnet18_grouped_v3_sqrt_weights/metrics.json,.json,0,199,"capture_groups, capture_groups.test, capture_groups.test_07, capture_groups.train, capture_groups.validation, classes, experiment, manifest_dir, results, results.test, results.test.accuracy, results.test.balanced_accuracy, results.test.classification_report, results.test.classification_report.Black Germ, results.test.classification_report.Black Germ.f1-score, results.test.classification_report.Black Germ.precision, results.test.classification_report.Black Germ.recall, results.test.classification_report.Black Germ.support, results.test.classification_report.Broken, results.test.classification_report.Broken.f1-score, results.test.classification_report.Broken.precision, results.test.classification_report.Broken.recall, results.test.classification_report.Broken.support, results.test.classification_report.Fusarium, results.test.classification_report.Fusarium.f1-score, results.test.classification_report.Fusarium.precision, results.test.classification_report.Fusarium.recall, results.test.classification_report.Fusarium.support, results.test.classification_report.Insect, results.test.classification_report.Insect.f1-score, results.test.classification_report.Insect.precision, results.test.classification_report.Insect.recall, results.test.classification_report.Insect.support, results.test.classification_report.Moldy, results.test.classification_report.Moldy.f1-score, results.test.classification_report.Moldy.precision, results.test.classification_report.Moldy.recall, results.test.classification_report.Moldy.support, results.test.classification_report.Sound, results.test.classification_report.Sound.f1-score, results.test.classification_report.Sound.precision, results.test.classification_report.Sound.recall, results.test.classification_report.Sound.support, results.test.classification_report.Spotted, results.test.classification_report.Spotted.f1-score, results.test.classification_report.Spotted.precision, results.test.classification_report.Spotted.recall, results.test.classification_report.Spotted.support, results.test.classification_report.Sprouted, results.test.classification_report.Sprouted.f1-score, results.test.classification_report.Sprouted.precision, results.test.classification_report.Sprouted.recall, results.test.classification_report.Sprouted.support, results.test.classification_report.accuracy, results.test.classification_report.macro avg, results.test.classification_report.macro avg.f1-score, results.test.classification_report.macro avg.precision, results.test.classification_report.macro avg.recall, results.test.classification_report.macro avg.support, results.test.classification_report.weighted avg, results.test.classification_report.weighted avg.f1-score, results.test.classification_report.weighted avg.precision, results.test.classification_report.weighted avg.recall, results.test.classification_report.weighted avg.support, results.test.loss, results.test.macro_f1, results.test.weighted_f1, results.test_07, results.test_07.accuracy, results.test_07.balanced_accuracy, results.test_07.classification_report, results.test_07.classification_report.Black Germ, results.test_07.classification_report.Black Germ.f1-score, results.test_07.classification_report.Black Germ.precision, results.test_07.classification_report.Black Germ.recall, results.test_07.classification_report.Black Germ.support, results.test_07.classification_report.Broken, results.test_07.classification_report.Broken.f1-score, results.test_07.classification_report.Broken.precision, results.test_07.classification_report.Broken.recall, results.test_07.classification_report.Broken.support, results.test_07.classification_report.Fusarium, results.test_07.classification_report.Fusarium.f1-score, results.test_07.classification_report.Fusarium.precision, results.test_07.classification_report.Fusarium.recall, results.test_07.classification_report.Fusarium.support, results.test_07.classification_report.Insect, results.test_07.classification_report.Insect.f1-score, results.test_07.classification_report.Insect.precision, results.test_07.classification_report.Insect.recall, results.test_07.classification_report.Insect.support, results.test_07.classification_report.Moldy, results.test_07.classification_report.Moldy.f1-score, results.test_07.classification_report.Moldy.precision, results.test_07.classification_report.Moldy.recall, results.test_07.classification_report.Moldy.support, results.test_07.classification_report.Sound, results.test_07.classification_report.Sound.f1-score, results.test_07.classification_report.Sound.precision, results.test_07.classification_report.Sound.recall, results.test_07.classification_report.Sound.support, results.test_07.classification_report.Spotted, results.test_07.classification_report.Spotted.f1-score, results.test_07.classification_report.Spotted.precision, results.test_07.classification_report.Spotted.recall, results.test_07.classification_report.Spotted.support, results.test_07.classification_report.Sprouted, results.test_07.classification_report.Sprouted.f1-score, results.test_07.classification_report.Sprouted.precision, results.test_07.classification_report.Sprouted.recall, results.test_07.classification_report.Sprouted.support, results.test_07.classification_report.accuracy, results.test_07.classification_report.macro avg, results.test_07.classification_report.macro avg.f1-score, results.test_07.classification_report.macro avg.precision, results.test_07.classification_report.macro avg.recall, results.test_07.classification_report.macro avg.support, results.test_07.classification_report.weighted avg, results.test_07.classification_report.weighted avg.f1-score, results.test_07.classification_report.weighted avg.precision, results.test_07.classification_report.weighted avg.recall, results.test_07.classification_report.weighted avg.support, results.test_07.loss, results.test_07.macro_f1, results.test_07.weighted_f1, results.validation, results.validation.accuracy, results.validation.balanced_accuracy, results.validation.classification_report, results.validation.classification_report.Black Germ, results.validation.classification_report.Black Germ.f1-score, results.validation.classification_report.Black Germ.precision, results.validation.classification_report.Black Germ.recall, results.validation.classification_report.Black Germ.support, results.validation.classification_report.Broken, results.validation.classification_report.Broken.f1-score, results.validation.classification_report.Broken.precision, results.validation.classification_report.Broken.recall, results.validation.classification_report.Broken.support, results.validation.classification_report.Fusarium, results.validation.classification_report.Fusarium.f1-score, results.validation.classification_report.Fusarium.precision, results.validation.classification_report.Fusarium.recall, results.validation.classification_report.Fusarium.support, results.validation.classification_report.Insect, results.validation.classification_report.Insect.f1-score, results.validation.classification_report.Insect.precision, results.validation.classification_report.Insect.recall, results.validation.classification_report.Insect.support, results.validation.classification_report.Moldy, results.validation.classification_report.Moldy.f1-score, results.validation.classification_report.Moldy.precision, results.validation.classification_report.Moldy.recall, results.validation.classification_report.Moldy.support, results.validation.classification_report.Sound, results.validation.classification_report.Sound.f1-score, results.validation.classification_report.Sound.precision, results.validation.classification_report.Sound.recall, results.validation.classification_report.Sound.support, results.validation.classification_report.Spotted, results.validation.classification_report.Spotted.f1-score, results.validation.classification_report.Spotted.precision, results.validation.classification_report.Spotted.recall, results.validation.classification_report.Spotted.support, results.validation.classification_report.Sprouted, results.validation.classification_report.Sprouted.f1-score, results.validation.classification_report.Sprouted.precision, results.validation.classification_report.Sprouted.recall, results.validation.classification_report.Sprouted.support, results.validation.classification_report.accuracy, results.validation.classification_report.macro avg, results.validation.classification_report.macro avg.f1-score, results.validation.classification_report.macro avg.precision, results.validation.classification_report.macro avg.recall, results.validation.classification_report.macro avg.support, results.validation.classification_report.weighted avg, results.validation.classification_report.weighted avg.f1-score, results.validation.classification_report.weighted avg.precision, results.validation.classification_report.weighted avg.recall, results.validation.classification_report.weighted avg.support, results.validation.loss, results.validation.macro_f1, results.validation.weighted_f1, seed, split_sizes, split_sizes.test, split_sizes.test_07, split_sizes.train, split_sizes.validation, training, training.batch_size, training.best_epoch, training.best_validation_macro_f1, training.finetune_epochs, training.finetune_lr, training.total_seconds, training.warmup_epochs, training.warmup_lr, training.weight_decay",,"capture_groups, capture_groups.test, capture_groups.test_07, capture_groups.train, capture_groups.validation, classes, experiment, manifest_dir, results, results.test, results.test.accuracy, results.test.balanced_accuracy, results.test.classification_report, results.test.classification_report.Black Germ, results.test.classification_report.Black Germ.f1-score, results.test.classification_report.Black Germ.precision, results.test.classification_report.Black Germ.recall, results.test.classification_report.Black Germ.support, results.test.classification_report.Broken, results.test.classification_report.Broken.f1-score, results.test.classification_report.Broken.precision, results.test.classification_report.Broken.recall, results.test.classification_report.Broken.support, results.test.classification_report.Fusarium, results.test.classification_report.Fusarium.f1-score, results.test.classification_report.Fusarium.precision, results.test.classification_report.Fusarium.recall, results.test.classification_report.Fusarium.support, results.test.classification_report.Insect, results.test.classification_report.Insect.f1-score, results.test.classification_report.Insect.precision, results.test.classification_report.Insect.recall, results.test.classification_report.Insect.support, results.test.classification_report.Moldy, results.test.classification_report.Moldy.f1-score, results.test.classification_report.Moldy.precision, results.test.classification_report.Moldy.recall, results.test.classification_report.Moldy.support, results.test.classification_report.Sound, results.test.classification_report.Sound.f1-score, results.test.classification_report.Sound.precision, results.test.classification_report.Sound.recall, results.test.classification_report.Sound.support, results.test.classification_report.Spotted, results.test.classification_report.Spotted.f1-score, results.test.classification_report.Spotted.precision, results.test.classification_report.Spotted.recall, results.test.classification_report.Spotted.support, results.test.classification_report.Sprouted, results.test.classification_report.Sprouted.f1-score, results.test.classification_report.Sprouted.precision, results.test.classification_report.Sprouted.recall, results.test.classification_report.Sprouted.support, results.test.classification_report.accuracy, results.test.classification_report.macro avg, results.test.classification_report.macro avg.f1-score, results.test.classification_report.macro avg.precision, results.test.classification_report.macro avg.recall, results.test.classification_report.macro avg.support, results.test.classification_report.weighted avg, results.test.classification_report.weighted avg.f1-score, results.test.classification_report.weighted avg.precision, results.test.classification_report.weighted avg.recall, results.test.classification_report.weighted avg.support, results.test.loss, results.test.macro_f1, results.test.weighted_f1, results.test_07, results.test_07.accuracy, results.test_07.balanced_accuracy, results.test_07.classification_report, results.test_07.classification_report.Black Germ, results.test_07.classification_report.Black Germ.f1-score, results.test_07.classification_report.Black Germ.precision, results.test_07.classification_report.Black Germ.recall, results.test_07.classification_report.Black Germ.support, results.test_07.classification_report.Broken, results.test_07.classification_report.Broken.f1-score, results.test_07.classification_report.Broken.precision, results.test_07.classification_report.Broken.recall, results.test_07.classification_report.Broken.support, results.test_07.classification_report.Fusarium, results.test_07.classification_report.Fusarium.f1-score, results.test_07.classification_report.Fusarium.precision, results.test_07.classification_report.Fusarium.recall, results.test_07.classification_report.Fusarium.support, results.test_07.classification_report.Insect, results.test_07.classification_report.Insect.f1-score, results.test_07.classification_report.Insect.precision, results.test_07.classification_report.Insect.recall, results.test_07.classification_report.Insect.support, results.test_07.classification_report.Moldy, results.test_07.classification_report.Moldy.f1-score, results.test_07.classification_report.Moldy.precision, results.test_07.classification_report.Moldy.recall, results.test_07.classification_report.Moldy.support, results.test_07.classification_report.Sound, results.test_07.classification_report.Sound.f1-score, results.test_07.classification_report.Sound.precision, results.test_07.classification_report.Sound.recall, results.test_07.classification_report.Sound.support, results.test_07.classification_report.Spotted, results.test_07.classification_report.Spotted.f1-score, results.test_07.classification_report.Spotted.precision, results.test_07.classification_report.Spotted.recall, results.test_07.classification_report.Spotted.support, results.test_07.classification_report.Sprouted, results.test_07.classification_report.Sprouted.f1-score, results.test_07.classification_report.Sprouted.precision, results.test_07.classification_report.Sprouted.recall, results.test_07.classification_report.Sprouted.support, results.test_07.classification_report.accuracy, results.test_07.classification_report.macro avg, results.test_07.classification_report.macro avg.f1-score, results.test_07.classification_report.macro avg.precision, results.test_07.classification_report.macro avg.recall, results.test_07.classification_report.macro avg.support, results.test_07.classification_report.weighted avg, results.test_07.classification_report.weighted avg.f1-score, results.test_07.classification_report.weighted avg.precision, results.test_07.classification_report.weighted avg.recall, results.test_07.classification_report.weighted avg.support, results.test_07.loss, results.test_07.macro_f1, results.test_07.weighted_f1, results.validation, results.validation.accuracy, results.validation.balanced_accuracy, results.validation.classification_report, results.validation.classification_report.Black Germ, results.validation.classification_report.Black Germ.f1-score, results.validation.classification_report.Black Germ.precision, results.validation.classification_report.Black Germ.recall, results.validation.classification_report.Black Germ.support, results.validation.classification_report.Broken, results.validation.classification_report.Broken.f1-score, results.validation.classification_report.Broken.precision, results.validation.classification_report.Broken.recall, results.validation.classification_report.Broken.support, results.validation.classification_report.Fusarium, results.validation.classification_report.Fusarium.f1-score, results.validation.classification_report.Fusarium.precision, results.validation.classification_report.Fusarium.recall, results.validation.classification_report.Fusarium.support, results.validation.classification_report.Insect, results.validation.classification_report.Insect.f1-score, results.validation.classification_report.Insect.precision, results.validation.classification_report.Insect.recall, results.validation.classification_report.Insect.support, results.validation.classification_report.Moldy, results.validation.classification_report.Moldy.f1-score, results.validation.classification_report.Moldy.precision, results.validation.classification_report.Moldy.recall, results.validation.classification_report.Moldy.support, results.validation.classification_report.Sound, results.validation.classification_report.Sound.f1-score, results.validation.classification_report.Sound.precision, results.validation.classification_report.Sound.recall, results.validation.classification_report.Sound.support, results.validation.classification_report.Spotted, results.validation.classification_report.Spotted.f1-score, results.validation.classification_report.Spotted.precision, results.validation.classification_report.Spotted.recall, results.validation.classification_report.Spotted.support, results.validation.classification_report.Sprouted, results.validation.classification_report.Sprouted.f1-score, results.validation.classification_report.Sprouted.precision, results.validation.classification_report.Sprouted.recall, results.validation.classification_report.Sprouted.support, results.validation.classification_report.accuracy, results.validation.classification_report.macro avg, results.validation.classification_report.macro avg.f1-score, results.validation.classification_report.macro avg.precision, results.validation.classification_report.macro avg.recall, results.validation.classification_report.macro avg.support, results.validation.classification_report.weighted avg, results.validation.classification_report.weighted avg.f1-score, results.validation.classification_report.weighted avg.precision, results.validation.classification_report.weighted avg.recall, results.validation.classification_report.weighted avg.support, results.validation.loss, results.validation.macro_f1, results.validation.weighted_f1, seed, split_sizes, split_sizes.test, split_sizes.test_07, split_sizes.train, split_sizes.validation, training, training.batch_size, training.best_epoch, training.best_validation_macro_f1, training.finetune_epochs, training.finetune_lr, training.total_seconds, training.warmup_epochs, training.warmup_lr, training.weight_decay","count: results.test.classification_report.Black Germ.support, results.test.classification_report.Broken.support, results.test.classification_report.Fusarium.support, results.test.classification_report.Insect.support, results.test.classification_report.Moldy.support, results.test.classification_report.Sound.support, results.test.classification_report.Spotted.support, results.test.classification_report.Sprouted.support, results.test.classification_report.macro avg.support, results.test.classification_report.weighted avg.support, results.test_07.classification_report.Black Germ.support, results.test_07.classification_report.Broken.support, results.test_07.classification_report.Fusarium.support, results.test_07.classification_report.Insect.support, results.test_07.classification_report.Moldy.support, results.test_07.classification_report.Sound.support, results.test_07.classification_report.Spotted.support, results.test_07.classification_report.Sprouted.support, results.test_07.classification_report.macro avg.support, results.test_07.classification_report.weighted avg.support, results.validation.classification_report.Black Germ.support, results.validation.classification_report.Broken.support, results.validation.classification_report.Fusarium.support, results.validation.classification_report.Insect.support, results.validation.classification_report.Moldy.support, results.validation.classification_report.Sound.support, results.validation.classification_report.Spotted.support, results.validation.classification_report.Sprouted.support, results.validation.classification_report.macro avg.support, results.validation.classification_report.weighted avg.support; metric: results.test.accuracy, results.test.balanced_accuracy, results.test.classification_report.Black Germ.precision, results.test.classification_report.Black Germ.recall, results.test.classification_report.Black Germ.support, results.test.classification_report.Broken.precision, results.test.classification_report.Broken.recall, results.test.classification_report.Broken.support, results.test.classification_report.Fusarium.precision, results.test.classification_report.Fusarium.recall, results.test.classification_report.Fusarium.support, results.test.classification_report.Insect.precision, results.test.classification_report.Insect.recall, results.test.classification_report.Insect.support, results.test.classification_report.Moldy.precision, results.test.classification_report.Moldy.recall, results.test.classification_report.Moldy.support, results.test.classification_report.Sound.precision, results.test.classification_report.Sound.recall, results.test.classification_report.Sound.support, results.test.classification_report.Spotted.precision, results.test.classification_report.Spotted.recall, results.test.classification_report.Spotted.support, results.test.classification_report.Sprouted.precision, results.test.classification_report.Sprouted.recall, results.test.classification_report.Sprouted.support, results.test.classification_report.accuracy, results.test.classification_report.macro avg.precision, results.test.classification_report.macro avg.recall, results.test.classification_report.macro avg.support, results.test.classification_report.weighted avg.precision, results.test.classification_report.weighted avg.recall, results.test.classification_report.weighted avg.support, results.test.loss, results.test.macro_f1, results.test_07.accuracy, results.test_07.balanced_accuracy, results.test_07.classification_report.Black Germ.precision, results.test_07.classification_report.Black Germ.recall, results.test_07.classification_report.Black Germ.support, results.test_07.classification_report.Broken.precision, results.test_07.classification_report.Broken.recall, results.test_07.classification_report.Broken.support, results.test_07.classification_report.Fusarium.precision, results.test_07.classification_report.Fusarium.recall, results.test_07.classification_report.Fusarium.support, results.test_07.classification_report.Insect.precision, results.test_07.classification_report.Insect.recall, results.test_07.classification_report.Insect.support, results.test_07.classification_report.Moldy.precision, results.test_07.classification_report.Moldy.recall, results.test_07.classification_report.Moldy.support, results.test_07.classification_report.Sound.precision, results.test_07.classification_report.Sound.recall, results.test_07.classification_report.Sound.support, results.test_07.classification_report.Spotted.precision, results.test_07.classification_report.Spotted.recall, results.test_07.classification_report.Spotted.support, results.test_07.classification_report.Sprouted.precision, results.test_07.classification_report.Sprouted.recall, results.test_07.classification_report.Sprouted.support, results.test_07.classification_report.accuracy, results.test_07.classification_report.macro avg.precision, results.test_07.classification_report.macro avg.recall, results.test_07.classification_report.macro avg.support, results.test_07.classification_report.weighted avg.precision, results.test_07.classification_report.weighted avg.recall, results.test_07.classification_report.weighted avg.support, results.test_07.loss, results.test_07.macro_f1, results.validation.accuracy, results.validation.balanced_accuracy, results.validation.classification_report.Black Germ.precision, results.validation.classification_report.Black Germ.recall, results.validation.classification_report.Black Germ.support, results.validation.classification_report.Broken.precision, results.validation.classification_report.Broken.recall, results.validation.classification_report.Broken.support, results.validation.classification_report.Fusarium.precision, results.validation.classification_report.Fusarium.recall, results.validation.classification_report.Fusarium.support, results.validation.classification_report.Insect.precision, results.validation.classification_report.Insect.recall, results.validation.classification_report.Insect.support, results.validation.classification_report.Moldy.precision, results.validation.classification_report.Moldy.recall, results.validation.classification_report.Moldy.support, results.validation.classification_report.Sound.precision, results.validation.classification_report.Sound.recall, results.validation.classification_report.Sound.support, results.validation.classification_report.Spotted.precision, results.validation.classification_report.Spotted.recall, results.validation.classification_report.Spotted.support, results.validation.classification_report.Sprouted.precision, results.validation.classification_report.Sprouted.recall, results.validation.classification_report.Sprouted.support, results.validation.classification_report.accuracy, results.validation.classification_report.macro avg.precision, results.validation.classification_report.macro avg.recall, results.validation.classification_report.macro avg.support, results.validation.classification_report.weighted avg.precision, results.validation.classification_report.weighted avg.recall, results.validation.classification_report.weighted avg.support, results.validation.loss, results.validation.macro_f1, training.best_validation_macro_f1, training.total_seconds; round_or_epoch: training.best_epoch; runtime: training.total_seconds; seed: seed; split: split_sizes, split_sizes.test, split_sizes.test_07, split_sizes.train, split_sizes.validation",keys-only,JSON was inspected as nested key paths.
experiments/results/wheat/wheat_resnet18_grouped_v3_sqrt_weights/test_07_confusion_matrix.csv,.csv,8,9,"Unnamed: 0, Black Germ, Broken, Fusarium, Insect, Moldy, Sound, Spotted, Sprouted","Black Germ, Broken, Fusarium, Insect, Moldy, Sound, Spotted, Sprouted",Unnamed: 0,,read,
experiments/results/wheat/wheat_resnet18_grouped_v3_sqrt_weights/test_07_per_class_metrics.csv,.csv,8,5,"class_name, precision, recall, f1_score, support","precision, recall, f1_score, support",class_name,"class_or_category: class_name; count: support; metric: precision, recall, support",read,
experiments/results/wheat/wheat_resnet18_grouped_v3_sqrt_weights/test_07_predictions.csv,.csv,2500,10,"path, source, label, capture_group, split, true_id, predicted_id, true_class, predicted_class, correct","true_id, predicted_id","path, source, label, capture_group, split, true_class, predicted_class, correct","class_or_category: label, predicted_class, true_class; predicted_label: predicted_class, predicted_id; split: split",read,
experiments/results/wheat/wheat_resnet18_grouped_v3_sqrt_weights/test_confusion_matrix.csv,.csv,8,9,"Unnamed: 0, Black Germ, Broken, Fusarium, Insect, Moldy, Sound, Spotted, Sprouted","Black Germ, Broken, Fusarium, Insect, Moldy, Sound, Spotted, Sprouted",Unnamed: 0,,read,
experiments/results/wheat/wheat_resnet18_grouped_v3_sqrt_weights/test_per_class_metrics.csv,.csv,8,5,"class_name, precision, recall, f1_score, support","precision, recall, f1_score, support",class_name,"class_or_category: class_name; count: support; metric: precision, recall, support",read,
experiments/results/wheat/wheat_resnet18_grouped_v3_sqrt_weights/test_predictions.csv,.csv,2500,10,"path, source, label, capture_group, split, true_id, predicted_id, true_class, predicted_class, correct","true_id, predicted_id","path, source, label, capture_group, split, true_class, predicted_class, correct","class_or_category: label, predicted_class, true_class; predicted_label: predicted_class, predicted_id; split: split",read,
experiments/results/wheat/wheat_resnet18_grouped_v3_sqrt_weights/validation_confusion_matrix.csv,.csv,8,9,"Unnamed: 0, Black Germ, Broken, Fusarium, Insect, Moldy, Sound, Spotted, Sprouted","Black Germ, Broken, Fusarium, Insect, Moldy, Sound, Spotted, Sprouted",Unnamed: 0,,read,
experiments/results/wheat/wheat_resnet18_grouped_v3_sqrt_weights/validation_per_class_metrics.csv,.csv,8,5,"class_name, precision, recall, f1_score, support","precision, recall, f1_score, support",class_name,"class_or_category: class_name; count: support; metric: precision, recall, support",read,
experiments/results/wheat/wheat_resnet18_grouped_v3_sqrt_weights/validation_predictions.csv,.csv,2500,10,"path, source, label, capture_group, split, true_id, predicted_id, true_class, predicted_class, correct","source, true_id, predicted_id","path, label, capture_group, split, true_class, predicted_class, correct","class_or_category: label, predicted_class, true_class; predicted_label: predicted_class, predicted_id; split: split",read,
results/CHECKPOINTS_ON_ROIHU.tsv,.tsv,53,3,"Development/SmokeTests/Rice_DDP_ResNet18/best_ddp_resnet18_rice.pt, 44804875 bytes, /scratch/project_2019765/fnaveed/results/Development/SmokeTests/Rice_DDP_ResNet18/best_ddp_resnet18_rice.pt",,"Development/SmokeTests/Rice_DDP_ResNet18/best_ddp_resnet18_rice.pt, 44804875 bytes, /scratch/project_2019765/fnaveed/results/Development/SmokeTests/Rice_DDP_ResNet18/best_ddp_resnet18_rice.pt",metric: 44804875 bytes,read,
results/ProjectMetadata/DuplicateAudit/duplicate_groups.json,.json,429,5,"sha256, size_bytes, copies, wasted_bytes, paths","size_bytes, copies, wasted_bytes","sha256, paths","metric: size_bytes, wasted_bytes",read,
results/ProjectMetadata/file_inventory.tsv,.tsv,306,2,"Development/SmokeTests/Rice_DDP_ResNet18/best_ddp_resnet18_rice.pt, 44804875 bytes",,"Development/SmokeTests/Rice_DDP_ResNet18/best_ddp_resnet18_rice.pt, 44804875 bytes",metric: 44804875 bytes,read,
results/ProjectMetadata/old_to_new_paths.tsv,.tsv,25,2,"Old path, New path",,"Old path, New path",,read,
results/Reports/FinalReportArchive/tables/rice_architecture_evaluation.csv,.csv,6,7,"model, split, num_images, accuracy, balanced_accuracy, macro_f1, weighted_f1","num_images, accuracy, balanced_accuracy, macro_f1, weighted_f1","model, split","count: num_images; metric: accuracy, balanced_accuracy, macro_f1; model: model; split: split",read,
results/Reports/FinalReportArchive/tables/rice_fedavg_mobilenetv2_comparison.csv,.csv,4,7,"experiment, split, num_images, accuracy, balanced_accuracy, macro_f1, weighted_f1","num_images, accuracy, balanced_accuracy, macro_f1, weighted_f1","experiment, split","count: num_images; metric: accuracy, balanced_accuracy, macro_f1; split: split",read,
results/Reports/FinalReportArchive/tables/rice_model_efficiency.csv,.csv,3,6,"model, parameters, fp32_size_mib, centralized_test_macro_f1, fedavg_iid_test_macro_f1, fedavg_noniid_test_macro_f1","parameters, fp32_size_mib, centralized_test_macro_f1, fedavg_iid_test_macro_f1, fedavg_noniid_test_macro_f1",model,"efficiency: parameters; metric: centralized_test_macro_f1, fedavg_iid_test_macro_f1, fedavg_noniid_test_macro_f1; model: model",read,
results/Rice/Centralized/EfficientNetB0/seed42/history.json,.json,10,8,"epoch, stage, train_loss, validation_loss, validation_accuracy, validation_balanced_accuracy, validation_macro_f1, epoch_seconds","epoch, train_loss, validation_loss, validation_accuracy, validation_balanced_accuracy, validation_macro_f1, epoch_seconds",stage,"metric: epoch_seconds, train_loss, validation_accuracy, validation_balanced_accuracy, validation_loss, validation_macro_f1; round_or_epoch: epoch, epoch_seconds; runtime: epoch_seconds",read,
results/Rice/Centralized/EfficientNetB0/seed42/metrics.json,.json,0,72,"classes, classification_report, classification_report.0_NOR, classification_report.0_NOR.f1-score, classification_report.0_NOR.precision, classification_report.0_NOR.recall, classification_report.0_NOR.support, classification_report.1_F&S, classification_report.1_F&S.f1-score, classification_report.1_F&S.precision, classification_report.1_F&S.recall, classification_report.1_F&S.support, classification_report.2_SD, classification_report.2_SD.f1-score, classification_report.2_SD.precision, classification_report.2_SD.recall, classification_report.2_SD.support, classification_report.3_MY, classification_report.3_MY.f1-score, classification_report.3_MY.precision, classification_report.3_MY.recall, classification_report.3_MY.support, classification_report.4_AP, classification_report.4_AP.f1-score, classification_report.4_AP.precision, classification_report.4_AP.recall, classification_report.4_AP.support, classification_report.5_BN, classification_report.5_BN.f1-score, classification_report.5_BN.precision, classification_report.5_BN.recall, classification_report.5_BN.support, classification_report.6_UN, classification_report.6_UN.f1-score, classification_report.6_UN.precision, classification_report.6_UN.recall, classification_report.6_UN.support, classification_report.7_IM, classification_report.7_IM.f1-score, classification_report.7_IM.precision, classification_report.7_IM.recall, classification_report.7_IM.support, classification_report.accuracy, classification_report.macro avg, classification_report.macro avg.f1-score, classification_report.macro avg.precision, classification_report.macro avg.recall, classification_report.macro avg.support, classification_report.weighted avg, classification_report.weighted avg.f1-score, classification_report.weighted avg.precision, classification_report.weighted avg.recall, classification_report.weighted avg.support, dataset_root, experiment, seed, split_sizes, split_sizes.test, split_sizes.train, split_sizes.validation, test, test.accuracy, test.balanced_accuracy, test.loss, test.macro_f1, test.weighted_f1, training, training.best_epoch, training.best_validation_macro_f1, training.finetune_epochs, training.total_seconds, training.warmup_epochs",,"classes, classification_report, classification_report.0_NOR, classification_report.0_NOR.f1-score, classification_report.0_NOR.precision, classification_report.0_NOR.recall, classification_report.0_NOR.support, classification_report.1_F&S, classification_report.1_F&S.f1-score, classification_report.1_F&S.precision, classification_report.1_F&S.recall, classification_report.1_F&S.support, classification_report.2_SD, classification_report.2_SD.f1-score, classification_report.2_SD.precision, classification_report.2_SD.recall, classification_report.2_SD.support, classification_report.3_MY, classification_report.3_MY.f1-score, classification_report.3_MY.precision, classification_report.3_MY.recall, classification_report.3_MY.support, classification_report.4_AP, classification_report.4_AP.f1-score, classification_report.4_AP.precision, classification_report.4_AP.recall, classification_report.4_AP.support, classification_report.5_BN, classification_report.5_BN.f1-score, classification_report.5_BN.precision, classification_report.5_BN.recall, classification_report.5_BN.support, classification_report.6_UN, classification_report.6_UN.f1-score, classification_report.6_UN.precision, classification_report.6_UN.recall, classification_report.6_UN.support, classification_report.7_IM, classification_report.7_IM.f1-score, classification_report.7_IM.precision, classification_report.7_IM.recall, classification_report.7_IM.support, classification_report.accuracy, classification_report.macro avg, classification_report.macro avg.f1-score, classification_report.macro avg.precision, classification_report.macro avg.recall, classification_report.macro avg.support, classification_report.weighted avg, classification_report.weighted avg.f1-score, classification_report.weighted avg.precision, classification_report.weighted avg.recall, classification_report.weighted avg.support, dataset_root, experiment, seed, split_sizes, split_sizes.test, split_sizes.train, split_sizes.validation, test, test.accuracy, test.balanced_accuracy, test.loss, test.macro_f1, test.weighted_f1, training, training.best_epoch, training.best_validation_macro_f1, training.finetune_epochs, training.total_seconds, training.warmup_epochs","count: classification_report.0_NOR.support, classification_report.1_F&S.support, classification_report.2_SD.support, classification_report.3_MY.support, classification_report.4_AP.support, classification_report.5_BN.support, classification_report.6_UN.support, classification_report.7_IM.support, classification_report.macro avg.support, classification_report.weighted avg.support; dataset: dataset_root; metric: classification_report.0_NOR.precision, classification_report.0_NOR.recall, classification_report.0_NOR.support, classification_report.1_F&S.precision, classification_report.1_F&S.recall, classification_report.1_F&S.support, classification_report.2_SD.precision, classification_report.2_SD.recall, classification_report.2_SD.support, classification_report.3_MY.precision, classification_report.3_MY.recall, classification_report.3_MY.support, classification_report.4_AP.precision, classification_report.4_AP.recall, classification_report.4_AP.support, classification_report.5_BN.precision, classification_report.5_BN.recall, classification_report.5_BN.support, classification_report.6_UN.precision, classification_report.6_UN.recall, classification_report.6_UN.support, classification_report.7_IM.precision, classification_report.7_IM.recall, classification_report.7_IM.support, classification_report.accuracy, classification_report.macro avg.precision, classification_report.macro avg.recall, classification_report.macro avg.support, classification_report.weighted avg.precision, classification_report.weighted avg.recall, classification_report.weighted avg.support, test.accuracy, test.balanced_accuracy, test.loss, test.macro_f1, training.best_validation_macro_f1, training.total_seconds; round_or_epoch: training.best_epoch; runtime: training.total_seconds; seed: seed; split: split_sizes, split_sizes.test, split_sizes.train, split_sizes.validation",keys-only,JSON was inspected as nested key paths.
results/Rice/Centralized/EfficientNetB0/seed42/test_confusion_matrix.csv,.csv,8,9,"Unnamed: 0, 0_NOR, 1_F&S, 2_SD, 3_MY, 4_AP, 5_BN, 6_UN, 7_IM","0_NOR, 1_F&S, 2_SD, 3_MY, 4_AP, 5_BN, 6_UN, 7_IM",Unnamed: 0,,read,
results/Rice/Centralized/EfficientNetB0/seed42/test_evaluation.json,.json,0,59,"classification_report, classification_report.0_NOR, classification_report.0_NOR.f1-score, classification_report.0_NOR.precision, classification_report.0_NOR.recall, classification_report.0_NOR.support, classification_report.1_F&S, classification_report.1_F&S.f1-score, classification_report.1_F&S.precision, classification_report.1_F&S.recall, classification_report.1_F&S.support, classification_report.2_SD, classification_report.2_SD.f1-score, classification_report.2_SD.precision, classification_report.2_SD.recall, classification_report.2_SD.support, classification_report.3_MY, classification_report.3_MY.f1-score, classification_report.3_MY.precision, classification_report.3_MY.recall, classification_report.3_MY.support, classification_report.4_AP, classification_report.4_AP.f1-score, classification_report.4_AP.precision, classification_report.4_AP.recall, classification_report.4_AP.support, classification_report.5_BN, classification_report.5_BN.f1-score, classification_report.5_BN.precision, classification_report.5_BN.recall, classification_report.5_BN.support, classification_report.6_UN, classification_report.6_UN.f1-score, classification_report.6_UN.precision, classification_report.6_UN.recall, classification_report.6_UN.support, classification_report.7_IM, classification_report.7_IM.f1-score, classification_report.7_IM.precision, classification_report.7_IM.recall, classification_report.7_IM.support, classification_report.accuracy, classification_report.macro avg, classification_report.macro avg.f1-score, classification_report.macro avg.precision, classification_report.macro avg.recall, classification_report.macro avg.support, classification_report.weighted avg, classification_report.weighted avg.f1-score, classification_report.weighted avg.precision, classification_report.weighted avg.recall, classification_report.weighted avg.support, metrics, metrics.accuracy, metrics.balanced_accuracy, metrics.macro_f1, metrics.weighted_f1, model, split",,"classification_report, classification_report.0_NOR, classification_report.0_NOR.f1-score, classification_report.0_NOR.precision, classification_report.0_NOR.recall, classification_report.0_NOR.support, classification_report.1_F&S, classification_report.1_F&S.f1-score, classification_report.1_F&S.precision, classification_report.1_F&S.recall, classification_report.1_F&S.support, classification_report.2_SD, classification_report.2_SD.f1-score, classification_report.2_SD.precision, classification_report.2_SD.recall, classification_report.2_SD.support, classification_report.3_MY, classification_report.3_MY.f1-score, classification_report.3_MY.precision, classification_report.3_MY.recall, classification_report.3_MY.support, classification_report.4_AP, classification_report.4_AP.f1-score, classification_report.4_AP.precision, classification_report.4_AP.recall, classification_report.4_AP.support, classification_report.5_BN, classification_report.5_BN.f1-score, classification_report.5_BN.precision, classification_report.5_BN.recall, classification_report.5_BN.support, classification_report.6_UN, classification_report.6_UN.f1-score, classification_report.6_UN.precision, classification_report.6_UN.recall, classification_report.6_UN.support, classification_report.7_IM, classification_report.7_IM.f1-score, classification_report.7_IM.precision, classification_report.7_IM.recall, classification_report.7_IM.support, classification_report.accuracy, classification_report.macro avg, classification_report.macro avg.f1-score, classification_report.macro avg.precision, classification_report.macro avg.recall, classification_report.macro avg.support, classification_report.weighted avg, classification_report.weighted avg.f1-score, classification_report.weighted avg.precision, classification_report.weighted avg.recall, classification_report.weighted avg.support, metrics, metrics.accuracy, metrics.balanced_accuracy, metrics.macro_f1, metrics.weighted_f1, model, split","count: classification_report.0_NOR.support, classification_report.1_F&S.support, classification_report.2_SD.support, classification_report.3_MY.support, classification_report.4_AP.support, classification_report.5_BN.support, classification_report.6_UN.support, classification_report.7_IM.support, classification_report.macro avg.support, classification_report.weighted avg.support; metric: classification_report.0_NOR.precision, classification_report.0_NOR.recall, classification_report.0_NOR.support, classification_report.1_F&S.precision, classification_report.1_F&S.recall, classification_report.1_F&S.support, classification_report.2_SD.precision, classification_report.2_SD.recall, classification_report.2_SD.support, classification_report.3_MY.precision, classification_report.3_MY.recall, classification_report.3_MY.support, classification_report.4_AP.precision, classification_report.4_AP.recall, classification_report.4_AP.support, classification_report.5_BN.precision, classification_report.5_BN.recall, classification_report.5_BN.support, classification_report.6_UN.precision, classification_report.6_UN.recall, classification_report.6_UN.support, classification_report.7_IM.precision, classification_report.7_IM.recall, classification_report.7_IM.support, classification_report.accuracy, classification_report.macro avg.precision, classification_report.macro avg.recall, classification_report.macro avg.support, classification_report.weighted avg.precision, classification_report.weighted avg.recall, classification_report.weighted avg.support, metrics.accuracy, metrics.balanced_accuracy, metrics.macro_f1; model: model; split: split",keys-only,JSON was inspected as nested key paths.
results/Rice/Centralized/EfficientNetB0/seed42/test_per_class_metrics.csv,.csv,8,5,"class_name, precision, recall, f1_score, support","precision, recall, f1_score, support",class_name,"class_or_category: class_name; count: support; metric: precision, recall, support",read,
results/Rice/Centralized/EfficientNetB0/seed42/validation_confusion_matrix.csv,.csv,8,9,"Unnamed: 0, 0_NOR, 1_F&S, 2_SD, 3_MY, 4_AP, 5_BN, 6_UN, 7_IM","0_NOR, 1_F&S, 2_SD, 3_MY, 4_AP, 5_BN, 6_UN, 7_IM",Unnamed: 0,,read,
results/Rice/Centralized/EfficientNetB0/seed42/validation_evaluation.json,.json,0,59,"classification_report, classification_report.0_NOR, classification_report.0_NOR.f1-score, classification_report.0_NOR.precision, classification_report.0_NOR.recall, classification_report.0_NOR.support, classification_report.1_F&S, classification_report.1_F&S.f1-score, classification_report.1_F&S.precision, classification_report.1_F&S.recall, classification_report.1_F&S.support, classification_report.2_SD, classification_report.2_SD.f1-score, classification_report.2_SD.precision, classification_report.2_SD.recall, classification_report.2_SD.support, classification_report.3_MY, classification_report.3_MY.f1-score, classification_report.3_MY.precision, classification_report.3_MY.recall, classification_report.3_MY.support, classification_report.4_AP, classification_report.4_AP.f1-score, classification_report.4_AP.precision, classification_report.4_AP.recall, classification_report.4_AP.support, classification_report.5_BN, classification_report.5_BN.f1-score, classification_report.5_BN.precision, classification_report.5_BN.recall, classification_report.5_BN.support, classification_report.6_UN, classification_report.6_UN.f1-score, classification_report.6_UN.precision, classification_report.6_UN.recall, classification_report.6_UN.support, classification_report.7_IM, classification_report.7_IM.f1-score, classification_report.7_IM.precision, classification_report.7_IM.recall, classification_report.7_IM.support, classification_report.accuracy, classification_report.macro avg, classification_report.macro avg.f1-score, classification_report.macro avg.precision, classification_report.macro avg.recall, classification_report.macro avg.support, classification_report.weighted avg, classification_report.weighted avg.f1-score, classification_report.weighted avg.precision, classification_report.weighted avg.recall, classification_report.weighted avg.support, metrics, metrics.accuracy, metrics.balanced_accuracy, metrics.macro_f1, metrics.weighted_f1, model, split",,"classification_report, classification_report.0_NOR, classification_report.0_NOR.f1-score, classification_report.0_NOR.precision, classification_report.0_NOR.recall, classification_report.0_NOR.support, classification_report.1_F&S, classification_report.1_F&S.f1-score, classification_report.1_F&S.precision, classification_report.1_F&S.recall, classification_report.1_F&S.support, classification_report.2_SD, classification_report.2_SD.f1-score, classification_report.2_SD.precision, classification_report.2_SD.recall, classification_report.2_SD.support, classification_report.3_MY, classification_report.3_MY.f1-score, classification_report.3_MY.precision, classification_report.3_MY.recall, classification_report.3_MY.support, classification_report.4_AP, classification_report.4_AP.f1-score, classification_report.4_AP.precision, classification_report.4_AP.recall, classification_report.4_AP.support, classification_report.5_BN, classification_report.5_BN.f1-score, classification_report.5_BN.precision, classification_report.5_BN.recall, classification_report.5_BN.support, classification_report.6_UN, classification_report.6_UN.f1-score, classification_report.6_UN.precision, classification_report.6_UN.recall, classification_report.6_UN.support, classification_report.7_IM, classification_report.7_IM.f1-score, classification_report.7_IM.precision, classification_report.7_IM.recall, classification_report.7_IM.support, classification_report.accuracy, classification_report.macro avg, classification_report.macro avg.f1-score, classification_report.macro avg.precision, classification_report.macro avg.recall, classification_report.macro avg.support, classification_report.weighted avg, classification_report.weighted avg.f1-score, classification_report.weighted avg.precision, classification_report.weighted avg.recall, classification_report.weighted avg.support, metrics, metrics.accuracy, metrics.balanced_accuracy, metrics.macro_f1, metrics.weighted_f1, model, split","count: classification_report.0_NOR.support, classification_report.1_F&S.support, classification_report.2_SD.support, classification_report.3_MY.support, classification_report.4_AP.support, classification_report.5_BN.support, classification_report.6_UN.support, classification_report.7_IM.support, classification_report.macro avg.support, classification_report.weighted avg.support; metric: classification_report.0_NOR.precision, classification_report.0_NOR.recall, classification_report.0_NOR.support, classification_report.1_F&S.precision, classification_report.1_F&S.recall, classification_report.1_F&S.support, classification_report.2_SD.precision, classification_report.2_SD.recall, classification_report.2_SD.support, classification_report.3_MY.precision, classification_report.3_MY.recall, classification_report.3_MY.support, classification_report.4_AP.precision, classification_report.4_AP.recall, classification_report.4_AP.support, classification_report.5_BN.precision, classification_report.5_BN.recall, classification_report.5_BN.support, classification_report.6_UN.precision, classification_report.6_UN.recall, classification_report.6_UN.support, classification_report.7_IM.precision, classification_report.7_IM.recall, classification_report.7_IM.support, classification_report.accuracy, classification_report.macro avg.precision, classification_report.macro avg.recall, classification_report.macro avg.support, classification_report.weighted avg.precision, classification_report.weighted avg.recall, classification_report.weighted avg.support, metrics.accuracy, metrics.balanced_accuracy, metrics.macro_f1; model: model; split: split",keys-only,JSON was inspected as nested key paths.
results/Rice/Centralized/EfficientNetB0/seed42/validation_per_class_metrics.csv,.csv,8,5,"class_name, precision, recall, f1_score, support","precision, recall, f1_score, support",class_name,"class_or_category: class_name; count: support; metric: precision, recall, support",read,
results/Rice/Centralized/MobileNetV2/seed42/history.json,.json,10,8,"epoch, stage, train_loss, validation_loss, validation_accuracy, validation_balanced_accuracy, validation_macro_f1, epoch_seconds","epoch, train_loss, validation_loss, validation_accuracy, validation_balanced_accuracy, validation_macro_f1, epoch_seconds",stage,"metric: epoch_seconds, train_loss, validation_accuracy, validation_balanced_accuracy, validation_loss, validation_macro_f1; round_or_epoch: epoch, epoch_seconds; runtime: epoch_seconds",read,
results/Rice/Centralized/MobileNetV2/seed42/metrics.json,.json,0,72,"classes, classification_report, classification_report.0_NOR, classification_report.0_NOR.f1-score, classification_report.0_NOR.precision, classification_report.0_NOR.recall, classification_report.0_NOR.support, classification_report.1_F&S, classification_report.1_F&S.f1-score, classification_report.1_F&S.precision, classification_report.1_F&S.recall, classification_report.1_F&S.support, classification_report.2_SD, classification_report.2_SD.f1-score, classification_report.2_SD.precision, classification_report.2_SD.recall, classification_report.2_SD.support, classification_report.3_MY, classification_report.3_MY.f1-score, classification_report.3_MY.precision, classification_report.3_MY.recall, classification_report.3_MY.support, classification_report.4_AP, classification_report.4_AP.f1-score, classification_report.4_AP.precision, classification_report.4_AP.recall, classification_report.4_AP.support, classification_report.5_BN, classification_report.5_BN.f1-score, classification_report.5_BN.precision, classification_report.5_BN.recall, classification_report.5_BN.support, classification_report.6_UN, classification_report.6_UN.f1-score, classification_report.6_UN.precision, classification_report.6_UN.recall, classification_report.6_UN.support, classification_report.7_IM, classification_report.7_IM.f1-score, classification_report.7_IM.precision, classification_report.7_IM.recall, classification_report.7_IM.support, classification_report.accuracy, classification_report.macro avg, classification_report.macro avg.f1-score, classification_report.macro avg.precision, classification_report.macro avg.recall, classification_report.macro avg.support, classification_report.weighted avg, classification_report.weighted avg.f1-score, classification_report.weighted avg.precision, classification_report.weighted avg.recall, classification_report.weighted avg.support, dataset_root, experiment, seed, split_sizes, split_sizes.test, split_sizes.train, split_sizes.validation, test, test.accuracy, test.balanced_accuracy, test.loss, test.macro_f1, test.weighted_f1, training, training.best_epoch, training.best_validation_macro_f1, training.finetune_epochs, training.total_seconds, training.warmup_epochs",,"classes, classification_report, classification_report.0_NOR, classification_report.0_NOR.f1-score, classification_report.0_NOR.precision, classification_report.0_NOR.recall, classification_report.0_NOR.support, classification_report.1_F&S, classification_report.1_F&S.f1-score, classification_report.1_F&S.precision, classification_report.1_F&S.recall, classification_report.1_F&S.support, classification_report.2_SD, classification_report.2_SD.f1-score, classification_report.2_SD.precision, classification_report.2_SD.recall, classification_report.2_SD.support, classification_report.3_MY, classification_report.3_MY.f1-score, classification_report.3_MY.precision, classification_report.3_MY.recall, classification_report.3_MY.support, classification_report.4_AP, classification_report.4_AP.f1-score, classification_report.4_AP.precision, classification_report.4_AP.recall, classification_report.4_AP.support, classification_report.5_BN, classification_report.5_BN.f1-score, classification_report.5_BN.precision, classification_report.5_BN.recall, classification_report.5_BN.support, classification_report.6_UN, classification_report.6_UN.f1-score, classification_report.6_UN.precision, classification_report.6_UN.recall, classification_report.6_UN.support, classification_report.7_IM, classification_report.7_IM.f1-score, classification_report.7_IM.precision, classification_report.7_IM.recall, classification_report.7_IM.support, classification_report.accuracy, classification_report.macro avg, classification_report.macro avg.f1-score, classification_report.macro avg.precision, classification_report.macro avg.recall, classification_report.macro avg.support, classification_report.weighted avg, classification_report.weighted avg.f1-score, classification_report.weighted avg.precision, classification_report.weighted avg.recall, classification_report.weighted avg.support, dataset_root, experiment, seed, split_sizes, split_sizes.test, split_sizes.train, split_sizes.validation, test, test.accuracy, test.balanced_accuracy, test.loss, test.macro_f1, test.weighted_f1, training, training.best_epoch, training.best_validation_macro_f1, training.finetune_epochs, training.total_seconds, training.warmup_epochs","count: classification_report.0_NOR.support, classification_report.1_F&S.support, classification_report.2_SD.support, classification_report.3_MY.support, classification_report.4_AP.support, classification_report.5_BN.support, classification_report.6_UN.support, classification_report.7_IM.support, classification_report.macro avg.support, classification_report.weighted avg.support; dataset: dataset_root; metric: classification_report.0_NOR.precision, classification_report.0_NOR.recall, classification_report.0_NOR.support, classification_report.1_F&S.precision, classification_report.1_F&S.recall, classification_report.1_F&S.support, classification_report.2_SD.precision, classification_report.2_SD.recall, classification_report.2_SD.support, classification_report.3_MY.precision, classification_report.3_MY.recall, classification_report.3_MY.support, classification_report.4_AP.precision, classification_report.4_AP.recall, classification_report.4_AP.support, classification_report.5_BN.precision, classification_report.5_BN.recall, classification_report.5_BN.support, classification_report.6_UN.precision, classification_report.6_UN.recall, classification_report.6_UN.support, classification_report.7_IM.precision, classification_report.7_IM.recall, classification_report.7_IM.support, classification_report.accuracy, classification_report.macro avg.precision, classification_report.macro avg.recall, classification_report.macro avg.support, classification_report.weighted avg.precision, classification_report.weighted avg.recall, classification_report.weighted avg.support, test.accuracy, test.balanced_accuracy, test.loss, test.macro_f1, training.best_validation_macro_f1, training.total_seconds; round_or_epoch: training.best_epoch; runtime: training.total_seconds; seed: seed; split: split_sizes, split_sizes.test, split_sizes.train, split_sizes.validation",keys-only,JSON was inspected as nested key paths.
results/Rice/Centralized/MobileNetV2/seed42/test_confusion_matrix.csv,.csv,8,9,"Unnamed: 0, 0_NOR, 1_F&S, 2_SD, 3_MY, 4_AP, 5_BN, 6_UN, 7_IM","0_NOR, 1_F&S, 2_SD, 3_MY, 4_AP, 5_BN, 6_UN, 7_IM",Unnamed: 0,,read,
results/Rice/Centralized/MobileNetV2/seed42/test_evaluation.json,.json,0,59,"classification_report, classification_report.0_NOR, classification_report.0_NOR.f1-score, classification_report.0_NOR.precision, classification_report.0_NOR.recall, classification_report.0_NOR.support, classification_report.1_F&S, classification_report.1_F&S.f1-score, classification_report.1_F&S.precision, classification_report.1_F&S.recall, classification_report.1_F&S.support, classification_report.2_SD, classification_report.2_SD.f1-score, classification_report.2_SD.precision, classification_report.2_SD.recall, classification_report.2_SD.support, classification_report.3_MY, classification_report.3_MY.f1-score, classification_report.3_MY.precision, classification_report.3_MY.recall, classification_report.3_MY.support, classification_report.4_AP, classification_report.4_AP.f1-score, classification_report.4_AP.precision, classification_report.4_AP.recall, classification_report.4_AP.support, classification_report.5_BN, classification_report.5_BN.f1-score, classification_report.5_BN.precision, classification_report.5_BN.recall, classification_report.5_BN.support, classification_report.6_UN, classification_report.6_UN.f1-score, classification_report.6_UN.precision, classification_report.6_UN.recall, classification_report.6_UN.support, classification_report.7_IM, classification_report.7_IM.f1-score, classification_report.7_IM.precision, classification_report.7_IM.recall, classification_report.7_IM.support, classification_report.accuracy, classification_report.macro avg, classification_report.macro avg.f1-score, classification_report.macro avg.precision, classification_report.macro avg.recall, classification_report.macro avg.support, classification_report.weighted avg, classification_report.weighted avg.f1-score, classification_report.weighted avg.precision, classification_report.weighted avg.recall, classification_report.weighted avg.support, metrics, metrics.accuracy, metrics.balanced_accuracy, metrics.macro_f1, metrics.weighted_f1, model, split",,"classification_report, classification_report.0_NOR, classification_report.0_NOR.f1-score, classification_report.0_NOR.precision, classification_report.0_NOR.recall, classification_report.0_NOR.support, classification_report.1_F&S, classification_report.1_F&S.f1-score, classification_report.1_F&S.precision, classification_report.1_F&S.recall, classification_report.1_F&S.support, classification_report.2_SD, classification_report.2_SD.f1-score, classification_report.2_SD.precision, classification_report.2_SD.recall, classification_report.2_SD.support, classification_report.3_MY, classification_report.3_MY.f1-score, classification_report.3_MY.precision, classification_report.3_MY.recall, classification_report.3_MY.support, classification_report.4_AP, classification_report.4_AP.f1-score, classification_report.4_AP.precision, classification_report.4_AP.recall, classification_report.4_AP.support, classification_report.5_BN, classification_report.5_BN.f1-score, classification_report.5_BN.precision, classification_report.5_BN.recall, classification_report.5_BN.support, classification_report.6_UN, classification_report.6_UN.f1-score, classification_report.6_UN.precision, classification_report.6_UN.recall, classification_report.6_UN.support, classification_report.7_IM, classification_report.7_IM.f1-score, classification_report.7_IM.precision, classification_report.7_IM.recall, classification_report.7_IM.support, classification_report.accuracy, classification_report.macro avg, classification_report.macro avg.f1-score, classification_report.macro avg.precision, classification_report.macro avg.recall, classification_report.macro avg.support, classification_report.weighted avg, classification_report.weighted avg.f1-score, classification_report.weighted avg.precision, classification_report.weighted avg.recall, classification_report.weighted avg.support, metrics, metrics.accuracy, metrics.balanced_accuracy, metrics.macro_f1, metrics.weighted_f1, model, split","count: classification_report.0_NOR.support, classification_report.1_F&S.support, classification_report.2_SD.support, classification_report.3_MY.support, classification_report.4_AP.support, classification_report.5_BN.support, classification_report.6_UN.support, classification_report.7_IM.support, classification_report.macro avg.support, classification_report.weighted avg.support; metric: classification_report.0_NOR.precision, classification_report.0_NOR.recall, classification_report.0_NOR.support, classification_report.1_F&S.precision, classification_report.1_F&S.recall, classification_report.1_F&S.support, classification_report.2_SD.precision, classification_report.2_SD.recall, classification_report.2_SD.support, classification_report.3_MY.precision, classification_report.3_MY.recall, classification_report.3_MY.support, classification_report.4_AP.precision, classification_report.4_AP.recall, classification_report.4_AP.support, classification_report.5_BN.precision, classification_report.5_BN.recall, classification_report.5_BN.support, classification_report.6_UN.precision, classification_report.6_UN.recall, classification_report.6_UN.support, classification_report.7_IM.precision, classification_report.7_IM.recall, classification_report.7_IM.support, classification_report.accuracy, classification_report.macro avg.precision, classification_report.macro avg.recall, classification_report.macro avg.support, classification_report.weighted avg.precision, classification_report.weighted avg.recall, classification_report.weighted avg.support, metrics.accuracy, metrics.balanced_accuracy, metrics.macro_f1; model: model; split: split",keys-only,JSON was inspected as nested key paths.
results/Rice/Centralized/MobileNetV2/seed42/test_per_class_metrics.csv,.csv,8,5,"class_name, precision, recall, f1_score, support","precision, recall, f1_score, support",class_name,"class_or_category: class_name; count: support; metric: precision, recall, support",read,
results/Rice/Centralized/MobileNetV2/seed42/validation_confusion_matrix.csv,.csv,8,9,"Unnamed: 0, 0_NOR, 1_F&S, 2_SD, 3_MY, 4_AP, 5_BN, 6_UN, 7_IM","0_NOR, 1_F&S, 2_SD, 3_MY, 4_AP, 5_BN, 6_UN, 7_IM",Unnamed: 0,,read,
results/Rice/Centralized/MobileNetV2/seed42/validation_evaluation.json,.json,0,59,"classification_report, classification_report.0_NOR, classification_report.0_NOR.f1-score, classification_report.0_NOR.precision, classification_report.0_NOR.recall, classification_report.0_NOR.support, classification_report.1_F&S, classification_report.1_F&S.f1-score, classification_report.1_F&S.precision, classification_report.1_F&S.recall, classification_report.1_F&S.support, classification_report.2_SD, classification_report.2_SD.f1-score, classification_report.2_SD.precision, classification_report.2_SD.recall, classification_report.2_SD.support, classification_report.3_MY, classification_report.3_MY.f1-score, classification_report.3_MY.precision, classification_report.3_MY.recall, classification_report.3_MY.support, classification_report.4_AP, classification_report.4_AP.f1-score, classification_report.4_AP.precision, classification_report.4_AP.recall, classification_report.4_AP.support, classification_report.5_BN, classification_report.5_BN.f1-score, classification_report.5_BN.precision, classification_report.5_BN.recall, classification_report.5_BN.support, classification_report.6_UN, classification_report.6_UN.f1-score, classification_report.6_UN.precision, classification_report.6_UN.recall, classification_report.6_UN.support, classification_report.7_IM, classification_report.7_IM.f1-score, classification_report.7_IM.precision, classification_report.7_IM.recall, classification_report.7_IM.support, classification_report.accuracy, classification_report.macro avg, classification_report.macro avg.f1-score, classification_report.macro avg.precision, classification_report.macro avg.recall, classification_report.macro avg.support, classification_report.weighted avg, classification_report.weighted avg.f1-score, classification_report.weighted avg.precision, classification_report.weighted avg.recall, classification_report.weighted avg.support, metrics, metrics.accuracy, metrics.balanced_accuracy, metrics.macro_f1, metrics.weighted_f1, model, split",,"classification_report, classification_report.0_NOR, classification_report.0_NOR.f1-score, classification_report.0_NOR.precision, classification_report.0_NOR.recall, classification_report.0_NOR.support, classification_report.1_F&S, classification_report.1_F&S.f1-score, classification_report.1_F&S.precision, classification_report.1_F&S.recall, classification_report.1_F&S.support, classification_report.2_SD, classification_report.2_SD.f1-score, classification_report.2_SD.precision, classification_report.2_SD.recall, classification_report.2_SD.support, classification_report.3_MY, classification_report.3_MY.f1-score, classification_report.3_MY.precision, classification_report.3_MY.recall, classification_report.3_MY.support, classification_report.4_AP, classification_report.4_AP.f1-score, classification_report.4_AP.precision, classification_report.4_AP.recall, classification_report.4_AP.support, classification_report.5_BN, classification_report.5_BN.f1-score, classification_report.5_BN.precision, classification_report.5_BN.recall, classification_report.5_BN.support, classification_report.6_UN, classification_report.6_UN.f1-score, classification_report.6_UN.precision, classification_report.6_UN.recall, classification_report.6_UN.support, classification_report.7_IM, classification_report.7_IM.f1-score, classification_report.7_IM.precision, classification_report.7_IM.recall, classification_report.7_IM.support, classification_report.accuracy, classification_report.macro avg, classification_report.macro avg.f1-score, classification_report.macro avg.precision, classification_report.macro avg.recall, classification_report.macro avg.support, classification_report.weighted avg, classification_report.weighted avg.f1-score, classification_report.weighted avg.precision, classification_report.weighted avg.recall, classification_report.weighted avg.support, metrics, metrics.accuracy, metrics.balanced_accuracy, metrics.macro_f1, metrics.weighted_f1, model, split","count: classification_report.0_NOR.support, classification_report.1_F&S.support, classification_report.2_SD.support, classification_report.3_MY.support, classification_report.4_AP.support, classification_report.5_BN.support, classification_report.6_UN.support, classification_report.7_IM.support, classification_report.macro avg.support, classification_report.weighted avg.support; metric: classification_report.0_NOR.precision, classification_report.0_NOR.recall, classification_report.0_NOR.support, classification_report.1_F&S.precision, classification_report.1_F&S.recall, classification_report.1_F&S.support, classification_report.2_SD.precision, classification_report.2_SD.recall, classification_report.2_SD.support, classification_report.3_MY.precision, classification_report.3_MY.recall, classification_report.3_MY.support, classification_report.4_AP.precision, classification_report.4_AP.recall, classification_report.4_AP.support, classification_report.5_BN.precision, classification_report.5_BN.recall, classification_report.5_BN.support, classification_report.6_UN.precision, classification_report.6_UN.recall, classification_report.6_UN.support, classification_report.7_IM.precision, classification_report.7_IM.recall, classification_report.7_IM.support, classification_report.accuracy, classification_report.macro avg.precision, classification_report.macro avg.recall, classification_report.macro avg.support, classification_report.weighted avg.precision, classification_report.weighted avg.recall, classification_report.weighted avg.support, metrics.accuracy, metrics.balanced_accuracy, metrics.macro_f1; model: model; split: split",keys-only,JSON was inspected as nested key paths.
results/Rice/Centralized/MobileNetV2/seed42/validation_per_class_metrics.csv,.csv,8,5,"class_name, precision, recall, f1_score, support","precision, recall, f1_score, support",class_name,"class_or_category: class_name; count: support; metric: precision, recall, support",read,
results/Rice/Centralized/ResNet18/seed123/history.json,.json,10,8,"epoch, stage, train_loss, validation_loss, validation_accuracy, validation_balanced_accuracy, validation_macro_f1, epoch_seconds","epoch, train_loss, validation_loss, validation_accuracy, validation_balanced_accuracy, validation_macro_f1, epoch_seconds",stage,"metric: epoch_seconds, train_loss, validation_accuracy, validation_balanced_accuracy, validation_loss, validation_macro_f1; round_or_epoch: epoch, epoch_seconds; runtime: epoch_seconds",read,
results/Rice/Centralized/ResNet18/seed123/metrics.json,.json,0,72,"classes, classification_report, classification_report.0_NOR, classification_report.0_NOR.f1-score, classification_report.0_NOR.precision, classification_report.0_NOR.recall, classification_report.0_NOR.support, classification_report.1_F&S, classification_report.1_F&S.f1-score, classification_report.1_F&S.precision, classification_report.1_F&S.recall, classification_report.1_F&S.support, classification_report.2_SD, classification_report.2_SD.f1-score, classification_report.2_SD.precision, classification_report.2_SD.recall, classification_report.2_SD.support, classification_report.3_MY, classification_report.3_MY.f1-score, classification_report.3_MY.precision, classification_report.3_MY.recall, classification_report.3_MY.support, classification_report.4_AP, classification_report.4_AP.f1-score, classification_report.4_AP.precision, classification_report.4_AP.recall, classification_report.4_AP.support, classification_report.5_BN, classification_report.5_BN.f1-score, classification_report.5_BN.precision, classification_report.5_BN.recall, classification_report.5_BN.support, classification_report.6_UN, classification_report.6_UN.f1-score, classification_report.6_UN.precision, classification_report.6_UN.recall, classification_report.6_UN.support, classification_report.7_IM, classification_report.7_IM.f1-score, classification_report.7_IM.precision, classification_report.7_IM.recall, classification_report.7_IM.support, classification_report.accuracy, classification_report.macro avg, classification_report.macro avg.f1-score, classification_report.macro avg.precision, classification_report.macro avg.recall, classification_report.macro avg.support, classification_report.weighted avg, classification_report.weighted avg.f1-score, classification_report.weighted avg.precision, classification_report.weighted avg.recall, classification_report.weighted avg.support, dataset_root, experiment, seed, split_sizes, split_sizes.test, split_sizes.train, split_sizes.validation, test, test.accuracy, test.balanced_accuracy, test.loss, test.macro_f1, test.weighted_f1, training, training.best_epoch, training.best_validation_macro_f1, training.finetune_epochs, training.total_seconds, training.warmup_epochs",,"classes, classification_report, classification_report.0_NOR, classification_report.0_NOR.f1-score, classification_report.0_NOR.precision, classification_report.0_NOR.recall, classification_report.0_NOR.support, classification_report.1_F&S, classification_report.1_F&S.f1-score, classification_report.1_F&S.precision, classification_report.1_F&S.recall, classification_report.1_F&S.support, classification_report.2_SD, classification_report.2_SD.f1-score, classification_report.2_SD.precision, classification_report.2_SD.recall, classification_report.2_SD.support, classification_report.3_MY, classification_report.3_MY.f1-score, classification_report.3_MY.precision, classification_report.3_MY.recall, classification_report.3_MY.support, classification_report.4_AP, classification_report.4_AP.f1-score, classification_report.4_AP.precision, classification_report.4_AP.recall, classification_report.4_AP.support, classification_report.5_BN, classification_report.5_BN.f1-score, classification_report.5_BN.precision, classification_report.5_BN.recall, classification_report.5_BN.support, classification_report.6_UN, classification_report.6_UN.f1-score, classification_report.6_UN.precision, classification_report.6_UN.recall, classification_report.6_UN.support, classification_report.7_IM, classification_report.7_IM.f1-score, classification_report.7_IM.precision, classification_report.7_IM.recall, classification_report.7_IM.support, classification_report.accuracy, classification_report.macro avg, classification_report.macro avg.f1-score, classification_report.macro avg.precision, classification_report.macro avg.recall, classification_report.macro avg.support, classification_report.weighted avg, classification_report.weighted avg.f1-score, classification_report.weighted avg.precision, classification_report.weighted avg.recall, classification_report.weighted avg.support, dataset_root, experiment, seed, split_sizes, split_sizes.test, split_sizes.train, split_sizes.validation, test, test.accuracy, test.balanced_accuracy, test.loss, test.macro_f1, test.weighted_f1, training, training.best_epoch, training.best_validation_macro_f1, training.finetune_epochs, training.total_seconds, training.warmup_epochs","count: classification_report.0_NOR.support, classification_report.1_F&S.support, classification_report.2_SD.support, classification_report.3_MY.support, classification_report.4_AP.support, classification_report.5_BN.support, classification_report.6_UN.support, classification_report.7_IM.support, classification_report.macro avg.support, classification_report.weighted avg.support; dataset: dataset_root; metric: classification_report.0_NOR.precision, classification_report.0_NOR.recall, classification_report.0_NOR.support, classification_report.1_F&S.precision, classification_report.1_F&S.recall, classification_report.1_F&S.support, classification_report.2_SD.precision, classification_report.2_SD.recall, classification_report.2_SD.support, classification_report.3_MY.precision, classification_report.3_MY.recall, classification_report.3_MY.support, classification_report.4_AP.precision, classification_report.4_AP.recall, classification_report.4_AP.support, classification_report.5_BN.precision, classification_report.5_BN.recall, classification_report.5_BN.support, classification_report.6_UN.precision, classification_report.6_UN.recall, classification_report.6_UN.support, classification_report.7_IM.precision, classification_report.7_IM.recall, classification_report.7_IM.support, classification_report.accuracy, classification_report.macro avg.precision, classification_report.macro avg.recall, classification_report.macro avg.support, classification_report.weighted avg.precision, classification_report.weighted avg.recall, classification_report.weighted avg.support, test.accuracy, test.balanced_accuracy, test.loss, test.macro_f1, training.best_validation_macro_f1, training.total_seconds; round_or_epoch: training.best_epoch; runtime: training.total_seconds; seed: seed; split: split_sizes, split_sizes.test, split_sizes.train, split_sizes.validation",keys-only,JSON was inspected as nested key paths.
results/Rice/Centralized/ResNet18/seed2026/history.json,.json,10,8,"epoch, stage, train_loss, validation_loss, validation_accuracy, validation_balanced_accuracy, validation_macro_f1, epoch_seconds","epoch, train_loss, validation_loss, validation_accuracy, validation_balanced_accuracy, validation_macro_f1, epoch_seconds",stage,"metric: epoch_seconds, train_loss, validation_accuracy, validation_balanced_accuracy, validation_loss, validation_macro_f1; round_or_epoch: epoch, epoch_seconds; runtime: epoch_seconds",read,
results/Rice/Centralized/ResNet18/seed2026/metrics.json,.json,0,72,"classes, classification_report, classification_report.0_NOR, classification_report.0_NOR.f1-score, classification_report.0_NOR.precision, classification_report.0_NOR.recall, classification_report.0_NOR.support, classification_report.1_F&S, classification_report.1_F&S.f1-score, classification_report.1_F&S.precision, classification_report.1_F&S.recall, classification_report.1_F&S.support, classification_report.2_SD, classification_report.2_SD.f1-score, classification_report.2_SD.precision, classification_report.2_SD.recall, classification_report.2_SD.support, classification_report.3_MY, classification_report.3_MY.f1-score, classification_report.3_MY.precision, classification_report.3_MY.recall, classification_report.3_MY.support, classification_report.4_AP, classification_report.4_AP.f1-score, classification_report.4_AP.precision, classification_report.4_AP.recall, classification_report.4_AP.support, classification_report.5_BN, classification_report.5_BN.f1-score, classification_report.5_BN.precision, classification_report.5_BN.recall, classification_report.5_BN.support, classification_report.6_UN, classification_report.6_UN.f1-score, classification_report.6_UN.precision, classification_report.6_UN.recall, classification_report.6_UN.support, classification_report.7_IM, classification_report.7_IM.f1-score, classification_report.7_IM.precision, classification_report.7_IM.recall, classification_report.7_IM.support, classification_report.accuracy, classification_report.macro avg, classification_report.macro avg.f1-score, classification_report.macro avg.precision, classification_report.macro avg.recall, classification_report.macro avg.support, classification_report.weighted avg, classification_report.weighted avg.f1-score, classification_report.weighted avg.precision, classification_report.weighted avg.recall, classification_report.weighted avg.support, dataset_root, experiment, seed, split_sizes, split_sizes.test, split_sizes.train, split_sizes.validation, test, test.accuracy, test.balanced_accuracy, test.loss, test.macro_f1, test.weighted_f1, training, training.best_epoch, training.best_validation_macro_f1, training.finetune_epochs, training.total_seconds, training.warmup_epochs",,"classes, classification_report, classification_report.0_NOR, classification_report.0_NOR.f1-score, classification_report.0_NOR.precision, classification_report.0_NOR.recall, classification_report.0_NOR.support, classification_report.1_F&S, classification_report.1_F&S.f1-score, classification_report.1_F&S.precision, classification_report.1_F&S.recall, classification_report.1_F&S.support, classification_report.2_SD, classification_report.2_SD.f1-score, classification_report.2_SD.precision, classification_report.2_SD.recall, classification_report.2_SD.support, classification_report.3_MY, classification_report.3_MY.f1-score, classification_report.3_MY.precision, classification_report.3_MY.recall, classification_report.3_MY.support, classification_report.4_AP, classification_report.4_AP.f1-score, classification_report.4_AP.precision, classification_report.4_AP.recall, classification_report.4_AP.support, classification_report.5_BN, classification_report.5_BN.f1-score, classification_report.5_BN.precision, classification_report.5_BN.recall, classification_report.5_BN.support, classification_report.6_UN, classification_report.6_UN.f1-score, classification_report.6_UN.precision, classification_report.6_UN.recall, classification_report.6_UN.support, classification_report.7_IM, classification_report.7_IM.f1-score, classification_report.7_IM.precision, classification_report.7_IM.recall, classification_report.7_IM.support, classification_report.accuracy, classification_report.macro avg, classification_report.macro avg.f1-score, classification_report.macro avg.precision, classification_report.macro avg.recall, classification_report.macro avg.support, classification_report.weighted avg, classification_report.weighted avg.f1-score, classification_report.weighted avg.precision, classification_report.weighted avg.recall, classification_report.weighted avg.support, dataset_root, experiment, seed, split_sizes, split_sizes.test, split_sizes.train, split_sizes.validation, test, test.accuracy, test.balanced_accuracy, test.loss, test.macro_f1, test.weighted_f1, training, training.best_epoch, training.best_validation_macro_f1, training.finetune_epochs, training.total_seconds, training.warmup_epochs","count: classification_report.0_NOR.support, classification_report.1_F&S.support, classification_report.2_SD.support, classification_report.3_MY.support, classification_report.4_AP.support, classification_report.5_BN.support, classification_report.6_UN.support, classification_report.7_IM.support, classification_report.macro avg.support, classification_report.weighted avg.support; dataset: dataset_root; metric: classification_report.0_NOR.precision, classification_report.0_NOR.recall, classification_report.0_NOR.support, classification_report.1_F&S.precision, classification_report.1_F&S.recall, classification_report.1_F&S.support, classification_report.2_SD.precision, classification_report.2_SD.recall, classification_report.2_SD.support, classification_report.3_MY.precision, classification_report.3_MY.recall, classification_report.3_MY.support, classification_report.4_AP.precision, classification_report.4_AP.recall, classification_report.4_AP.support, classification_report.5_BN.precision, classification_report.5_BN.recall, classification_report.5_BN.support, classification_report.6_UN.precision, classification_report.6_UN.recall, classification_report.6_UN.support, classification_report.7_IM.precision, classification_report.7_IM.recall, classification_report.7_IM.support, classification_report.accuracy, classification_report.macro avg.precision, classification_report.macro avg.recall, classification_report.macro avg.support, classification_report.weighted avg.precision, classification_report.weighted avg.recall, classification_report.weighted avg.support, test.accuracy, test.balanced_accuracy, test.loss, test.macro_f1, training.best_validation_macro_f1, training.total_seconds; round_or_epoch: training.best_epoch; runtime: training.total_seconds; seed: seed; split: split_sizes, split_sizes.test, split_sizes.train, split_sizes.validation",keys-only,JSON was inspected as nested key paths.
results/Rice/Centralized/ResNet18/seed42/history.json,.json,10,8,"epoch, stage, train_loss, validation_loss, validation_accuracy, validation_balanced_accuracy, validation_macro_f1, epoch_seconds","epoch, train_loss, validation_loss, validation_accuracy, validation_balanced_accuracy, validation_macro_f1, epoch_seconds",stage,"metric: epoch_seconds, train_loss, validation_accuracy, validation_balanced_accuracy, validation_loss, validation_macro_f1; round_or_epoch: epoch, epoch_seconds; runtime: epoch_seconds",read,
results/Rice/Centralized/ResNet18/seed42/metrics.json,.json,0,72,"classes, classification_report, classification_report.0_NOR, classification_report.0_NOR.f1-score, classification_report.0_NOR.precision, classification_report.0_NOR.recall, classification_report.0_NOR.support, classification_report.1_F&S, classification_report.1_F&S.f1-score, classification_report.1_F&S.precision, classification_report.1_F&S.recall, classification_report.1_F&S.support, classification_report.2_SD, classification_report.2_SD.f1-score, classification_report.2_SD.precision, classification_report.2_SD.recall, classification_report.2_SD.support, classification_report.3_MY, classification_report.3_MY.f1-score, classification_report.3_MY.precision, classification_report.3_MY.recall, classification_report.3_MY.support, classification_report.4_AP, classification_report.4_AP.f1-score, classification_report.4_AP.precision, classification_report.4_AP.recall, classification_report.4_AP.support, classification_report.5_BN, classification_report.5_BN.f1-score, classification_report.5_BN.precision, classification_report.5_BN.recall, classification_report.5_BN.support, classification_report.6_UN, classification_report.6_UN.f1-score, classification_report.6_UN.precision, classification_report.6_UN.recall, classification_report.6_UN.support, classification_report.7_IM, classification_report.7_IM.f1-score, classification_report.7_IM.precision, classification_report.7_IM.recall, classification_report.7_IM.support, classification_report.accuracy, classification_report.macro avg, classification_report.macro avg.f1-score, classification_report.macro avg.precision, classification_report.macro avg.recall, classification_report.macro avg.support, classification_report.weighted avg, classification_report.weighted avg.f1-score, classification_report.weighted avg.precision, classification_report.weighted avg.recall, classification_report.weighted avg.support, dataset_root, experiment, seed, split_sizes, split_sizes.test, split_sizes.train, split_sizes.validation, test, test.accuracy, test.balanced_accuracy, test.loss, test.macro_f1, test.weighted_f1, training, training.best_epoch, training.best_validation_macro_f1, training.finetune_epochs, training.total_seconds, training.warmup_epochs",,"classes, classification_report, classification_report.0_NOR, classification_report.0_NOR.f1-score, classification_report.0_NOR.precision, classification_report.0_NOR.recall, classification_report.0_NOR.support, classification_report.1_F&S, classification_report.1_F&S.f1-score, classification_report.1_F&S.precision, classification_report.1_F&S.recall, classification_report.1_F&S.support, classification_report.2_SD, classification_report.2_SD.f1-score, classification_report.2_SD.precision, classification_report.2_SD.recall, classification_report.2_SD.support, classification_report.3_MY, classification_report.3_MY.f1-score, classification_report.3_MY.precision, classification_report.3_MY.recall, classification_report.3_MY.support, classification_report.4_AP, classification_report.4_AP.f1-score, classification_report.4_AP.precision, classification_report.4_AP.recall, classification_report.4_AP.support, classification_report.5_BN, classification_report.5_BN.f1-score, classification_report.5_BN.precision, classification_report.5_BN.recall, classification_report.5_BN.support, classification_report.6_UN, classification_report.6_UN.f1-score, classification_report.6_UN.precision, classification_report.6_UN.recall, classification_report.6_UN.support, classification_report.7_IM, classification_report.7_IM.f1-score, classification_report.7_IM.precision, classification_report.7_IM.recall, classification_report.7_IM.support, classification_report.accuracy, classification_report.macro avg, classification_report.macro avg.f1-score, classification_report.macro avg.precision, classification_report.macro avg.recall, classification_report.macro avg.support, classification_report.weighted avg, classification_report.weighted avg.f1-score, classification_report.weighted avg.precision, classification_report.weighted avg.recall, classification_report.weighted avg.support, dataset_root, experiment, seed, split_sizes, split_sizes.test, split_sizes.train, split_sizes.validation, test, test.accuracy, test.balanced_accuracy, test.loss, test.macro_f1, test.weighted_f1, training, training.best_epoch, training.best_validation_macro_f1, training.finetune_epochs, training.total_seconds, training.warmup_epochs","count: classification_report.0_NOR.support, classification_report.1_F&S.support, classification_report.2_SD.support, classification_report.3_MY.support, classification_report.4_AP.support, classification_report.5_BN.support, classification_report.6_UN.support, classification_report.7_IM.support, classification_report.macro avg.support, classification_report.weighted avg.support; dataset: dataset_root; metric: classification_report.0_NOR.precision, classification_report.0_NOR.recall, classification_report.0_NOR.support, classification_report.1_F&S.precision, classification_report.1_F&S.recall, classification_report.1_F&S.support, classification_report.2_SD.precision, classification_report.2_SD.recall, classification_report.2_SD.support, classification_report.3_MY.precision, classification_report.3_MY.recall, classification_report.3_MY.support, classification_report.4_AP.precision, classification_report.4_AP.recall, classification_report.4_AP.support, classification_report.5_BN.precision, classification_report.5_BN.recall, classification_report.5_BN.support, classification_report.6_UN.precision, classification_report.6_UN.recall, classification_report.6_UN.support, classification_report.7_IM.precision, classification_report.7_IM.recall, classification_report.7_IM.support, classification_report.accuracy, classification_report.macro avg.precision, classification_report.macro avg.recall, classification_report.macro avg.support, classification_report.weighted avg.precision, classification_report.weighted avg.recall, classification_report.weighted avg.support, test.accuracy, test.balanced_accuracy, test.loss, test.macro_f1, training.best_validation_macro_f1, training.total_seconds; round_or_epoch: training.best_epoch; runtime: training.total_seconds; seed: seed; split: split_sizes, split_sizes.test, split_sizes.train, split_sizes.validation",keys-only,JSON was inspected as nested key paths.
results/Rice/Centralized/ResNet18/seed42/split_summary.json,.json,0,43,"seed, splits, splits.test, splits.test.class_counts, splits.test.class_counts.0_NOR, splits.test.class_counts.1_F&S, splits.test.class_counts.2_SD, splits.test.class_counts.3_MY, splits.test.class_counts.4_AP, splits.test.class_counts.5_BN, splits.test.class_counts.6_UN, splits.test.class_counts.7_IM, splits.test.groups, splits.test.images, splits.test.percentage, splits.train, splits.train.class_counts, splits.train.class_counts.0_NOR, splits.train.class_counts.1_F&S, splits.train.class_counts.2_SD, splits.train.class_counts.3_MY, splits.train.class_counts.4_AP, splits.train.class_counts.5_BN, splits.train.class_counts.6_UN, splits.train.class_counts.7_IM, splits.train.groups, splits.train.images, splits.train.percentage, splits.validation, splits.validation.class_counts, splits.validation.class_counts.0_NOR, splits.validation.class_counts.1_F&S, splits.validation.class_counts.2_SD, splits.validation.class_counts.3_MY, splits.validation.class_counts.4_AP, splits.validation.class_counts.5_BN, splits.validation.class_counts.6_UN, splits.validation.class_counts.7_IM, splits.validation.groups, splits.validation.images, splits.validation.percentage, total_groups, total_images",,"seed, splits, splits.test, splits.test.class_counts, splits.test.class_counts.0_NOR, splits.test.class_counts.1_F&S, splits.test.class_counts.2_SD, splits.test.class_counts.3_MY, splits.test.class_counts.4_AP, splits.test.class_counts.5_BN, splits.test.class_counts.6_UN, splits.test.class_counts.7_IM, splits.test.groups, splits.test.images, splits.test.percentage, splits.train, splits.train.class_counts, splits.train.class_counts.0_NOR, splits.train.class_counts.1_F&S, splits.train.class_counts.2_SD, splits.train.class_counts.3_MY, splits.train.class_counts.4_AP, splits.train.class_counts.5_BN, splits.train.class_counts.6_UN, splits.train.class_counts.7_IM, splits.train.groups, splits.train.images, splits.train.percentage, splits.validation, splits.validation.class_counts, splits.validation.class_counts.0_NOR, splits.validation.class_counts.1_F&S, splits.validation.class_counts.2_SD, splits.validation.class_counts.3_MY, splits.validation.class_counts.4_AP, splits.validation.class_counts.5_BN, splits.validation.class_counts.6_UN, splits.validation.class_counts.7_IM, splits.validation.groups, splits.validation.images, splits.validation.percentage, total_groups, total_images","count: splits.test.images, splits.train.images, splits.validation.images, total_images; seed: seed",keys-only,JSON was inspected as nested key paths.
results/Rice/Centralized/ResNet18/seed42/test_confusion_matrix.csv,.csv,8,9,"Unnamed: 0, 0_NOR, 1_F&S, 2_SD, 3_MY, 4_AP, 5_BN, 6_UN, 7_IM","0_NOR, 1_F&S, 2_SD, 3_MY, 4_AP, 5_BN, 6_UN, 7_IM",Unnamed: 0,,read,
results/Rice/Centralized/ResNet18/seed42/test_evaluation.json,.json,0,59,"classification_report, classification_report.0_NOR, classification_report.0_NOR.f1-score, classification_report.0_NOR.precision, classification_report.0_NOR.recall, classification_report.0_NOR.support, classification_report.1_F&S, classification_report.1_F&S.f1-score, classification_report.1_F&S.precision, classification_report.1_F&S.recall, classification_report.1_F&S.support, classification_report.2_SD, classification_report.2_SD.f1-score, classification_report.2_SD.precision, classification_report.2_SD.recall, classification_report.2_SD.support, classification_report.3_MY, classification_report.3_MY.f1-score, classification_report.3_MY.precision, classification_report.3_MY.recall, classification_report.3_MY.support, classification_report.4_AP, classification_report.4_AP.f1-score, classification_report.4_AP.precision, classification_report.4_AP.recall, classification_report.4_AP.support, classification_report.5_BN, classification_report.5_BN.f1-score, classification_report.5_BN.precision, classification_report.5_BN.recall, classification_report.5_BN.support, classification_report.6_UN, classification_report.6_UN.f1-score, classification_report.6_UN.precision, classification_report.6_UN.recall, classification_report.6_UN.support, classification_report.7_IM, classification_report.7_IM.f1-score, classification_report.7_IM.precision, classification_report.7_IM.recall, classification_report.7_IM.support, classification_report.accuracy, classification_report.macro avg, classification_report.macro avg.f1-score, classification_report.macro avg.precision, classification_report.macro avg.recall, classification_report.macro avg.support, classification_report.weighted avg, classification_report.weighted avg.f1-score, classification_report.weighted avg.precision, classification_report.weighted avg.recall, classification_report.weighted avg.support, metrics, metrics.accuracy, metrics.balanced_accuracy, metrics.macro_f1, metrics.weighted_f1, model, split",,"classification_report, classification_report.0_NOR, classification_report.0_NOR.f1-score, classification_report.0_NOR.precision, classification_report.0_NOR.recall, classification_report.0_NOR.support, classification_report.1_F&S, classification_report.1_F&S.f1-score, classification_report.1_F&S.precision, classification_report.1_F&S.recall, classification_report.1_F&S.support, classification_report.2_SD, classification_report.2_SD.f1-score, classification_report.2_SD.precision, classification_report.2_SD.recall, classification_report.2_SD.support, classification_report.3_MY, classification_report.3_MY.f1-score, classification_report.3_MY.precision, classification_report.3_MY.recall, classification_report.3_MY.support, classification_report.4_AP, classification_report.4_AP.f1-score, classification_report.4_AP.precision, classification_report.4_AP.recall, classification_report.4_AP.support, classification_report.5_BN, classification_report.5_BN.f1-score, classification_report.5_BN.precision, classification_report.5_BN.recall, classification_report.5_BN.support, classification_report.6_UN, classification_report.6_UN.f1-score, classification_report.6_UN.precision, classification_report.6_UN.recall, classification_report.6_UN.support, classification_report.7_IM, classification_report.7_IM.f1-score, classification_report.7_IM.precision, classification_report.7_IM.recall, classification_report.7_IM.support, classification_report.accuracy, classification_report.macro avg, classification_report.macro avg.f1-score, classification_report.macro avg.precision, classification_report.macro avg.recall, classification_report.macro avg.support, classification_report.weighted avg, classification_report.weighted avg.f1-score, classification_report.weighted avg.precision, classification_report.weighted avg.recall, classification_report.weighted avg.support, metrics, metrics.accuracy, metrics.balanced_accuracy, metrics.macro_f1, metrics.weighted_f1, model, split","count: classification_report.0_NOR.support, classification_report.1_F&S.support, classification_report.2_SD.support, classification_report.3_MY.support, classification_report.4_AP.support, classification_report.5_BN.support, classification_report.6_UN.support, classification_report.7_IM.support, classification_report.macro avg.support, classification_report.weighted avg.support; metric: classification_report.0_NOR.precision, classification_report.0_NOR.recall, classification_report.0_NOR.support, classification_report.1_F&S.precision, classification_report.1_F&S.recall, classification_report.1_F&S.support, classification_report.2_SD.precision, classification_report.2_SD.recall, classification_report.2_SD.support, classification_report.3_MY.precision, classification_report.3_MY.recall, classification_report.3_MY.support, classification_report.4_AP.precision, classification_report.4_AP.recall, classification_report.4_AP.support, classification_report.5_BN.precision, classification_report.5_BN.recall, classification_report.5_BN.support, classification_report.6_UN.precision, classification_report.6_UN.recall, classification_report.6_UN.support, classification_report.7_IM.precision, classification_report.7_IM.recall, classification_report.7_IM.support, classification_report.accuracy, classification_report.macro avg.precision, classification_report.macro avg.recall, classification_report.macro avg.support, classification_report.weighted avg.precision, classification_report.weighted avg.recall, classification_report.weighted avg.support, metrics.accuracy, metrics.balanced_accuracy, metrics.macro_f1; model: model; split: split",keys-only,JSON was inspected as nested key paths.
results/Rice/Centralized/ResNet18/seed42/test_per_class_metrics.csv,.csv,8,5,"class_name, precision, recall, f1_score, support","precision, recall, f1_score, support",class_name,"class_or_category: class_name; count: support; metric: precision, recall, support",read,
results/Rice/Centralized/ResNet18/seed42/validation_confusion_matrix.csv,.csv,8,9,"Unnamed: 0, 0_NOR, 1_F&S, 2_SD, 3_MY, 4_AP, 5_BN, 6_UN, 7_IM","0_NOR, 1_F&S, 2_SD, 3_MY, 4_AP, 5_BN, 6_UN, 7_IM",Unnamed: 0,,read,
results/Rice/Centralized/ResNet18/seed42/validation_evaluation.json,.json,0,59,"classification_report, classification_report.0_NOR, classification_report.0_NOR.f1-score, classification_report.0_NOR.precision, classification_report.0_NOR.recall, classification_report.0_NOR.support, classification_report.1_F&S, classification_report.1_F&S.f1-score, classification_report.1_F&S.precision, classification_report.1_F&S.recall, classification_report.1_F&S.support, classification_report.2_SD, classification_report.2_SD.f1-score, classification_report.2_SD.precision, classification_report.2_SD.recall, classification_report.2_SD.support, classification_report.3_MY, classification_report.3_MY.f1-score, classification_report.3_MY.precision, classification_report.3_MY.recall, classification_report.3_MY.support, classification_report.4_AP, classification_report.4_AP.f1-score, classification_report.4_AP.precision, classification_report.4_AP.recall, classification_report.4_AP.support, classification_report.5_BN, classification_report.5_BN.f1-score, classification_report.5_BN.precision, classification_report.5_BN.recall, classification_report.5_BN.support, classification_report.6_UN, classification_report.6_UN.f1-score, classification_report.6_UN.precision, classification_report.6_UN.recall, classification_report.6_UN.support, classification_report.7_IM, classification_report.7_IM.f1-score, classification_report.7_IM.precision, classification_report.7_IM.recall, classification_report.7_IM.support, classification_report.accuracy, classification_report.macro avg, classification_report.macro avg.f1-score, classification_report.macro avg.precision, classification_report.macro avg.recall, classification_report.macro avg.support, classification_report.weighted avg, classification_report.weighted avg.f1-score, classification_report.weighted avg.precision, classification_report.weighted avg.recall, classification_report.weighted avg.support, metrics, metrics.accuracy, metrics.balanced_accuracy, metrics.macro_f1, metrics.weighted_f1, model, split",,"classification_report, classification_report.0_NOR, classification_report.0_NOR.f1-score, classification_report.0_NOR.precision, classification_report.0_NOR.recall, classification_report.0_NOR.support, classification_report.1_F&S, classification_report.1_F&S.f1-score, classification_report.1_F&S.precision, classification_report.1_F&S.recall, classification_report.1_F&S.support, classification_report.2_SD, classification_report.2_SD.f1-score, classification_report.2_SD.precision, classification_report.2_SD.recall, classification_report.2_SD.support, classification_report.3_MY, classification_report.3_MY.f1-score, classification_report.3_MY.precision, classification_report.3_MY.recall, classification_report.3_MY.support, classification_report.4_AP, classification_report.4_AP.f1-score, classification_report.4_AP.precision, classification_report.4_AP.recall, classification_report.4_AP.support, classification_report.5_BN, classification_report.5_BN.f1-score, classification_report.5_BN.precision, classification_report.5_BN.recall, classification_report.5_BN.support, classification_report.6_UN, classification_report.6_UN.f1-score, classification_report.6_UN.precision, classification_report.6_UN.recall, classification_report.6_UN.support, classification_report.7_IM, classification_report.7_IM.f1-score, classification_report.7_IM.precision, classification_report.7_IM.recall, classification_report.7_IM.support, classification_report.accuracy, classification_report.macro avg, classification_report.macro avg.f1-score, classification_report.macro avg.precision, classification_report.macro avg.recall, classification_report.macro avg.support, classification_report.weighted avg, classification_report.weighted avg.f1-score, classification_report.weighted avg.precision, classification_report.weighted avg.recall, classification_report.weighted avg.support, metrics, metrics.accuracy, metrics.balanced_accuracy, metrics.macro_f1, metrics.weighted_f1, model, split","count: classification_report.0_NOR.support, classification_report.1_F&S.support, classification_report.2_SD.support, classification_report.3_MY.support, classification_report.4_AP.support, classification_report.5_BN.support, classification_report.6_UN.support, classification_report.7_IM.support, classification_report.macro avg.support, classification_report.weighted avg.support; metric: classification_report.0_NOR.precision, classification_report.0_NOR.recall, classification_report.0_NOR.support, classification_report.1_F&S.precision, classification_report.1_F&S.recall, classification_report.1_F&S.support, classification_report.2_SD.precision, classification_report.2_SD.recall, classification_report.2_SD.support, classification_report.3_MY.precision, classification_report.3_MY.recall, classification_report.3_MY.support, classification_report.4_AP.precision, classification_report.4_AP.recall, classification_report.4_AP.support, classification_report.5_BN.precision, classification_report.5_BN.recall, classification_report.5_BN.support, classification_report.6_UN.precision, classification_report.6_UN.recall, classification_report.6_UN.support, classification_report.7_IM.precision, classification_report.7_IM.recall, classification_report.7_IM.support, classification_report.accuracy, classification_report.macro avg.precision, classification_report.macro avg.recall, classification_report.macro avg.support, classification_report.weighted avg.precision, classification_report.weighted avg.recall, classification_report.weighted avg.support, metrics.accuracy, metrics.balanced_accuracy, metrics.macro_f1; model: model; split: split",keys-only,JSON was inspected as nested key paths.
results/Rice/Centralized/ResNet18/seed42/validation_per_class_metrics.csv,.csv,8,5,"class_name, precision, recall, f1_score, support","precision, recall, f1_score, support",class_name,"class_or_category: class_name; count: support; metric: precision, recall, support",read,
results/Rice/DataValidation/DuplicateAudit/cross_split_exact_duplicates.json,.json,0,0,,,,,keys-only,JSON was inspected as nested key paths.
results/Rice/DataValidation/DuplicateAudit/exact_duplicate_summary.json,.json,0,6,"cross_split_duplicate_groups, cross_split_duplicate_images, duplicate_hash_groups, same_split_duplicate_groups, total_images, unique_hashes",,"cross_split_duplicate_groups, cross_split_duplicate_images, duplicate_hash_groups, same_split_duplicate_groups, total_images, unique_hashes","count: cross_split_duplicate_images, total_images",keys-only,JSON was inspected as nested key paths.
results/Rice/DataValidation/DuplicateAudit/perceptual_duplicate_candidates.json,.json,0,1,value,value,,,read,
results/Rice/DataValidation/DuplicateAudit/perceptual_duplicate_summary.json,.json,0,5,"cross_split_near_duplicate_candidates, hamming_threshold, hash_bits, nearest_neighbors_checked, total_images",,"cross_split_near_duplicate_candidates, hamming_threshold, hash_bits, nearest_neighbors_checked, total_images",count: total_images,keys-only,JSON was inspected as nested key paths.
results/Rice/DDP/ResNet18/Final/evaluation/evaluation_metrics.json,.json,0,52,"checkpoint, checkpoint_metadata, checkpoint_metadata.arguments, checkpoint_metadata.arguments.batch_size_per_gpu, checkpoint_metadata.arguments.dataset_root, checkpoint_metadata.arguments.epochs, checkpoint_metadata.arguments.initial_checkpoint, checkpoint_metadata.arguments.label_smoothing, checkpoint_metadata.arguments.learning_rate, checkpoint_metadata.arguments.num_workers, checkpoint_metadata.arguments.output_dir, checkpoint_metadata.arguments.seed, checkpoint_metadata.arguments.train_manifest, checkpoint_metadata.arguments.validation_manifest, checkpoint_metadata.arguments.weight_decay, checkpoint_metadata.class_names, checkpoint_metadata.epoch, checkpoint_metadata.validation_metrics, checkpoint_metadata.validation_metrics.accuracy, checkpoint_metadata.validation_metrics.balanced_accuracy, checkpoint_metadata.validation_metrics.macro_f1, checkpoint_metadata.validation_metrics.weighted_f1, checkpoint_metadata.world_size, class_names, experiment, results, results.test, results.test.accuracy, results.test.balanced_accuracy, results.test.evaluation_seconds, results.test.macro_f1, results.test.num_images, results.test.per_class, results.test.per_class.class_name, results.test.per_class.f1_score, results.test.per_class.precision, results.test.per_class.recall, results.test.per_class.support, results.test.weighted_f1, results.validation, results.validation.accuracy, results.validation.balanced_accuracy, results.validation.evaluation_seconds, results.validation.macro_f1, results.validation.num_images, results.validation.per_class, results.validation.per_class.class_name, results.validation.per_class.f1_score, results.validation.per_class.precision, results.validation.per_class.recall, results.validation.per_class.support, results.validation.weighted_f1",,"checkpoint, checkpoint_metadata, checkpoint_metadata.arguments, checkpoint_metadata.arguments.batch_size_per_gpu, checkpoint_metadata.arguments.dataset_root, checkpoint_metadata.arguments.epochs, checkpoint_metadata.arguments.initial_checkpoint, checkpoint_metadata.arguments.label_smoothing, checkpoint_metadata.arguments.learning_rate, checkpoint_metadata.arguments.num_workers, checkpoint_metadata.arguments.output_dir, checkpoint_metadata.arguments.seed, checkpoint_metadata.arguments.train_manifest, checkpoint_metadata.arguments.validation_manifest, checkpoint_metadata.arguments.weight_decay, checkpoint_metadata.class_names, checkpoint_metadata.epoch, checkpoint_metadata.validation_metrics, checkpoint_metadata.validation_metrics.accuracy, checkpoint_metadata.validation_metrics.balanced_accuracy, checkpoint_metadata.validation_metrics.macro_f1, checkpoint_metadata.validation_metrics.weighted_f1, checkpoint_metadata.world_size, class_names, experiment, results, results.test, results.test.accuracy, results.test.balanced_accuracy, results.test.evaluation_seconds, results.test.macro_f1, results.test.num_images, results.test.per_class, results.test.per_class.class_name, results.test.per_class.f1_score, results.test.per_class.precision, results.test.per_class.recall, results.test.per_class.support, results.test.weighted_f1, results.validation, results.validation.accuracy, results.validation.balanced_accuracy, results.validation.evaluation_seconds, results.validation.macro_f1, results.validation.num_images, results.validation.per_class, results.validation.per_class.class_name, results.validation.per_class.f1_score, results.validation.per_class.precision, results.validation.per_class.recall, results.validation.per_class.support, results.validation.weighted_f1","class_or_category: class_names, results.test.per_class, results.validation.per_class; count: results.test.num_images, results.test.per_class.support, results.validation.num_images, results.validation.per_class.support; metric: checkpoint_metadata.validation_metrics.accuracy, checkpoint_metadata.validation_metrics.balanced_accuracy, checkpoint_metadata.validation_metrics.macro_f1, results.test.accuracy, results.test.balanced_accuracy, results.test.evaluation_seconds, results.test.macro_f1, results.test.per_class.precision, results.test.per_class.recall, results.test.per_class.support, results.validation.accuracy, results.validation.balanced_accuracy, results.validation.evaluation_seconds, results.validation.macro_f1, results.validation.per_class.precision, results.validation.per_class.recall, results.validation.per_class.support; round_or_epoch: checkpoint_metadata.epoch; runtime: results.test.evaluation_seconds, results.validation.evaluation_seconds; seed: checkpoint_metadata.arguments.seed",keys-only,JSON was inspected as nested key paths.
results/Rice/DDP/ResNet18/Final/evaluation/evaluation_summary.csv,.csv,2,8,"experiment, split, num_images, accuracy, balanced_accuracy, macro_f1, weighted_f1, evaluation_seconds","num_images, accuracy, balanced_accuracy, macro_f1, weighted_f1, evaluation_seconds","experiment, split","count: num_images; metric: accuracy, balanced_accuracy, evaluation_seconds, macro_f1; runtime: evaluation_seconds; split: split",read,
results/Rice/DDP/ResNet18/Final/evaluation/test_confusion_matrix.csv,.csv,8,9,"Unnamed: 0, 0_NOR, 1_F&S, 2_SD, 3_MY, 4_AP, 5_BN, 6_UN, 7_IM","0_NOR, 1_F&S, 2_SD, 3_MY, 4_AP, 5_BN, 6_UN, 7_IM",Unnamed: 0,,read,
results/Rice/DDP/ResNet18/Final/evaluation/test_per_class_metrics.csv,.csv,8,5,"class_name, precision, recall, f1_score, support","precision, recall, f1_score, support",class_name,"class_or_category: class_name; count: support; metric: precision, recall, support",read,
results/Rice/DDP/ResNet18/Final/evaluation/validation_confusion_matrix.csv,.csv,8,9,"Unnamed: 0, 0_NOR, 1_F&S, 2_SD, 3_MY, 4_AP, 5_BN, 6_UN, 7_IM","0_NOR, 1_F&S, 2_SD, 3_MY, 4_AP, 5_BN, 6_UN, 7_IM",Unnamed: 0,,read,
results/Rice/DDP/ResNet18/Final/evaluation/validation_per_class_metrics.csv,.csv,8,5,"class_name, precision, recall, f1_score, support","precision, recall, f1_score, support",class_name,"class_or_category: class_name; count: support; metric: precision, recall, support",read,
results/Rice/DDP/ResNet18/Final/metrics.json,.json,8,8,"epoch, train_loss, learning_rate, epoch_seconds, validation.accuracy, validation.balanced_accuracy, validation.macro_f1, validation.weighted_f1","epoch, train_loss, learning_rate, epoch_seconds, validation.accuracy, validation.balanced_accuracy, validation.macro_f1, validation.weighted_f1",,"metric: epoch_seconds, train_loss, validation.accuracy, validation.balanced_accuracy, validation.macro_f1; round_or_epoch: epoch, epoch_seconds; runtime: epoch_seconds",read,
results/Rice/DDP/ResNet18/Final/training_summary.json,.json,0,9,"best_epoch, best_validation_macro_f1, effective_global_batch_size, epochs, experiment, total_training_seconds, train_images, validation_images, world_size",,"best_epoch, best_validation_macro_f1, effective_global_batch_size, epochs, experiment, total_training_seconds, train_images, validation_images, world_size","count: train_images, validation_images; metric: best_validation_macro_f1, total_training_seconds; round_or_epoch: best_epoch; runtime: total_training_seconds",keys-only,JSON was inspected as nested key paths.
results/Rice/Federated/FedAvg/IID/MobileNetV2/evaluation/evaluation_metrics.json,.json,0,13,"checkpoint, experiment, results, results.test, results.test.accuracy, results.test.balanced_accuracy, results.test.macro_f1, results.test.weighted_f1, results.validation, results.validation.accuracy, results.validation.balanced_accuracy, results.validation.macro_f1, results.validation.weighted_f1",,"checkpoint, experiment, results, results.test, results.test.accuracy, results.test.balanced_accuracy, results.test.macro_f1, results.test.weighted_f1, results.validation, results.validation.accuracy, results.validation.balanced_accuracy, results.validation.macro_f1, results.validation.weighted_f1","metric: results.test.accuracy, results.test.balanced_accuracy, results.test.macro_f1, results.validation.accuracy, results.validation.balanced_accuracy, results.validation.macro_f1",keys-only,JSON was inspected as nested key paths.
results/Rice/Federated/FedAvg/IID/MobileNetV2/evaluation/evaluation_summary.csv,.csv,2,6,"experiment, split, accuracy, balanced_accuracy, macro_f1, weighted_f1","accuracy, balanced_accuracy, macro_f1, weighted_f1","experiment, split","metric: accuracy, balanced_accuracy, macro_f1; split: split",read,
results/Rice/Federated/FedAvg/IID/MobileNetV2/evaluation/test_confusion_matrix.csv,.csv,8,9,"Unnamed: 0, 0_NOR, 1_F&S, 2_SD, 3_MY, 4_AP, 5_BN, 6_UN, 7_IM","0_NOR, 1_F&S, 2_SD, 3_MY, 4_AP, 5_BN, 6_UN, 7_IM",Unnamed: 0,,read,
results/Rice/Federated/FedAvg/IID/MobileNetV2/evaluation/test_evaluation.json,.json,0,59,"classification_report, classification_report.0_NOR, classification_report.0_NOR.f1-score, classification_report.0_NOR.precision, classification_report.0_NOR.recall, classification_report.0_NOR.support, classification_report.1_F&S, classification_report.1_F&S.f1-score, classification_report.1_F&S.precision, classification_report.1_F&S.recall, classification_report.1_F&S.support, classification_report.2_SD, classification_report.2_SD.f1-score, classification_report.2_SD.precision, classification_report.2_SD.recall, classification_report.2_SD.support, classification_report.3_MY, classification_report.3_MY.f1-score, classification_report.3_MY.precision, classification_report.3_MY.recall, classification_report.3_MY.support, classification_report.4_AP, classification_report.4_AP.f1-score, classification_report.4_AP.precision, classification_report.4_AP.recall, classification_report.4_AP.support, classification_report.5_BN, classification_report.5_BN.f1-score, classification_report.5_BN.precision, classification_report.5_BN.recall, classification_report.5_BN.support, classification_report.6_UN, classification_report.6_UN.f1-score, classification_report.6_UN.precision, classification_report.6_UN.recall, classification_report.6_UN.support, classification_report.7_IM, classification_report.7_IM.f1-score, classification_report.7_IM.precision, classification_report.7_IM.recall, classification_report.7_IM.support, classification_report.accuracy, classification_report.macro avg, classification_report.macro avg.f1-score, classification_report.macro avg.precision, classification_report.macro avg.recall, classification_report.macro avg.support, classification_report.weighted avg, classification_report.weighted avg.f1-score, classification_report.weighted avg.precision, classification_report.weighted avg.recall, classification_report.weighted avg.support, experiment, metrics, metrics.accuracy, metrics.balanced_accuracy, metrics.macro_f1, metrics.weighted_f1, split",,"classification_report, classification_report.0_NOR, classification_report.0_NOR.f1-score, classification_report.0_NOR.precision, classification_report.0_NOR.recall, classification_report.0_NOR.support, classification_report.1_F&S, classification_report.1_F&S.f1-score, classification_report.1_F&S.precision, classification_report.1_F&S.recall, classification_report.1_F&S.support, classification_report.2_SD, classification_report.2_SD.f1-score, classification_report.2_SD.precision, classification_report.2_SD.recall, classification_report.2_SD.support, classification_report.3_MY, classification_report.3_MY.f1-score, classification_report.3_MY.precision, classification_report.3_MY.recall, classification_report.3_MY.support, classification_report.4_AP, classification_report.4_AP.f1-score, classification_report.4_AP.precision, classification_report.4_AP.recall, classification_report.4_AP.support, classification_report.5_BN, classification_report.5_BN.f1-score, classification_report.5_BN.precision, classification_report.5_BN.recall, classification_report.5_BN.support, classification_report.6_UN, classification_report.6_UN.f1-score, classification_report.6_UN.precision, classification_report.6_UN.recall, classification_report.6_UN.support, classification_report.7_IM, classification_report.7_IM.f1-score, classification_report.7_IM.precision, classification_report.7_IM.recall, classification_report.7_IM.support, classification_report.accuracy, classification_report.macro avg, classification_report.macro avg.f1-score, classification_report.macro avg.precision, classification_report.macro avg.recall, classification_report.macro avg.support, classification_report.weighted avg, classification_report.weighted avg.f1-score, classification_report.weighted avg.precision, classification_report.weighted avg.recall, classification_report.weighted avg.support, experiment, metrics, metrics.accuracy, metrics.balanced_accuracy, metrics.macro_f1, metrics.weighted_f1, split","count: classification_report.0_NOR.support, classification_report.1_F&S.support, classification_report.2_SD.support, classification_report.3_MY.support, classification_report.4_AP.support, classification_report.5_BN.support, classification_report.6_UN.support, classification_report.7_IM.support, classification_report.macro avg.support, classification_report.weighted avg.support; metric: classification_report.0_NOR.precision, classification_report.0_NOR.recall, classification_report.0_NOR.support, classification_report.1_F&S.precision, classification_report.1_F&S.recall, classification_report.1_F&S.support, classification_report.2_SD.precision, classification_report.2_SD.recall, classification_report.2_SD.support, classification_report.3_MY.precision, classification_report.3_MY.recall, classification_report.3_MY.support, classification_report.4_AP.precision, classification_report.4_AP.recall, classification_report.4_AP.support, classification_report.5_BN.precision, classification_report.5_BN.recall, classification_report.5_BN.support, classification_report.6_UN.precision, classification_report.6_UN.recall, classification_report.6_UN.support, classification_report.7_IM.precision, classification_report.7_IM.recall, classification_report.7_IM.support, classification_report.accuracy, classification_report.macro avg.precision, classification_report.macro avg.recall, classification_report.macro avg.support, classification_report.weighted avg.precision, classification_report.weighted avg.recall, classification_report.weighted avg.support, metrics.accuracy, metrics.balanced_accuracy, metrics.macro_f1; split: split",keys-only,JSON was inspected as nested key paths.
results/Rice/Federated/FedAvg/IID/MobileNetV2/evaluation/test_per_class_metrics.csv,.csv,8,5,"class_name, precision, recall, f1_score, support","precision, recall, f1_score, support",class_name,"class_or_category: class_name; count: support; metric: precision, recall, support",read,
results/Rice/Federated/FedAvg/IID/MobileNetV2/evaluation/validation_confusion_matrix.csv,.csv,8,9,"Unnamed: 0, 0_NOR, 1_F&S, 2_SD, 3_MY, 4_AP, 5_BN, 6_UN, 7_IM","0_NOR, 1_F&S, 2_SD, 3_MY, 4_AP, 5_BN, 6_UN, 7_IM",Unnamed: 0,,read,
results/Rice/Federated/FedAvg/IID/MobileNetV2/evaluation/validation_evaluation.json,.json,0,59,"classification_report, classification_report.0_NOR, classification_report.0_NOR.f1-score, classification_report.0_NOR.precision, classification_report.0_NOR.recall, classification_report.0_NOR.support, classification_report.1_F&S, classification_report.1_F&S.f1-score, classification_report.1_F&S.precision, classification_report.1_F&S.recall, classification_report.1_F&S.support, classification_report.2_SD, classification_report.2_SD.f1-score, classification_report.2_SD.precision, classification_report.2_SD.recall, classification_report.2_SD.support, classification_report.3_MY, classification_report.3_MY.f1-score, classification_report.3_MY.precision, classification_report.3_MY.recall, classification_report.3_MY.support, classification_report.4_AP, classification_report.4_AP.f1-score, classification_report.4_AP.precision, classification_report.4_AP.recall, classification_report.4_AP.support, classification_report.5_BN, classification_report.5_BN.f1-score, classification_report.5_BN.precision, classification_report.5_BN.recall, classification_report.5_BN.support, classification_report.6_UN, classification_report.6_UN.f1-score, classification_report.6_UN.precision, classification_report.6_UN.recall, classification_report.6_UN.support, classification_report.7_IM, classification_report.7_IM.f1-score, classification_report.7_IM.precision, classification_report.7_IM.recall, classification_report.7_IM.support, classification_report.accuracy, classification_report.macro avg, classification_report.macro avg.f1-score, classification_report.macro avg.precision, classification_report.macro avg.recall, classification_report.macro avg.support, classification_report.weighted avg, classification_report.weighted avg.f1-score, classification_report.weighted avg.precision, classification_report.weighted avg.recall, classification_report.weighted avg.support, experiment, metrics, metrics.accuracy, metrics.balanced_accuracy, metrics.macro_f1, metrics.weighted_f1, split",,"classification_report, classification_report.0_NOR, classification_report.0_NOR.f1-score, classification_report.0_NOR.precision, classification_report.0_NOR.recall, classification_report.0_NOR.support, classification_report.1_F&S, classification_report.1_F&S.f1-score, classification_report.1_F&S.precision, classification_report.1_F&S.recall, classification_report.1_F&S.support, classification_report.2_SD, classification_report.2_SD.f1-score, classification_report.2_SD.precision, classification_report.2_SD.recall, classification_report.2_SD.support, classification_report.3_MY, classification_report.3_MY.f1-score, classification_report.3_MY.precision, classification_report.3_MY.recall, classification_report.3_MY.support, classification_report.4_AP, classification_report.4_AP.f1-score, classification_report.4_AP.precision, classification_report.4_AP.recall, classification_report.4_AP.support, classification_report.5_BN, classification_report.5_BN.f1-score, classification_report.5_BN.precision, classification_report.5_BN.recall, classification_report.5_BN.support, classification_report.6_UN, classification_report.6_UN.f1-score, classification_report.6_UN.precision, classification_report.6_UN.recall, classification_report.6_UN.support, classification_report.7_IM, classification_report.7_IM.f1-score, classification_report.7_IM.precision, classification_report.7_IM.recall, classification_report.7_IM.support, classification_report.accuracy, classification_report.macro avg, classification_report.macro avg.f1-score, classification_report.macro avg.precision, classification_report.macro avg.recall, classification_report.macro avg.support, classification_report.weighted avg, classification_report.weighted avg.f1-score, classification_report.weighted avg.precision, classification_report.weighted avg.recall, classification_report.weighted avg.support, experiment, metrics, metrics.accuracy, metrics.balanced_accuracy, metrics.macro_f1, metrics.weighted_f1, split","count: classification_report.0_NOR.support, classification_report.1_F&S.support, classification_report.2_SD.support, classification_report.3_MY.support, classification_report.4_AP.support, classification_report.5_BN.support, classification_report.6_UN.support, classification_report.7_IM.support, classification_report.macro avg.support, classification_report.weighted avg.support; metric: classification_report.0_NOR.precision, classification_report.0_NOR.recall, classification_report.0_NOR.support, classification_report.1_F&S.precision, classification_report.1_F&S.recall, classification_report.1_F&S.support, classification_report.2_SD.precision, classification_report.2_SD.recall, classification_report.2_SD.support, classification_report.3_MY.precision, classification_report.3_MY.recall, classification_report.3_MY.support, classification_report.4_AP.precision, classification_report.4_AP.recall, classification_report.4_AP.support, classification_report.5_BN.precision, classification_report.5_BN.recall, classification_report.5_BN.support, classification_report.6_UN.precision, classification_report.6_UN.recall, classification_report.6_UN.support, classification_report.7_IM.precision, classification_report.7_IM.recall, classification_report.7_IM.support, classification_report.accuracy, classification_report.macro avg.precision, classification_report.macro avg.recall, classification_report.macro avg.support, classification_report.weighted avg.precision, classification_report.weighted avg.recall, classification_report.weighted avg.support, metrics.accuracy, metrics.balanced_accuracy, metrics.macro_f1; split: split",keys-only,JSON was inspected as nested key paths.
results/Rice/Federated/FedAvg/IID/MobileNetV2/evaluation/validation_per_class_metrics.csv,.csv,8,5,"class_name, precision, recall, f1_score, support","precision, recall, f1_score, support",class_name,"class_or_category: class_name; count: support; metric: precision, recall, support",read,
results/Rice/Federated/FedAvg/IID/MobileNetV2/metrics.json,.json,5,7,"round, clients, elapsed_seconds_from_start, validation.accuracy, validation.balanced_accuracy, validation.macro_f1, validation.weighted_f1","round, elapsed_seconds_from_start, validation.accuracy, validation.balanced_accuracy, validation.macro_f1, validation.weighted_f1",clients,"metric: validation.accuracy, validation.balanced_accuracy, validation.macro_f1; round_or_epoch: round; runtime: elapsed_seconds_from_start",read,
results/Rice/Federated/FedAvg/IID/ResNet18/evaluation/evaluation_metrics.json,.json,0,53,"checkpoint, checkpoint_metadata, checkpoint_metadata.arguments, checkpoint_metadata.arguments.batch_size, checkpoint_metadata.arguments.client_dir, checkpoint_metadata.arguments.dataset_root, checkpoint_metadata.arguments.experiment_name, checkpoint_metadata.arguments.initial_checkpoint, checkpoint_metadata.arguments.learning_rate, checkpoint_metadata.arguments.local_epochs, checkpoint_metadata.arguments.num_workers, checkpoint_metadata.arguments.output_dir, checkpoint_metadata.arguments.resume, checkpoint_metadata.arguments.rounds, checkpoint_metadata.arguments.seed, checkpoint_metadata.arguments.validation_manifest, checkpoint_metadata.class_names, checkpoint_metadata.experiment, checkpoint_metadata.round, checkpoint_metadata.validation_metrics, checkpoint_metadata.validation_metrics.accuracy, checkpoint_metadata.validation_metrics.balanced_accuracy, checkpoint_metadata.validation_metrics.macro_f1, checkpoint_metadata.validation_metrics.weighted_f1, class_names, experiment, results, results.test, results.test.accuracy, results.test.balanced_accuracy, results.test.evaluation_seconds, results.test.macro_f1, results.test.num_images, results.test.per_class, results.test.per_class.class_name, results.test.per_class.f1_score, results.test.per_class.precision, results.test.per_class.recall, results.test.per_class.support, results.test.weighted_f1, results.validation, results.validation.accuracy, results.validation.balanced_accuracy, results.validation.evaluation_seconds, results.validation.macro_f1, results.validation.num_images, results.validation.per_class, results.validation.per_class.class_name, results.validation.per_class.f1_score, results.validation.per_class.precision, results.validation.per_class.recall, results.validation.per_class.support, results.validation.weighted_f1",,"checkpoint, checkpoint_metadata, checkpoint_metadata.arguments, checkpoint_metadata.arguments.batch_size, checkpoint_metadata.arguments.client_dir, checkpoint_metadata.arguments.dataset_root, checkpoint_metadata.arguments.experiment_name, checkpoint_metadata.arguments.initial_checkpoint, checkpoint_metadata.arguments.learning_rate, checkpoint_metadata.arguments.local_epochs, checkpoint_metadata.arguments.num_workers, checkpoint_metadata.arguments.output_dir, checkpoint_metadata.arguments.resume, checkpoint_metadata.arguments.rounds, checkpoint_metadata.arguments.seed, checkpoint_metadata.arguments.validation_manifest, checkpoint_metadata.class_names, checkpoint_metadata.experiment, checkpoint_metadata.round, checkpoint_metadata.validation_metrics, checkpoint_metadata.validation_metrics.accuracy, checkpoint_metadata.validation_metrics.balanced_accuracy, checkpoint_metadata.validation_metrics.macro_f1, checkpoint_metadata.validation_metrics.weighted_f1, class_names, experiment, results, results.test, results.test.accuracy, results.test.balanced_accuracy, results.test.evaluation_seconds, results.test.macro_f1, results.test.num_images, results.test.per_class, results.test.per_class.class_name, results.test.per_class.f1_score, results.test.per_class.precision, results.test.per_class.recall, results.test.per_class.support, results.test.weighted_f1, results.validation, results.validation.accuracy, results.validation.balanced_accuracy, results.validation.evaluation_seconds, results.validation.macro_f1, results.validation.num_images, results.validation.per_class, results.validation.per_class.class_name, results.validation.per_class.f1_score, results.validation.per_class.precision, results.validation.per_class.recall, results.validation.per_class.support, results.validation.weighted_f1","class_or_category: class_names, results.test.per_class, results.validation.per_class; count: results.test.num_images, results.test.per_class.support, results.validation.num_images, results.validation.per_class.support; metric: checkpoint_metadata.validation_metrics.accuracy, checkpoint_metadata.validation_metrics.balanced_accuracy, checkpoint_metadata.validation_metrics.macro_f1, results.test.accuracy, results.test.balanced_accuracy, results.test.evaluation_seconds, results.test.macro_f1, results.test.per_class.precision, results.test.per_class.recall, results.test.per_class.support, results.validation.accuracy, results.validation.balanced_accuracy, results.validation.evaluation_seconds, results.validation.macro_f1, results.validation.per_class.precision, results.validation.per_class.recall, results.validation.per_class.support; round_or_epoch: checkpoint_metadata.round; runtime: results.test.evaluation_seconds, results.validation.evaluation_seconds; seed: checkpoint_metadata.arguments.seed",keys-only,JSON was inspected as nested key paths.
results/Rice/Federated/FedAvg/IID/ResNet18/evaluation/evaluation_summary.csv,.csv,2,8,"experiment, split, num_images, accuracy, balanced_accuracy, macro_f1, weighted_f1, evaluation_seconds","num_images, accuracy, balanced_accuracy, macro_f1, weighted_f1, evaluation_seconds","experiment, split","count: num_images; metric: accuracy, balanced_accuracy, evaluation_seconds, macro_f1; runtime: evaluation_seconds; split: split",read,
results/Rice/Federated/FedAvg/IID/ResNet18/evaluation/test_confusion_matrix.csv,.csv,8,9,"Unnamed: 0, 0_NOR, 1_F&S, 2_SD, 3_MY, 4_AP, 5_BN, 6_UN, 7_IM","0_NOR, 1_F&S, 2_SD, 3_MY, 4_AP, 5_BN, 6_UN, 7_IM",Unnamed: 0,,read,
results/Rice/Federated/FedAvg/IID/ResNet18/evaluation/test_per_class_metrics.csv,.csv,8,5,"class_name, precision, recall, f1_score, support","precision, recall, f1_score, support",class_name,"class_or_category: class_name; count: support; metric: precision, recall, support",read,
results/Rice/Federated/FedAvg/IID/ResNet18/evaluation/validation_confusion_matrix.csv,.csv,8,9,"Unnamed: 0, 0_NOR, 1_F&S, 2_SD, 3_MY, 4_AP, 5_BN, 6_UN, 7_IM","0_NOR, 1_F&S, 2_SD, 3_MY, 4_AP, 5_BN, 6_UN, 7_IM",Unnamed: 0,,read,
results/Rice/Federated/FedAvg/IID/ResNet18/evaluation/validation_per_class_metrics.csv,.csv,8,5,"class_name, precision, recall, f1_score, support","precision, recall, f1_score, support",class_name,"class_or_category: class_name; count: support; metric: precision, recall, support",read,
results/Rice/Federated/FedAvg/IID/ResNet18/metrics.json,.json,5,7,"round, clients, elapsed_seconds_from_start, validation.accuracy, validation.balanced_accuracy, validation.macro_f1, validation.weighted_f1","round, elapsed_seconds_from_start, validation.accuracy, validation.balanced_accuracy, validation.macro_f1, validation.weighted_f1",clients,"metric: validation.accuracy, validation.balanced_accuracy, validation.macro_f1; round_or_epoch: round; runtime: elapsed_seconds_from_start",read,
results/Rice/Federated/FedAvg/NonIID_alpha0p1/MobileNetV2/evaluation/evaluation_metrics.json,.json,0,33,"algorithm, checkpoint, checkpoint_round, checkpoint_validation_metrics, checkpoint_validation_metrics.accuracy, checkpoint_validation_metrics.balanced_accuracy, checkpoint_validation_metrics.macro_f1, checkpoint_validation_metrics.weighted_f1, communication, communication.estimated_cumulative_full_fp32_mib, communication.estimated_full_fp32_mib_per_transfer, communication.full_model_transfers, communication.private_parameters_per_client, communication.shared_parameters, communication.total_parameters, dataset_root, evaluation_scope, experiment, results, results.test, results.test.accuracy, results.test.balanced_accuracy, results.test.macro_f1, results.test.weighted_f1, results.validation, results.validation.accuracy, results.validation.balanced_accuracy, results.validation.macro_f1, results.validation.weighted_f1, test_manifest, training_best_round, training_best_validation_macro_f1, validation_manifest",,"algorithm, checkpoint, checkpoint_round, checkpoint_validation_metrics, checkpoint_validation_metrics.accuracy, checkpoint_validation_metrics.balanced_accuracy, checkpoint_validation_metrics.macro_f1, checkpoint_validation_metrics.weighted_f1, communication, communication.estimated_cumulative_full_fp32_mib, communication.estimated_full_fp32_mib_per_transfer, communication.full_model_transfers, communication.private_parameters_per_client, communication.shared_parameters, communication.total_parameters, dataset_root, evaluation_scope, experiment, results, results.test, results.test.accuracy, results.test.balanced_accuracy, results.test.macro_f1, results.test.weighted_f1, results.validation, results.validation.accuracy, results.validation.balanced_accuracy, results.validation.macro_f1, results.validation.weighted_f1, test_manifest, training_best_round, training_best_validation_macro_f1, validation_manifest","client: communication.private_parameters_per_client; dataset: dataset_root; efficiency: communication.shared_parameters, communication.total_parameters; method: algorithm; metric: checkpoint_validation_metrics.accuracy, checkpoint_validation_metrics.balanced_accuracy, checkpoint_validation_metrics.macro_f1, communication, communication.estimated_cumulative_full_fp32_mib, communication.estimated_full_fp32_mib_per_transfer, communication.full_model_transfers, communication.private_parameters_per_client, communication.shared_parameters, communication.total_parameters, results.test.accuracy, results.test.balanced_accuracy, results.test.macro_f1, results.validation.accuracy, results.validation.balanced_accuracy, results.validation.macro_f1, training_best_validation_macro_f1; round_or_epoch: checkpoint_round, training_best_round",keys-only,JSON was inspected as nested key paths.
results/Rice/Federated/FedAvg/NonIID_alpha0p1/MobileNetV2/evaluation/evaluation_summary.csv,.csv,2,7,"experiment, split, num_images, accuracy, balanced_accuracy, macro_f1, weighted_f1","num_images, accuracy, balanced_accuracy, macro_f1, weighted_f1","experiment, split","count: num_images; metric: accuracy, balanced_accuracy, macro_f1; split: split",read,
results/Rice/Federated/FedAvg/NonIID_alpha0p1/MobileNetV2/evaluation/run_metadata.json,.json,0,5,"batch_size, device, num_workers, shared_archive_modified, torch_version",,"batch_size, device, num_workers, shared_archive_modified, torch_version",,keys-only,JSON was inspected as nested key paths.
results/Rice/Federated/FedAvg/NonIID_alpha0p1/MobileNetV2/evaluation/test_confusion_matrix.csv,.csv,8,9,"Unnamed: 0, 0_NOR, 1_F&S, 2_SD, 3_MY, 4_AP, 5_BN, 6_UN, 7_IM","0_NOR, 1_F&S, 2_SD, 3_MY, 4_AP, 5_BN, 6_UN, 7_IM",Unnamed: 0,,read,
results/Rice/Federated/FedAvg/NonIID_alpha0p1/MobileNetV2/evaluation/test_evaluation.json,.json,0,59,"classification_report, classification_report.0_NOR, classification_report.0_NOR.f1-score, classification_report.0_NOR.precision, classification_report.0_NOR.recall, classification_report.0_NOR.support, classification_report.1_F&S, classification_report.1_F&S.f1-score, classification_report.1_F&S.precision, classification_report.1_F&S.recall, classification_report.1_F&S.support, classification_report.2_SD, classification_report.2_SD.f1-score, classification_report.2_SD.precision, classification_report.2_SD.recall, classification_report.2_SD.support, classification_report.3_MY, classification_report.3_MY.f1-score, classification_report.3_MY.precision, classification_report.3_MY.recall, classification_report.3_MY.support, classification_report.4_AP, classification_report.4_AP.f1-score, classification_report.4_AP.precision, classification_report.4_AP.recall, classification_report.4_AP.support, classification_report.5_BN, classification_report.5_BN.f1-score, classification_report.5_BN.precision, classification_report.5_BN.recall, classification_report.5_BN.support, classification_report.6_UN, classification_report.6_UN.f1-score, classification_report.6_UN.precision, classification_report.6_UN.recall, classification_report.6_UN.support, classification_report.7_IM, classification_report.7_IM.f1-score, classification_report.7_IM.precision, classification_report.7_IM.recall, classification_report.7_IM.support, classification_report.accuracy, classification_report.macro avg, classification_report.macro avg.f1-score, classification_report.macro avg.precision, classification_report.macro avg.recall, classification_report.macro avg.support, classification_report.weighted avg, classification_report.weighted avg.f1-score, classification_report.weighted avg.precision, classification_report.weighted avg.recall, classification_report.weighted avg.support, experiment, metrics, metrics.accuracy, metrics.balanced_accuracy, metrics.macro_f1, metrics.weighted_f1, split",,"classification_report, classification_report.0_NOR, classification_report.0_NOR.f1-score, classification_report.0_NOR.precision, classification_report.0_NOR.recall, classification_report.0_NOR.support, classification_report.1_F&S, classification_report.1_F&S.f1-score, classification_report.1_F&S.precision, classification_report.1_F&S.recall, classification_report.1_F&S.support, classification_report.2_SD, classification_report.2_SD.f1-score, classification_report.2_SD.precision, classification_report.2_SD.recall, classification_report.2_SD.support, classification_report.3_MY, classification_report.3_MY.f1-score, classification_report.3_MY.precision, classification_report.3_MY.recall, classification_report.3_MY.support, classification_report.4_AP, classification_report.4_AP.f1-score, classification_report.4_AP.precision, classification_report.4_AP.recall, classification_report.4_AP.support, classification_report.5_BN, classification_report.5_BN.f1-score, classification_report.5_BN.precision, classification_report.5_BN.recall, classification_report.5_BN.support, classification_report.6_UN, classification_report.6_UN.f1-score, classification_report.6_UN.precision, classification_report.6_UN.recall, classification_report.6_UN.support, classification_report.7_IM, classification_report.7_IM.f1-score, classification_report.7_IM.precision, classification_report.7_IM.recall, classification_report.7_IM.support, classification_report.accuracy, classification_report.macro avg, classification_report.macro avg.f1-score, classification_report.macro avg.precision, classification_report.macro avg.recall, classification_report.macro avg.support, classification_report.weighted avg, classification_report.weighted avg.f1-score, classification_report.weighted avg.precision, classification_report.weighted avg.recall, classification_report.weighted avg.support, experiment, metrics, metrics.accuracy, metrics.balanced_accuracy, metrics.macro_f1, metrics.weighted_f1, split","count: classification_report.0_NOR.support, classification_report.1_F&S.support, classification_report.2_SD.support, classification_report.3_MY.support, classification_report.4_AP.support, classification_report.5_BN.support, classification_report.6_UN.support, classification_report.7_IM.support, classification_report.macro avg.support, classification_report.weighted avg.support; metric: classification_report.0_NOR.precision, classification_report.0_NOR.recall, classification_report.0_NOR.support, classification_report.1_F&S.precision, classification_report.1_F&S.recall, classification_report.1_F&S.support, classification_report.2_SD.precision, classification_report.2_SD.recall, classification_report.2_SD.support, classification_report.3_MY.precision, classification_report.3_MY.recall, classification_report.3_MY.support, classification_report.4_AP.precision, classification_report.4_AP.recall, classification_report.4_AP.support, classification_report.5_BN.precision, classification_report.5_BN.recall, classification_report.5_BN.support, classification_report.6_UN.precision, classification_report.6_UN.recall, classification_report.6_UN.support, classification_report.7_IM.precision, classification_report.7_IM.recall, classification_report.7_IM.support, classification_report.accuracy, classification_report.macro avg.precision, classification_report.macro avg.recall, classification_report.macro avg.support, classification_report.weighted avg.precision, classification_report.weighted avg.recall, classification_report.weighted avg.support, metrics.accuracy, metrics.balanced_accuracy, metrics.macro_f1; split: split",keys-only,JSON was inspected as nested key paths.
results/Rice/Federated/FedAvg/NonIID_alpha0p1/MobileNetV2/evaluation/test_per_class_metrics.csv,.csv,8,5,"class_name, precision, recall, f1_score, support","precision, recall, f1_score, support",class_name,"class_or_category: class_name; count: support; metric: precision, recall, support",read,
results/Rice/Federated/FedAvg/NonIID_alpha0p1/MobileNetV2/evaluation/validation_confusion_matrix.csv,.csv,8,9,"Unnamed: 0, 0_NOR, 1_F&S, 2_SD, 3_MY, 4_AP, 5_BN, 6_UN, 7_IM","0_NOR, 1_F&S, 2_SD, 3_MY, 4_AP, 5_BN, 6_UN, 7_IM",Unnamed: 0,,read,
results/Rice/Federated/FedAvg/NonIID_alpha0p1/MobileNetV2/evaluation/validation_evaluation.json,.json,0,59,"classification_report, classification_report.0_NOR, classification_report.0_NOR.f1-score, classification_report.0_NOR.precision, classification_report.0_NOR.recall, classification_report.0_NOR.support, classification_report.1_F&S, classification_report.1_F&S.f1-score, classification_report.1_F&S.precision, classification_report.1_F&S.recall, classification_report.1_F&S.support, classification_report.2_SD, classification_report.2_SD.f1-score, classification_report.2_SD.precision, classification_report.2_SD.recall, classification_report.2_SD.support, classification_report.3_MY, classification_report.3_MY.f1-score, classification_report.3_MY.precision, classification_report.3_MY.recall, classification_report.3_MY.support, classification_report.4_AP, classification_report.4_AP.f1-score, classification_report.4_AP.precision, classification_report.4_AP.recall, classification_report.4_AP.support, classification_report.5_BN, classification_report.5_BN.f1-score, classification_report.5_BN.precision, classification_report.5_BN.recall, classification_report.5_BN.support, classification_report.6_UN, classification_report.6_UN.f1-score, classification_report.6_UN.precision, classification_report.6_UN.recall, classification_report.6_UN.support, classification_report.7_IM, classification_report.7_IM.f1-score, classification_report.7_IM.precision, classification_report.7_IM.recall, classification_report.7_IM.support, classification_report.accuracy, classification_report.macro avg, classification_report.macro avg.f1-score, classification_report.macro avg.precision, classification_report.macro avg.recall, classification_report.macro avg.support, classification_report.weighted avg, classification_report.weighted avg.f1-score, classification_report.weighted avg.precision, classification_report.weighted avg.recall, classification_report.weighted avg.support, experiment, metrics, metrics.accuracy, metrics.balanced_accuracy, metrics.macro_f1, metrics.weighted_f1, split",,"classification_report, classification_report.0_NOR, classification_report.0_NOR.f1-score, classification_report.0_NOR.precision, classification_report.0_NOR.recall, classification_report.0_NOR.support, classification_report.1_F&S, classification_report.1_F&S.f1-score, classification_report.1_F&S.precision, classification_report.1_F&S.recall, classification_report.1_F&S.support, classification_report.2_SD, classification_report.2_SD.f1-score, classification_report.2_SD.precision, classification_report.2_SD.recall, classification_report.2_SD.support, classification_report.3_MY, classification_report.3_MY.f1-score, classification_report.3_MY.precision, classification_report.3_MY.recall, classification_report.3_MY.support, classification_report.4_AP, classification_report.4_AP.f1-score, classification_report.4_AP.precision, classification_report.4_AP.recall, classification_report.4_AP.support, classification_report.5_BN, classification_report.5_BN.f1-score, classification_report.5_BN.precision, classification_report.5_BN.recall, classification_report.5_BN.support, classification_report.6_UN, classification_report.6_UN.f1-score, classification_report.6_UN.precision, classification_report.6_UN.recall, classification_report.6_UN.support, classification_report.7_IM, classification_report.7_IM.f1-score, classification_report.7_IM.precision, classification_report.7_IM.recall, classification_report.7_IM.support, classification_report.accuracy, classification_report.macro avg, classification_report.macro avg.f1-score, classification_report.macro avg.precision, classification_report.macro avg.recall, classification_report.macro avg.support, classification_report.weighted avg, classification_report.weighted avg.f1-score, classification_report.weighted avg.precision, classification_report.weighted avg.recall, classification_report.weighted avg.support, experiment, metrics, metrics.accuracy, metrics.balanced_accuracy, metrics.macro_f1, metrics.weighted_f1, split","count: classification_report.0_NOR.support, classification_report.1_F&S.support, classification_report.2_SD.support, classification_report.3_MY.support, classification_report.4_AP.support, classification_report.5_BN.support, classification_report.6_UN.support, classification_report.7_IM.support, classification_report.macro avg.support, classification_report.weighted avg.support; metric: classification_report.0_NOR.precision, classification_report.0_NOR.recall, classification_report.0_NOR.support, classification_report.1_F&S.precision, classification_report.1_F&S.recall, classification_report.1_F&S.support, classification_report.2_SD.precision, classification_report.2_SD.recall, classification_report.2_SD.support, classification_report.3_MY.precision, classification_report.3_MY.recall, classification_report.3_MY.support, classification_report.4_AP.precision, classification_report.4_AP.recall, classification_report.4_AP.support, classification_report.5_BN.precision, classification_report.5_BN.recall, classification_report.5_BN.support, classification_report.6_UN.precision, classification_report.6_UN.recall, classification_report.6_UN.support, classification_report.7_IM.precision, classification_report.7_IM.recall, classification_report.7_IM.support, classification_report.accuracy, classification_report.macro avg.precision, classification_report.macro avg.recall, classification_report.macro avg.support, classification_report.weighted avg.precision, classification_report.weighted avg.recall, classification_report.weighted avg.support, metrics.accuracy, metrics.balanced_accuracy, metrics.macro_f1; split: split",keys-only,JSON was inspected as nested key paths.
results/Rice/Federated/FedAvg/NonIID_alpha0p1/MobileNetV2/evaluation/validation_per_class_metrics.csv,.csv,8,5,"class_name, precision, recall, f1_score, support","precision, recall, f1_score, support",class_name,"class_or_category: class_name; count: support; metric: precision, recall, support",read,
results/Rice/Federated/FedAvg/NonIID_alpha0p1/MobileNetV2/metrics.json,.json,5,7,"round, clients, elapsed_seconds_from_start, validation.accuracy, validation.balanced_accuracy, validation.macro_f1, validation.weighted_f1","round, elapsed_seconds_from_start, validation.accuracy, validation.balanced_accuracy, validation.macro_f1, validation.weighted_f1",clients,"metric: validation.accuracy, validation.balanced_accuracy, validation.macro_f1; round_or_epoch: round; runtime: elapsed_seconds_from_start",read,
results/Rice/Federated/FedAvg/NonIID_alpha0p5/MobileNetV2/evaluation/evaluation_metrics.json,.json,0,13,"checkpoint, experiment, results, results.test, results.test.accuracy, results.test.balanced_accuracy, results.test.macro_f1, results.test.weighted_f1, results.validation, results.validation.accuracy, results.validation.balanced_accuracy, results.validation.macro_f1, results.validation.weighted_f1",,"checkpoint, experiment, results, results.test, results.test.accuracy, results.test.balanced_accuracy, results.test.macro_f1, results.test.weighted_f1, results.validation, results.validation.accuracy, results.validation.balanced_accuracy, results.validation.macro_f1, results.validation.weighted_f1","metric: results.test.accuracy, results.test.balanced_accuracy, results.test.macro_f1, results.validation.accuracy, results.validation.balanced_accuracy, results.validation.macro_f1",keys-only,JSON was inspected as nested key paths.
results/Rice/Federated/FedAvg/NonIID_alpha0p5/MobileNetV2/evaluation/evaluation_summary.csv,.csv,2,6,"experiment, split, accuracy, balanced_accuracy, macro_f1, weighted_f1","accuracy, balanced_accuracy, macro_f1, weighted_f1","experiment, split","metric: accuracy, balanced_accuracy, macro_f1; split: split",read,
results/Rice/Federated/FedAvg/NonIID_alpha0p5/MobileNetV2/evaluation/test_confusion_matrix.csv,.csv,8,9,"Unnamed: 0, 0_NOR, 1_F&S, 2_SD, 3_MY, 4_AP, 5_BN, 6_UN, 7_IM","0_NOR, 1_F&S, 2_SD, 3_MY, 4_AP, 5_BN, 6_UN, 7_IM",Unnamed: 0,,read,
results/Rice/Federated/FedAvg/NonIID_alpha0p5/MobileNetV2/evaluation/test_evaluation.json,.json,0,59,"classification_report, classification_report.0_NOR, classification_report.0_NOR.f1-score, classification_report.0_NOR.precision, classification_report.0_NOR.recall, classification_report.0_NOR.support, classification_report.1_F&S, classification_report.1_F&S.f1-score, classification_report.1_F&S.precision, classification_report.1_F&S.recall, classification_report.1_F&S.support, classification_report.2_SD, classification_report.2_SD.f1-score, classification_report.2_SD.precision, classification_report.2_SD.recall, classification_report.2_SD.support, classification_report.3_MY, classification_report.3_MY.f1-score, classification_report.3_MY.precision, classification_report.3_MY.recall, classification_report.3_MY.support, classification_report.4_AP, classification_report.4_AP.f1-score, classification_report.4_AP.precision, classification_report.4_AP.recall, classification_report.4_AP.support, classification_report.5_BN, classification_report.5_BN.f1-score, classification_report.5_BN.precision, classification_report.5_BN.recall, classification_report.5_BN.support, classification_report.6_UN, classification_report.6_UN.f1-score, classification_report.6_UN.precision, classification_report.6_UN.recall, classification_report.6_UN.support, classification_report.7_IM, classification_report.7_IM.f1-score, classification_report.7_IM.precision, classification_report.7_IM.recall, classification_report.7_IM.support, classification_report.accuracy, classification_report.macro avg, classification_report.macro avg.f1-score, classification_report.macro avg.precision, classification_report.macro avg.recall, classification_report.macro avg.support, classification_report.weighted avg, classification_report.weighted avg.f1-score, classification_report.weighted avg.precision, classification_report.weighted avg.recall, classification_report.weighted avg.support, experiment, metrics, metrics.accuracy, metrics.balanced_accuracy, metrics.macro_f1, metrics.weighted_f1, split",,"classification_report, classification_report.0_NOR, classification_report.0_NOR.f1-score, classification_report.0_NOR.precision, classification_report.0_NOR.recall, classification_report.0_NOR.support, classification_report.1_F&S, classification_report.1_F&S.f1-score, classification_report.1_F&S.precision, classification_report.1_F&S.recall, classification_report.1_F&S.support, classification_report.2_SD, classification_report.2_SD.f1-score, classification_report.2_SD.precision, classification_report.2_SD.recall, classification_report.2_SD.support, classification_report.3_MY, classification_report.3_MY.f1-score, classification_report.3_MY.precision, classification_report.3_MY.recall, classification_report.3_MY.support, classification_report.4_AP, classification_report.4_AP.f1-score, classification_report.4_AP.precision, classification_report.4_AP.recall, classification_report.4_AP.support, classification_report.5_BN, classification_report.5_BN.f1-score, classification_report.5_BN.precision, classification_report.5_BN.recall, classification_report.5_BN.support, classification_report.6_UN, classification_report.6_UN.f1-score, classification_report.6_UN.precision, classification_report.6_UN.recall, classification_report.6_UN.support, classification_report.7_IM, classification_report.7_IM.f1-score, classification_report.7_IM.precision, classification_report.7_IM.recall, classification_report.7_IM.support, classification_report.accuracy, classification_report.macro avg, classification_report.macro avg.f1-score, classification_report.macro avg.precision, classification_report.macro avg.recall, classification_report.macro avg.support, classification_report.weighted avg, classification_report.weighted avg.f1-score, classification_report.weighted avg.precision, classification_report.weighted avg.recall, classification_report.weighted avg.support, experiment, metrics, metrics.accuracy, metrics.balanced_accuracy, metrics.macro_f1, metrics.weighted_f1, split","count: classification_report.0_NOR.support, classification_report.1_F&S.support, classification_report.2_SD.support, classification_report.3_MY.support, classification_report.4_AP.support, classification_report.5_BN.support, classification_report.6_UN.support, classification_report.7_IM.support, classification_report.macro avg.support, classification_report.weighted avg.support; metric: classification_report.0_NOR.precision, classification_report.0_NOR.recall, classification_report.0_NOR.support, classification_report.1_F&S.precision, classification_report.1_F&S.recall, classification_report.1_F&S.support, classification_report.2_SD.precision, classification_report.2_SD.recall, classification_report.2_SD.support, classification_report.3_MY.precision, classification_report.3_MY.recall, classification_report.3_MY.support, classification_report.4_AP.precision, classification_report.4_AP.recall, classification_report.4_AP.support, classification_report.5_BN.precision, classification_report.5_BN.recall, classification_report.5_BN.support, classification_report.6_UN.precision, classification_report.6_UN.recall, classification_report.6_UN.support, classification_report.7_IM.precision, classification_report.7_IM.recall, classification_report.7_IM.support, classification_report.accuracy, classification_report.macro avg.precision, classification_report.macro avg.recall, classification_report.macro avg.support, classification_report.weighted avg.precision, classification_report.weighted avg.recall, classification_report.weighted avg.support, metrics.accuracy, metrics.balanced_accuracy, metrics.macro_f1; split: split",keys-only,JSON was inspected as nested key paths.
results/Rice/Federated/FedAvg/NonIID_alpha0p5/MobileNetV2/evaluation/test_per_class_metrics.csv,.csv,8,5,"class_name, precision, recall, f1_score, support","precision, recall, f1_score, support",class_name,"class_or_category: class_name; count: support; metric: precision, recall, support",read,
results/Rice/Federated/FedAvg/NonIID_alpha0p5/MobileNetV2/evaluation/validation_confusion_matrix.csv,.csv,8,9,"Unnamed: 0, 0_NOR, 1_F&S, 2_SD, 3_MY, 4_AP, 5_BN, 6_UN, 7_IM","0_NOR, 1_F&S, 2_SD, 3_MY, 4_AP, 5_BN, 6_UN, 7_IM",Unnamed: 0,,read,
results/Rice/Federated/FedAvg/NonIID_alpha0p5/MobileNetV2/evaluation/validation_evaluation.json,.json,0,59,"classification_report, classification_report.0_NOR, classification_report.0_NOR.f1-score, classification_report.0_NOR.precision, classification_report.0_NOR.recall, classification_report.0_NOR.support, classification_report.1_F&S, classification_report.1_F&S.f1-score, classification_report.1_F&S.precision, classification_report.1_F&S.recall, classification_report.1_F&S.support, classification_report.2_SD, classification_report.2_SD.f1-score, classification_report.2_SD.precision, classification_report.2_SD.recall, classification_report.2_SD.support, classification_report.3_MY, classification_report.3_MY.f1-score, classification_report.3_MY.precision, classification_report.3_MY.recall, classification_report.3_MY.support, classification_report.4_AP, classification_report.4_AP.f1-score, classification_report.4_AP.precision, classification_report.4_AP.recall, classification_report.4_AP.support, classification_report.5_BN, classification_report.5_BN.f1-score, classification_report.5_BN.precision, classification_report.5_BN.recall, classification_report.5_BN.support, classification_report.6_UN, classification_report.6_UN.f1-score, classification_report.6_UN.precision, classification_report.6_UN.recall, classification_report.6_UN.support, classification_report.7_IM, classification_report.7_IM.f1-score, classification_report.7_IM.precision, classification_report.7_IM.recall, classification_report.7_IM.support, classification_report.accuracy, classification_report.macro avg, classification_report.macro avg.f1-score, classification_report.macro avg.precision, classification_report.macro avg.recall, classification_report.macro avg.support, classification_report.weighted avg, classification_report.weighted avg.f1-score, classification_report.weighted avg.precision, classification_report.weighted avg.recall, classification_report.weighted avg.support, experiment, metrics, metrics.accuracy, metrics.balanced_accuracy, metrics.macro_f1, metrics.weighted_f1, split",,"classification_report, classification_report.0_NOR, classification_report.0_NOR.f1-score, classification_report.0_NOR.precision, classification_report.0_NOR.recall, classification_report.0_NOR.support, classification_report.1_F&S, classification_report.1_F&S.f1-score, classification_report.1_F&S.precision, classification_report.1_F&S.recall, classification_report.1_F&S.support, classification_report.2_SD, classification_report.2_SD.f1-score, classification_report.2_SD.precision, classification_report.2_SD.recall, classification_report.2_SD.support, classification_report.3_MY, classification_report.3_MY.f1-score, classification_report.3_MY.precision, classification_report.3_MY.recall, classification_report.3_MY.support, classification_report.4_AP, classification_report.4_AP.f1-score, classification_report.4_AP.precision, classification_report.4_AP.recall, classification_report.4_AP.support, classification_report.5_BN, classification_report.5_BN.f1-score, classification_report.5_BN.precision, classification_report.5_BN.recall, classification_report.5_BN.support, classification_report.6_UN, classification_report.6_UN.f1-score, classification_report.6_UN.precision, classification_report.6_UN.recall, classification_report.6_UN.support, classification_report.7_IM, classification_report.7_IM.f1-score, classification_report.7_IM.precision, classification_report.7_IM.recall, classification_report.7_IM.support, classification_report.accuracy, classification_report.macro avg, classification_report.macro avg.f1-score, classification_report.macro avg.precision, classification_report.macro avg.recall, classification_report.macro avg.support, classification_report.weighted avg, classification_report.weighted avg.f1-score, classification_report.weighted avg.precision, classification_report.weighted avg.recall, classification_report.weighted avg.support, experiment, metrics, metrics.accuracy, metrics.balanced_accuracy, metrics.macro_f1, metrics.weighted_f1, split","count: classification_report.0_NOR.support, classification_report.1_F&S.support, classification_report.2_SD.support, classification_report.3_MY.support, classification_report.4_AP.support, classification_report.5_BN.support, classification_report.6_UN.support, classification_report.7_IM.support, classification_report.macro avg.support, classification_report.weighted avg.support; metric: classification_report.0_NOR.precision, classification_report.0_NOR.recall, classification_report.0_NOR.support, classification_report.1_F&S.precision, classification_report.1_F&S.recall, classification_report.1_F&S.support, classification_report.2_SD.precision, classification_report.2_SD.recall, classification_report.2_SD.support, classification_report.3_MY.precision, classification_report.3_MY.recall, classification_report.3_MY.support, classification_report.4_AP.precision, classification_report.4_AP.recall, classification_report.4_AP.support, classification_report.5_BN.precision, classification_report.5_BN.recall, classification_report.5_BN.support, classification_report.6_UN.precision, classification_report.6_UN.recall, classification_report.6_UN.support, classification_report.7_IM.precision, classification_report.7_IM.recall, classification_report.7_IM.support, classification_report.accuracy, classification_report.macro avg.precision, classification_report.macro avg.recall, classification_report.macro avg.support, classification_report.weighted avg.precision, classification_report.weighted avg.recall, classification_report.weighted avg.support, metrics.accuracy, metrics.balanced_accuracy, metrics.macro_f1; split: split",keys-only,JSON was inspected as nested key paths.
results/Rice/Federated/FedAvg/NonIID_alpha0p5/MobileNetV2/evaluation/validation_per_class_metrics.csv,.csv,8,5,"class_name, precision, recall, f1_score, support","precision, recall, f1_score, support",class_name,"class_or_category: class_name; count: support; metric: precision, recall, support",read,
results/Rice/Federated/FedAvg/NonIID_alpha0p5/MobileNetV2/metrics.json,.json,5,7,"round, clients, elapsed_seconds_from_start, validation.accuracy, validation.balanced_accuracy, validation.macro_f1, validation.weighted_f1","round, elapsed_seconds_from_start, validation.accuracy, validation.balanced_accuracy, validation.macro_f1, validation.weighted_f1",clients,"metric: validation.accuracy, validation.balanced_accuracy, validation.macro_f1; round_or_epoch: round; runtime: elapsed_seconds_from_start",read,
results/Rice/Federated/FedAvg/NonIID_alpha0p5/ResNet18/evaluation/evaluation_metrics.json,.json,0,53,"checkpoint, checkpoint_metadata, checkpoint_metadata.arguments, checkpoint_metadata.arguments.batch_size, checkpoint_metadata.arguments.client_dir, checkpoint_metadata.arguments.dataset_root, checkpoint_metadata.arguments.experiment_name, checkpoint_metadata.arguments.initial_checkpoint, checkpoint_metadata.arguments.learning_rate, checkpoint_metadata.arguments.local_epochs, checkpoint_metadata.arguments.num_workers, checkpoint_metadata.arguments.output_dir, checkpoint_metadata.arguments.resume, checkpoint_metadata.arguments.rounds, checkpoint_metadata.arguments.seed, checkpoint_metadata.arguments.validation_manifest, checkpoint_metadata.class_names, checkpoint_metadata.experiment, checkpoint_metadata.round, checkpoint_metadata.validation_metrics, checkpoint_metadata.validation_metrics.accuracy, checkpoint_metadata.validation_metrics.balanced_accuracy, checkpoint_metadata.validation_metrics.macro_f1, checkpoint_metadata.validation_metrics.weighted_f1, class_names, experiment, results, results.test, results.test.accuracy, results.test.balanced_accuracy, results.test.evaluation_seconds, results.test.macro_f1, results.test.num_images, results.test.per_class, results.test.per_class.class_name, results.test.per_class.f1_score, results.test.per_class.precision, results.test.per_class.recall, results.test.per_class.support, results.test.weighted_f1, results.validation, results.validation.accuracy, results.validation.balanced_accuracy, results.validation.evaluation_seconds, results.validation.macro_f1, results.validation.num_images, results.validation.per_class, results.validation.per_class.class_name, results.validation.per_class.f1_score, results.validation.per_class.precision, results.validation.per_class.recall, results.validation.per_class.support, results.validation.weighted_f1",,"checkpoint, checkpoint_metadata, checkpoint_metadata.arguments, checkpoint_metadata.arguments.batch_size, checkpoint_metadata.arguments.client_dir, checkpoint_metadata.arguments.dataset_root, checkpoint_metadata.arguments.experiment_name, checkpoint_metadata.arguments.initial_checkpoint, checkpoint_metadata.arguments.learning_rate, checkpoint_metadata.arguments.local_epochs, checkpoint_metadata.arguments.num_workers, checkpoint_metadata.arguments.output_dir, checkpoint_metadata.arguments.resume, checkpoint_metadata.arguments.rounds, checkpoint_metadata.arguments.seed, checkpoint_metadata.arguments.validation_manifest, checkpoint_metadata.class_names, checkpoint_metadata.experiment, checkpoint_metadata.round, checkpoint_metadata.validation_metrics, checkpoint_metadata.validation_metrics.accuracy, checkpoint_metadata.validation_metrics.balanced_accuracy, checkpoint_metadata.validation_metrics.macro_f1, checkpoint_metadata.validation_metrics.weighted_f1, class_names, experiment, results, results.test, results.test.accuracy, results.test.balanced_accuracy, results.test.evaluation_seconds, results.test.macro_f1, results.test.num_images, results.test.per_class, results.test.per_class.class_name, results.test.per_class.f1_score, results.test.per_class.precision, results.test.per_class.recall, results.test.per_class.support, results.test.weighted_f1, results.validation, results.validation.accuracy, results.validation.balanced_accuracy, results.validation.evaluation_seconds, results.validation.macro_f1, results.validation.num_images, results.validation.per_class, results.validation.per_class.class_name, results.validation.per_class.f1_score, results.validation.per_class.precision, results.validation.per_class.recall, results.validation.per_class.support, results.validation.weighted_f1","class_or_category: class_names, results.test.per_class, results.validation.per_class; count: results.test.num_images, results.test.per_class.support, results.validation.num_images, results.validation.per_class.support; metric: checkpoint_metadata.validation_metrics.accuracy, checkpoint_metadata.validation_metrics.balanced_accuracy, checkpoint_metadata.validation_metrics.macro_f1, results.test.accuracy, results.test.balanced_accuracy, results.test.evaluation_seconds, results.test.macro_f1, results.test.per_class.precision, results.test.per_class.recall, results.test.per_class.support, results.validation.accuracy, results.validation.balanced_accuracy, results.validation.evaluation_seconds, results.validation.macro_f1, results.validation.per_class.precision, results.validation.per_class.recall, results.validation.per_class.support; round_or_epoch: checkpoint_metadata.round; runtime: results.test.evaluation_seconds, results.validation.evaluation_seconds; seed: checkpoint_metadata.arguments.seed",keys-only,JSON was inspected as nested key paths.
results/Rice/Federated/FedAvg/NonIID_alpha0p5/ResNet18/evaluation/evaluation_summary.csv,.csv,2,8,"experiment, split, num_images, accuracy, balanced_accuracy, macro_f1, weighted_f1, evaluation_seconds","num_images, accuracy, balanced_accuracy, macro_f1, weighted_f1, evaluation_seconds","experiment, split","count: num_images; metric: accuracy, balanced_accuracy, evaluation_seconds, macro_f1; runtime: evaluation_seconds; split: split",read,
results/Rice/Federated/FedAvg/NonIID_alpha0p5/ResNet18/evaluation/test_confusion_matrix.csv,.csv,8,9,"Unnamed: 0, 0_NOR, 1_F&S, 2_SD, 3_MY, 4_AP, 5_BN, 6_UN, 7_IM","0_NOR, 1_F&S, 2_SD, 3_MY, 4_AP, 5_BN, 6_UN, 7_IM",Unnamed: 0,,read,
results/Rice/Federated/FedAvg/NonIID_alpha0p5/ResNet18/evaluation/test_per_class_metrics.csv,.csv,8,5,"class_name, precision, recall, f1_score, support","precision, recall, f1_score, support",class_name,"class_or_category: class_name; count: support; metric: precision, recall, support",read,
results/Rice/Federated/FedAvg/NonIID_alpha0p5/ResNet18/evaluation/validation_confusion_matrix.csv,.csv,8,9,"Unnamed: 0, 0_NOR, 1_F&S, 2_SD, 3_MY, 4_AP, 5_BN, 6_UN, 7_IM","0_NOR, 1_F&S, 2_SD, 3_MY, 4_AP, 5_BN, 6_UN, 7_IM",Unnamed: 0,,read,
results/Rice/Federated/FedAvg/NonIID_alpha0p5/ResNet18/evaluation/validation_per_class_metrics.csv,.csv,8,5,"class_name, precision, recall, f1_score, support","precision, recall, f1_score, support",class_name,"class_or_category: class_name; count: support; metric: precision, recall, support",read,
results/Rice/Federated/FedAvg/NonIID_alpha0p5/ResNet18/metrics.json,.json,5,7,"round, clients, elapsed_seconds_from_start, validation.accuracy, validation.balanced_accuracy, validation.macro_f1, validation.weighted_f1","round, elapsed_seconds_from_start, validation.accuracy, validation.balanced_accuracy, validation.macro_f1, validation.weighted_f1",clients,"metric: validation.accuracy, validation.balanced_accuracy, validation.macro_f1; round_or_epoch: round; runtime: elapsed_seconds_from_start",read,
results/Rice/Federated/FedPer/IID/MobileNetV2/metrics.json,.json,5,22,"round, clients, elapsed_seconds, validation_by_client.client_0.accuracy, validation_by_client.client_0.balanced_accuracy, validation_by_client.client_0.macro_f1, validation_by_client.client_0.weighted_f1, validation_by_client.client_1.accuracy, validation_by_client.client_1.balanced_accuracy, validation_by_client.client_1.macro_f1, validation_by_client.client_1.weighted_f1, validation_by_client.client_2.accuracy, validation_by_client.client_2.balanced_accuracy, validation_by_client.client_2.macro_f1, validation_by_client.client_2.weighted_f1, validation_summary.mean_accuracy, validation_summary.mean_balanced_accuracy, validation_summary.mean_macro_f1, validation_summary.mean_weighted_f1, validation_summary.worst_client_macro_f1, validation_summary.best_client_macro_f1, validation_summary.std_client_macro_f1","round, elapsed_seconds, validation_by_client.client_0.accuracy, validation_by_client.client_0.balanced_accuracy, validation_by_client.client_0.macro_f1, validation_by_client.client_0.weighted_f1, validation_by_client.client_1.accuracy, validation_by_client.client_1.balanced_accuracy, validation_by_client.client_1.macro_f1, validation_by_client.client_1.weighted_f1, validation_by_client.client_2.accuracy, validation_by_client.client_2.balanced_accuracy, validation_by_client.client_2.macro_f1, validation_by_client.client_2.weighted_f1, validation_summary.mean_accuracy, validation_summary.mean_balanced_accuracy, validation_summary.mean_macro_f1, validation_summary.mean_weighted_f1, validation_summary.worst_client_macro_f1, validation_summary.best_client_macro_f1, validation_summary.std_client_macro_f1",clients,"metric: elapsed_seconds, validation_by_client.client_0.accuracy, validation_by_client.client_0.balanced_accuracy, validation_by_client.client_0.macro_f1, validation_by_client.client_1.accuracy, validation_by_client.client_1.balanced_accuracy, validation_by_client.client_1.macro_f1, validation_by_client.client_2.accuracy, validation_by_client.client_2.balanced_accuracy, validation_by_client.client_2.macro_f1, validation_summary.best_client_macro_f1, validation_summary.mean_accuracy, validation_summary.mean_balanced_accuracy, validation_summary.mean_macro_f1, validation_summary.std_client_macro_f1, validation_summary.worst_client_macro_f1; round_or_epoch: round; runtime: elapsed_seconds",read,
results/Rice/Federated/FedPer/IID/MobileNetV2/test_metrics.json,.json,0,31,"communication, communication.complete_transfers, communication.private_parameters_per_client, communication.shared_parameters, communication.total_parameters, protocol, selected_round, test_by_client, test_by_client.client_0, test_by_client.client_0.accuracy, test_by_client.client_0.balanced_accuracy, test_by_client.client_0.macro_f1, test_by_client.client_0.weighted_f1, test_by_client.client_1, test_by_client.client_1.accuracy, test_by_client.client_1.balanced_accuracy, test_by_client.client_1.macro_f1, test_by_client.client_1.weighted_f1, test_by_client.client_2, test_by_client.client_2.accuracy, test_by_client.client_2.balanced_accuracy, test_by_client.client_2.macro_f1, test_by_client.client_2.weighted_f1, test_summary, test_summary.best_client_macro_f1, test_summary.mean_accuracy, test_summary.mean_balanced_accuracy, test_summary.mean_macro_f1, test_summary.mean_weighted_f1, test_summary.std_client_macro_f1, test_summary.worst_client_macro_f1",,"communication, communication.complete_transfers, communication.private_parameters_per_client, communication.shared_parameters, communication.total_parameters, protocol, selected_round, test_by_client, test_by_client.client_0, test_by_client.client_0.accuracy, test_by_client.client_0.balanced_accuracy, test_by_client.client_0.macro_f1, test_by_client.client_0.weighted_f1, test_by_client.client_1, test_by_client.client_1.accuracy, test_by_client.client_1.balanced_accuracy, test_by_client.client_1.macro_f1, test_by_client.client_1.weighted_f1, test_by_client.client_2, test_by_client.client_2.accuracy, test_by_client.client_2.balanced_accuracy, test_by_client.client_2.macro_f1, test_by_client.client_2.weighted_f1, test_summary, test_summary.best_client_macro_f1, test_summary.mean_accuracy, test_summary.mean_balanced_accuracy, test_summary.mean_macro_f1, test_summary.mean_weighted_f1, test_summary.std_client_macro_f1, test_summary.worst_client_macro_f1","client: communication.private_parameters_per_client, test_by_client; efficiency: communication.shared_parameters, communication.total_parameters; metric: communication, communication.complete_transfers, communication.private_parameters_per_client, communication.shared_parameters, communication.total_parameters, test_by_client.client_0.accuracy, test_by_client.client_0.balanced_accuracy, test_by_client.client_0.macro_f1, test_by_client.client_1.accuracy, test_by_client.client_1.balanced_accuracy, test_by_client.client_1.macro_f1, test_by_client.client_2.accuracy, test_by_client.client_2.balanced_accuracy, test_by_client.client_2.macro_f1, test_summary.best_client_macro_f1, test_summary.mean_accuracy, test_summary.mean_balanced_accuracy, test_summary.mean_macro_f1, test_summary.std_client_macro_f1, test_summary.worst_client_macro_f1; round_or_epoch: selected_round",keys-only,JSON was inspected as nested key paths.
results/Rice/Federated/FedPer/NonIID_alpha0p1/MobileNetV2/metrics.json,.json,5,22,"round, clients, elapsed_seconds, validation_by_client.client_0.accuracy, validation_by_client.client_0.balanced_accuracy, validation_by_client.client_0.macro_f1, validation_by_client.client_0.weighted_f1, validation_by_client.client_1.accuracy, validation_by_client.client_1.balanced_accuracy, validation_by_client.client_1.macro_f1, validation_by_client.client_1.weighted_f1, validation_by_client.client_2.accuracy, validation_by_client.client_2.balanced_accuracy, validation_by_client.client_2.macro_f1, validation_by_client.client_2.weighted_f1, validation_summary.mean_accuracy, validation_summary.mean_balanced_accuracy, validation_summary.mean_macro_f1, validation_summary.mean_weighted_f1, validation_summary.worst_client_macro_f1, validation_summary.best_client_macro_f1, validation_summary.std_client_macro_f1","round, elapsed_seconds, validation_by_client.client_0.accuracy, validation_by_client.client_0.balanced_accuracy, validation_by_client.client_0.macro_f1, validation_by_client.client_0.weighted_f1, validation_by_client.client_1.accuracy, validation_by_client.client_1.balanced_accuracy, validation_by_client.client_1.macro_f1, validation_by_client.client_1.weighted_f1, validation_by_client.client_2.accuracy, validation_by_client.client_2.balanced_accuracy, validation_by_client.client_2.macro_f1, validation_by_client.client_2.weighted_f1, validation_summary.mean_accuracy, validation_summary.mean_balanced_accuracy, validation_summary.mean_macro_f1, validation_summary.mean_weighted_f1, validation_summary.worst_client_macro_f1, validation_summary.best_client_macro_f1, validation_summary.std_client_macro_f1",clients,"metric: elapsed_seconds, validation_by_client.client_0.accuracy, validation_by_client.client_0.balanced_accuracy, validation_by_client.client_0.macro_f1, validation_by_client.client_1.accuracy, validation_by_client.client_1.balanced_accuracy, validation_by_client.client_1.macro_f1, validation_by_client.client_2.accuracy, validation_by_client.client_2.balanced_accuracy, validation_by_client.client_2.macro_f1, validation_summary.best_client_macro_f1, validation_summary.mean_accuracy, validation_summary.mean_balanced_accuracy, validation_summary.mean_macro_f1, validation_summary.std_client_macro_f1, validation_summary.worst_client_macro_f1; round_or_epoch: round; runtime: elapsed_seconds",read,
results/Rice/Federated/FedPer/NonIID_alpha0p1/MobileNetV2/test_metrics.json,.json,0,36,"algorithm, communication, communication.complete_transfers, communication.estimated_cumulative_shared_fp32_mib, communication.estimated_shared_fp32_mib_per_transfer, communication.private_parameters_per_client, communication.shared_model_transfers, communication.shared_parameters, communication.total_parameters, experiment, protocol, selected_round, test_by_client, test_by_client.client_0, test_by_client.client_0.accuracy, test_by_client.client_0.balanced_accuracy, test_by_client.client_0.macro_f1, test_by_client.client_0.weighted_f1, test_by_client.client_1, test_by_client.client_1.accuracy, test_by_client.client_1.balanced_accuracy, test_by_client.client_1.macro_f1, test_by_client.client_1.weighted_f1, test_by_client.client_2, test_by_client.client_2.accuracy, test_by_client.client_2.balanced_accuracy, test_by_client.client_2.macro_f1, test_by_client.client_2.weighted_f1, test_summary, test_summary.best_client_macro_f1, test_summary.mean_accuracy, test_summary.mean_balanced_accuracy, test_summary.mean_macro_f1, test_summary.mean_weighted_f1, test_summary.std_client_macro_f1, test_summary.worst_client_macro_f1",,"algorithm, communication, communication.complete_transfers, communication.estimated_cumulative_shared_fp32_mib, communication.estimated_shared_fp32_mib_per_transfer, communication.private_parameters_per_client, communication.shared_model_transfers, communication.shared_parameters, communication.total_parameters, experiment, protocol, selected_round, test_by_client, test_by_client.client_0, test_by_client.client_0.accuracy, test_by_client.client_0.balanced_accuracy, test_by_client.client_0.macro_f1, test_by_client.client_0.weighted_f1, test_by_client.client_1, test_by_client.client_1.accuracy, test_by_client.client_1.balanced_accuracy, test_by_client.client_1.macro_f1, test_by_client.client_1.weighted_f1, test_by_client.client_2, test_by_client.client_2.accuracy, test_by_client.client_2.balanced_accuracy, test_by_client.client_2.macro_f1, test_by_client.client_2.weighted_f1, test_summary, test_summary.best_client_macro_f1, test_summary.mean_accuracy, test_summary.mean_balanced_accuracy, test_summary.mean_macro_f1, test_summary.mean_weighted_f1, test_summary.std_client_macro_f1, test_summary.worst_client_macro_f1","client: communication.private_parameters_per_client, test_by_client; efficiency: communication.shared_parameters, communication.total_parameters; method: algorithm; metric: communication, communication.complete_transfers, communication.estimated_cumulative_shared_fp32_mib, communication.estimated_shared_fp32_mib_per_transfer, communication.private_parameters_per_client, communication.shared_model_transfers, communication.shared_parameters, communication.total_parameters, test_by_client.client_0.accuracy, test_by_client.client_0.balanced_accuracy, test_by_client.client_0.macro_f1, test_by_client.client_1.accuracy, test_by_client.client_1.balanced_accuracy, test_by_client.client_1.macro_f1, test_by_client.client_2.accuracy, test_by_client.client_2.balanced_accuracy, test_by_client.client_2.macro_f1, test_summary.best_client_macro_f1, test_summary.mean_accuracy, test_summary.mean_balanced_accuracy, test_summary.mean_macro_f1, test_summary.std_client_macro_f1, test_summary.worst_client_macro_f1; round_or_epoch: selected_round",keys-only,JSON was inspected as nested key paths.
results/Rice/Federated/FedPer/NonIID_alpha0p5/MobileNetV2/metrics.json,.json,5,22,"round, clients, elapsed_seconds, validation_by_client.client_0.accuracy, validation_by_client.client_0.balanced_accuracy, validation_by_client.client_0.macro_f1, validation_by_client.client_0.weighted_f1, validation_by_client.client_1.accuracy, validation_by_client.client_1.balanced_accuracy, validation_by_client.client_1.macro_f1, validation_by_client.client_1.weighted_f1, validation_by_client.client_2.accuracy, validation_by_client.client_2.balanced_accuracy, validation_by_client.client_2.macro_f1, validation_by_client.client_2.weighted_f1, validation_summary.mean_accuracy, validation_summary.mean_balanced_accuracy, validation_summary.mean_macro_f1, validation_summary.mean_weighted_f1, validation_summary.worst_client_macro_f1, validation_summary.best_client_macro_f1, validation_summary.std_client_macro_f1","round, elapsed_seconds, validation_by_client.client_0.accuracy, validation_by_client.client_0.balanced_accuracy, validation_by_client.client_0.macro_f1, validation_by_client.client_0.weighted_f1, validation_by_client.client_1.accuracy, validation_by_client.client_1.balanced_accuracy, validation_by_client.client_1.macro_f1, validation_by_client.client_1.weighted_f1, validation_by_client.client_2.accuracy, validation_by_client.client_2.balanced_accuracy, validation_by_client.client_2.macro_f1, validation_by_client.client_2.weighted_f1, validation_summary.mean_accuracy, validation_summary.mean_balanced_accuracy, validation_summary.mean_macro_f1, validation_summary.mean_weighted_f1, validation_summary.worst_client_macro_f1, validation_summary.best_client_macro_f1, validation_summary.std_client_macro_f1",clients,"metric: elapsed_seconds, validation_by_client.client_0.accuracy, validation_by_client.client_0.balanced_accuracy, validation_by_client.client_0.macro_f1, validation_by_client.client_1.accuracy, validation_by_client.client_1.balanced_accuracy, validation_by_client.client_1.macro_f1, validation_by_client.client_2.accuracy, validation_by_client.client_2.balanced_accuracy, validation_by_client.client_2.macro_f1, validation_summary.best_client_macro_f1, validation_summary.mean_accuracy, validation_summary.mean_balanced_accuracy, validation_summary.mean_macro_f1, validation_summary.std_client_macro_f1, validation_summary.worst_client_macro_f1; round_or_epoch: round; runtime: elapsed_seconds",read,
results/Rice/Federated/FedPer/NonIID_alpha0p5/MobileNetV2/test_metrics.json,.json,0,31,"communication, communication.complete_transfers, communication.private_parameters_per_client, communication.shared_parameters, communication.total_parameters, protocol, selected_round, test_by_client, test_by_client.client_0, test_by_client.client_0.accuracy, test_by_client.client_0.balanced_accuracy, test_by_client.client_0.macro_f1, test_by_client.client_0.weighted_f1, test_by_client.client_1, test_by_client.client_1.accuracy, test_by_client.client_1.balanced_accuracy, test_by_client.client_1.macro_f1, test_by_client.client_1.weighted_f1, test_by_client.client_2, test_by_client.client_2.accuracy, test_by_client.client_2.balanced_accuracy, test_by_client.client_2.macro_f1, test_by_client.client_2.weighted_f1, test_summary, test_summary.best_client_macro_f1, test_summary.mean_accuracy, test_summary.mean_balanced_accuracy, test_summary.mean_macro_f1, test_summary.mean_weighted_f1, test_summary.std_client_macro_f1, test_summary.worst_client_macro_f1",,"communication, communication.complete_transfers, communication.private_parameters_per_client, communication.shared_parameters, communication.total_parameters, protocol, selected_round, test_by_client, test_by_client.client_0, test_by_client.client_0.accuracy, test_by_client.client_0.balanced_accuracy, test_by_client.client_0.macro_f1, test_by_client.client_0.weighted_f1, test_by_client.client_1, test_by_client.client_1.accuracy, test_by_client.client_1.balanced_accuracy, test_by_client.client_1.macro_f1, test_by_client.client_1.weighted_f1, test_by_client.client_2, test_by_client.client_2.accuracy, test_by_client.client_2.balanced_accuracy, test_by_client.client_2.macro_f1, test_by_client.client_2.weighted_f1, test_summary, test_summary.best_client_macro_f1, test_summary.mean_accuracy, test_summary.mean_balanced_accuracy, test_summary.mean_macro_f1, test_summary.mean_weighted_f1, test_summary.std_client_macro_f1, test_summary.worst_client_macro_f1","client: communication.private_parameters_per_client, test_by_client; efficiency: communication.shared_parameters, communication.total_parameters; metric: communication, communication.complete_transfers, communication.private_parameters_per_client, communication.shared_parameters, communication.total_parameters, test_by_client.client_0.accuracy, test_by_client.client_0.balanced_accuracy, test_by_client.client_0.macro_f1, test_by_client.client_1.accuracy, test_by_client.client_1.balanced_accuracy, test_by_client.client_1.macro_f1, test_by_client.client_2.accuracy, test_by_client.client_2.balanced_accuracy, test_by_client.client_2.macro_f1, test_summary.best_client_macro_f1, test_summary.mean_accuracy, test_summary.mean_balanced_accuracy, test_summary.mean_macro_f1, test_summary.std_client_macro_f1, test_summary.worst_client_macro_f1; round_or_epoch: selected_round",keys-only,JSON was inspected as nested key paths.
results/Rice/Federated/FedRep/IID/MobileNetV2/metrics.json,.json,5,22,"round, clients, elapsed_seconds, validation_by_client.client_0.accuracy, validation_by_client.client_0.balanced_accuracy, validation_by_client.client_0.macro_f1, validation_by_client.client_0.weighted_f1, validation_by_client.client_1.accuracy, validation_by_client.client_1.balanced_accuracy, validation_by_client.client_1.macro_f1, validation_by_client.client_1.weighted_f1, validation_by_client.client_2.accuracy, validation_by_client.client_2.balanced_accuracy, validation_by_client.client_2.macro_f1, validation_by_client.client_2.weighted_f1, validation_summary.mean_accuracy, validation_summary.mean_balanced_accuracy, validation_summary.mean_macro_f1, validation_summary.mean_weighted_f1, validation_summary.worst_client_macro_f1, validation_summary.best_client_macro_f1, validation_summary.std_client_macro_f1","round, elapsed_seconds, validation_by_client.client_0.accuracy, validation_by_client.client_0.balanced_accuracy, validation_by_client.client_0.macro_f1, validation_by_client.client_0.weighted_f1, validation_by_client.client_1.accuracy, validation_by_client.client_1.balanced_accuracy, validation_by_client.client_1.macro_f1, validation_by_client.client_1.weighted_f1, validation_by_client.client_2.accuracy, validation_by_client.client_2.balanced_accuracy, validation_by_client.client_2.macro_f1, validation_by_client.client_2.weighted_f1, validation_summary.mean_accuracy, validation_summary.mean_balanced_accuracy, validation_summary.mean_macro_f1, validation_summary.mean_weighted_f1, validation_summary.worst_client_macro_f1, validation_summary.best_client_macro_f1, validation_summary.std_client_macro_f1",clients,"metric: elapsed_seconds, validation_by_client.client_0.accuracy, validation_by_client.client_0.balanced_accuracy, validation_by_client.client_0.macro_f1, validation_by_client.client_1.accuracy, validation_by_client.client_1.balanced_accuracy, validation_by_client.client_1.macro_f1, validation_by_client.client_2.accuracy, validation_by_client.client_2.balanced_accuracy, validation_by_client.client_2.macro_f1, validation_summary.best_client_macro_f1, validation_summary.mean_accuracy, validation_summary.mean_balanced_accuracy, validation_summary.mean_macro_f1, validation_summary.std_client_macro_f1, validation_summary.worst_client_macro_f1; round_or_epoch: round; runtime: elapsed_seconds",read,
results/Rice/Federated/FedRep/IID/MobileNetV2/test_metrics.json,.json,0,40,"algorithm, communication, communication.estimated_cumulative_shared_fp32_mib, communication.estimated_shared_fp32_mib_per_transfer, communication.private_parameters_per_client, communication.shared_model_transfers, communication.shared_parameters, communication.total_parameters, experiment, protocol, selected_round, test_by_client, test_by_client.client_0, test_by_client.client_0.accuracy, test_by_client.client_0.balanced_accuracy, test_by_client.client_0.macro_f1, test_by_client.client_0.weighted_f1, test_by_client.client_1, test_by_client.client_1.accuracy, test_by_client.client_1.balanced_accuracy, test_by_client.client_1.macro_f1, test_by_client.client_1.weighted_f1, test_by_client.client_2, test_by_client.client_2.accuracy, test_by_client.client_2.balanced_accuracy, test_by_client.client_2.macro_f1, test_by_client.client_2.weighted_f1, test_summary, test_summary.best_client_macro_f1, test_summary.mean_accuracy, test_summary.mean_balanced_accuracy, test_summary.mean_macro_f1, test_summary.mean_weighted_f1, test_summary.std_client_macro_f1, test_summary.worst_client_macro_f1, training_schedule, training_schedule.head_epochs_per_round, training_schedule.head_learning_rate, training_schedule.representation_epochs_per_round, training_schedule.representation_learning_rate",,"algorithm, communication, communication.estimated_cumulative_shared_fp32_mib, communication.estimated_shared_fp32_mib_per_transfer, communication.private_parameters_per_client, communication.shared_model_transfers, communication.shared_parameters, communication.total_parameters, experiment, protocol, selected_round, test_by_client, test_by_client.client_0, test_by_client.client_0.accuracy, test_by_client.client_0.balanced_accuracy, test_by_client.client_0.macro_f1, test_by_client.client_0.weighted_f1, test_by_client.client_1, test_by_client.client_1.accuracy, test_by_client.client_1.balanced_accuracy, test_by_client.client_1.macro_f1, test_by_client.client_1.weighted_f1, test_by_client.client_2, test_by_client.client_2.accuracy, test_by_client.client_2.balanced_accuracy, test_by_client.client_2.macro_f1, test_by_client.client_2.weighted_f1, test_summary, test_summary.best_client_macro_f1, test_summary.mean_accuracy, test_summary.mean_balanced_accuracy, test_summary.mean_macro_f1, test_summary.mean_weighted_f1, test_summary.std_client_macro_f1, test_summary.worst_client_macro_f1, training_schedule, training_schedule.head_epochs_per_round, training_schedule.head_learning_rate, training_schedule.representation_epochs_per_round, training_schedule.representation_learning_rate","client: communication.private_parameters_per_client, test_by_client; efficiency: communication.shared_parameters, communication.total_parameters; method: algorithm; metric: communication, communication.estimated_cumulative_shared_fp32_mib, communication.estimated_shared_fp32_mib_per_transfer, communication.private_parameters_per_client, communication.shared_model_transfers, communication.shared_parameters, communication.total_parameters, test_by_client.client_0.accuracy, test_by_client.client_0.balanced_accuracy, test_by_client.client_0.macro_f1, test_by_client.client_1.accuracy, test_by_client.client_1.balanced_accuracy, test_by_client.client_1.macro_f1, test_by_client.client_2.accuracy, test_by_client.client_2.balanced_accuracy, test_by_client.client_2.macro_f1, test_summary.best_client_macro_f1, test_summary.mean_accuracy, test_summary.mean_balanced_accuracy, test_summary.mean_macro_f1, test_summary.std_client_macro_f1, test_summary.worst_client_macro_f1; round_or_epoch: selected_round, training_schedule.head_epochs_per_round, training_schedule.representation_epochs_per_round",keys-only,JSON was inspected as nested key paths.
results/Rice/Federated/FedRep/NonIID_alpha0p1/MobileNetV2/metrics.json,.json,5,22,"round, clients, elapsed_seconds, validation_by_client.client_0.accuracy, validation_by_client.client_0.balanced_accuracy, validation_by_client.client_0.macro_f1, validation_by_client.client_0.weighted_f1, validation_by_client.client_1.accuracy, validation_by_client.client_1.balanced_accuracy, validation_by_client.client_1.macro_f1, validation_by_client.client_1.weighted_f1, validation_by_client.client_2.accuracy, validation_by_client.client_2.balanced_accuracy, validation_by_client.client_2.macro_f1, validation_by_client.client_2.weighted_f1, validation_summary.mean_accuracy, validation_summary.mean_balanced_accuracy, validation_summary.mean_macro_f1, validation_summary.mean_weighted_f1, validation_summary.worst_client_macro_f1, validation_summary.best_client_macro_f1, validation_summary.std_client_macro_f1","round, elapsed_seconds, validation_by_client.client_0.accuracy, validation_by_client.client_0.balanced_accuracy, validation_by_client.client_0.macro_f1, validation_by_client.client_0.weighted_f1, validation_by_client.client_1.accuracy, validation_by_client.client_1.balanced_accuracy, validation_by_client.client_1.macro_f1, validation_by_client.client_1.weighted_f1, validation_by_client.client_2.accuracy, validation_by_client.client_2.balanced_accuracy, validation_by_client.client_2.macro_f1, validation_by_client.client_2.weighted_f1, validation_summary.mean_accuracy, validation_summary.mean_balanced_accuracy, validation_summary.mean_macro_f1, validation_summary.mean_weighted_f1, validation_summary.worst_client_macro_f1, validation_summary.best_client_macro_f1, validation_summary.std_client_macro_f1",clients,"metric: elapsed_seconds, validation_by_client.client_0.accuracy, validation_by_client.client_0.balanced_accuracy, validation_by_client.client_0.macro_f1, validation_by_client.client_1.accuracy, validation_by_client.client_1.balanced_accuracy, validation_by_client.client_1.macro_f1, validation_by_client.client_2.accuracy, validation_by_client.client_2.balanced_accuracy, validation_by_client.client_2.macro_f1, validation_summary.best_client_macro_f1, validation_summary.mean_accuracy, validation_summary.mean_balanced_accuracy, validation_summary.mean_macro_f1, validation_summary.std_client_macro_f1, validation_summary.worst_client_macro_f1; round_or_epoch: round; runtime: elapsed_seconds",read,
results/Rice/Federated/FedRep/NonIID_alpha0p1/MobileNetV2/test_metrics.json,.json,0,40,"algorithm, communication, communication.estimated_cumulative_shared_fp32_mib, communication.estimated_shared_fp32_mib_per_transfer, communication.private_parameters_per_client, communication.shared_model_transfers, communication.shared_parameters, communication.total_parameters, experiment, protocol, selected_round, test_by_client, test_by_client.client_0, test_by_client.client_0.accuracy, test_by_client.client_0.balanced_accuracy, test_by_client.client_0.macro_f1, test_by_client.client_0.weighted_f1, test_by_client.client_1, test_by_client.client_1.accuracy, test_by_client.client_1.balanced_accuracy, test_by_client.client_1.macro_f1, test_by_client.client_1.weighted_f1, test_by_client.client_2, test_by_client.client_2.accuracy, test_by_client.client_2.balanced_accuracy, test_by_client.client_2.macro_f1, test_by_client.client_2.weighted_f1, test_summary, test_summary.best_client_macro_f1, test_summary.mean_accuracy, test_summary.mean_balanced_accuracy, test_summary.mean_macro_f1, test_summary.mean_weighted_f1, test_summary.std_client_macro_f1, test_summary.worst_client_macro_f1, training_schedule, training_schedule.head_epochs_per_round, training_schedule.head_learning_rate, training_schedule.representation_epochs_per_round, training_schedule.representation_learning_rate",,"algorithm, communication, communication.estimated_cumulative_shared_fp32_mib, communication.estimated_shared_fp32_mib_per_transfer, communication.private_parameters_per_client, communication.shared_model_transfers, communication.shared_parameters, communication.total_parameters, experiment, protocol, selected_round, test_by_client, test_by_client.client_0, test_by_client.client_0.accuracy, test_by_client.client_0.balanced_accuracy, test_by_client.client_0.macro_f1, test_by_client.client_0.weighted_f1, test_by_client.client_1, test_by_client.client_1.accuracy, test_by_client.client_1.balanced_accuracy, test_by_client.client_1.macro_f1, test_by_client.client_1.weighted_f1, test_by_client.client_2, test_by_client.client_2.accuracy, test_by_client.client_2.balanced_accuracy, test_by_client.client_2.macro_f1, test_by_client.client_2.weighted_f1, test_summary, test_summary.best_client_macro_f1, test_summary.mean_accuracy, test_summary.mean_balanced_accuracy, test_summary.mean_macro_f1, test_summary.mean_weighted_f1, test_summary.std_client_macro_f1, test_summary.worst_client_macro_f1, training_schedule, training_schedule.head_epochs_per_round, training_schedule.head_learning_rate, training_schedule.representation_epochs_per_round, training_schedule.representation_learning_rate","client: communication.private_parameters_per_client, test_by_client; efficiency: communication.shared_parameters, communication.total_parameters; method: algorithm; metric: communication, communication.estimated_cumulative_shared_fp32_mib, communication.estimated_shared_fp32_mib_per_transfer, communication.private_parameters_per_client, communication.shared_model_transfers, communication.shared_parameters, communication.total_parameters, test_by_client.client_0.accuracy, test_by_client.client_0.balanced_accuracy, test_by_client.client_0.macro_f1, test_by_client.client_1.accuracy, test_by_client.client_1.balanced_accuracy, test_by_client.client_1.macro_f1, test_by_client.client_2.accuracy, test_by_client.client_2.balanced_accuracy, test_by_client.client_2.macro_f1, test_summary.best_client_macro_f1, test_summary.mean_accuracy, test_summary.mean_balanced_accuracy, test_summary.mean_macro_f1, test_summary.std_client_macro_f1, test_summary.worst_client_macro_f1; round_or_epoch: selected_round, training_schedule.head_epochs_per_round, training_schedule.representation_epochs_per_round",keys-only,JSON was inspected as nested key paths.
results/Rice/Federated/FedRep/NonIID_alpha0p5/MobileNetV2/metrics.json,.json,5,22,"round, clients, elapsed_seconds, validation_by_client.client_0.accuracy, validation_by_client.client_0.balanced_accuracy, validation_by_client.client_0.macro_f1, validation_by_client.client_0.weighted_f1, validation_by_client.client_1.accuracy, validation_by_client.client_1.balanced_accuracy, validation_by_client.client_1.macro_f1, validation_by_client.client_1.weighted_f1, validation_by_client.client_2.accuracy, validation_by_client.client_2.balanced_accuracy, validation_by_client.client_2.macro_f1, validation_by_client.client_2.weighted_f1, validation_summary.mean_accuracy, validation_summary.mean_balanced_accuracy, validation_summary.mean_macro_f1, validation_summary.mean_weighted_f1, validation_summary.worst_client_macro_f1, validation_summary.best_client_macro_f1, validation_summary.std_client_macro_f1","round, elapsed_seconds, validation_by_client.client_0.accuracy, validation_by_client.client_0.balanced_accuracy, validation_by_client.client_0.macro_f1, validation_by_client.client_0.weighted_f1, validation_by_client.client_1.accuracy, validation_by_client.client_1.balanced_accuracy, validation_by_client.client_1.macro_f1, validation_by_client.client_1.weighted_f1, validation_by_client.client_2.accuracy, validation_by_client.client_2.balanced_accuracy, validation_by_client.client_2.macro_f1, validation_by_client.client_2.weighted_f1, validation_summary.mean_accuracy, validation_summary.mean_balanced_accuracy, validation_summary.mean_macro_f1, validation_summary.mean_weighted_f1, validation_summary.worst_client_macro_f1, validation_summary.best_client_macro_f1, validation_summary.std_client_macro_f1",clients,"metric: elapsed_seconds, validation_by_client.client_0.accuracy, validation_by_client.client_0.balanced_accuracy, validation_by_client.client_0.macro_f1, validation_by_client.client_1.accuracy, validation_by_client.client_1.balanced_accuracy, validation_by_client.client_1.macro_f1, validation_by_client.client_2.accuracy, validation_by_client.client_2.balanced_accuracy, validation_by_client.client_2.macro_f1, validation_summary.best_client_macro_f1, validation_summary.mean_accuracy, validation_summary.mean_balanced_accuracy, validation_summary.mean_macro_f1, validation_summary.std_client_macro_f1, validation_summary.worst_client_macro_f1; round_or_epoch: round; runtime: elapsed_seconds",read,
results/Rice/Federated/FedRep/NonIID_alpha0p5/MobileNetV2/test_metrics.json,.json,0,40,"algorithm, communication, communication.estimated_cumulative_shared_fp32_mib, communication.estimated_shared_fp32_mib_per_transfer, communication.private_parameters_per_client, communication.shared_model_transfers, communication.shared_parameters, communication.total_parameters, experiment, protocol, selected_round, test_by_client, test_by_client.client_0, test_by_client.client_0.accuracy, test_by_client.client_0.balanced_accuracy, test_by_client.client_0.macro_f1, test_by_client.client_0.weighted_f1, test_by_client.client_1, test_by_client.client_1.accuracy, test_by_client.client_1.balanced_accuracy, test_by_client.client_1.macro_f1, test_by_client.client_1.weighted_f1, test_by_client.client_2, test_by_client.client_2.accuracy, test_by_client.client_2.balanced_accuracy, test_by_client.client_2.macro_f1, test_by_client.client_2.weighted_f1, test_summary, test_summary.best_client_macro_f1, test_summary.mean_accuracy, test_summary.mean_balanced_accuracy, test_summary.mean_macro_f1, test_summary.mean_weighted_f1, test_summary.std_client_macro_f1, test_summary.worst_client_macro_f1, training_schedule, training_schedule.head_epochs_per_round, training_schedule.head_learning_rate, training_schedule.representation_epochs_per_round, training_schedule.representation_learning_rate",,"algorithm, communication, communication.estimated_cumulative_shared_fp32_mib, communication.estimated_shared_fp32_mib_per_transfer, communication.private_parameters_per_client, communication.shared_model_transfers, communication.shared_parameters, communication.total_parameters, experiment, protocol, selected_round, test_by_client, test_by_client.client_0, test_by_client.client_0.accuracy, test_by_client.client_0.balanced_accuracy, test_by_client.client_0.macro_f1, test_by_client.client_0.weighted_f1, test_by_client.client_1, test_by_client.client_1.accuracy, test_by_client.client_1.balanced_accuracy, test_by_client.client_1.macro_f1, test_by_client.client_1.weighted_f1, test_by_client.client_2, test_by_client.client_2.accuracy, test_by_client.client_2.balanced_accuracy, test_by_client.client_2.macro_f1, test_by_client.client_2.weighted_f1, test_summary, test_summary.best_client_macro_f1, test_summary.mean_accuracy, test_summary.mean_balanced_accuracy, test_summary.mean_macro_f1, test_summary.mean_weighted_f1, test_summary.std_client_macro_f1, test_summary.worst_client_macro_f1, training_schedule, training_schedule.head_epochs_per_round, training_schedule.head_learning_rate, training_schedule.representation_epochs_per_round, training_schedule.representation_learning_rate","client: communication.private_parameters_per_client, test_by_client; efficiency: communication.shared_parameters, communication.total_parameters; method: algorithm; metric: communication, communication.estimated_cumulative_shared_fp32_mib, communication.estimated_shared_fp32_mib_per_transfer, communication.private_parameters_per_client, communication.shared_model_transfers, communication.shared_parameters, communication.total_parameters, test_by_client.client_0.accuracy, test_by_client.client_0.balanced_accuracy, test_by_client.client_0.macro_f1, test_by_client.client_1.accuracy, test_by_client.client_1.balanced_accuracy, test_by_client.client_1.macro_f1, test_by_client.client_2.accuracy, test_by_client.client_2.balanced_accuracy, test_by_client.client_2.macro_f1, test_summary.best_client_macro_f1, test_summary.mean_accuracy, test_summary.mean_balanced_accuracy, test_summary.mean_macro_f1, test_summary.std_client_macro_f1, test_summary.worst_client_macro_f1; round_or_epoch: selected_round, training_schedule.head_epochs_per_round, training_schedule.representation_epochs_per_round",keys-only,JSON was inspected as nested key paths.
results/Rice/Federated/Summaries/NonIID_alpha_comparison_MobileNetV2/all_results.csv,.csv,6,11,"algorithm, alpha, partition, selected_round, best_validation_macro_f1, test_accuracy, test_balanced_accuracy, test_macro_f1, test_weighted_f1, worst_client_macro_f1, std_client_macro_f1","alpha, selected_round, best_validation_macro_f1, test_accuracy, test_balanced_accuracy, test_macro_f1, test_weighted_f1, worst_client_macro_f1, std_client_macro_f1","algorithm, partition","alpha: alpha; distribution: partition; method: algorithm; metric: best_validation_macro_f1, std_client_macro_f1, test_accuracy, test_balanced_accuracy, test_macro_f1, worst_client_macro_f1; round_or_epoch: selected_round",read,
results/Rice/Federated/Summaries/NonIID_alpha_comparison_MobileNetV2/alpha_deltas.csv,.csv,3,6,"algorithm, alpha0p5_test_macro_f1, alpha0p1_test_macro_f1, delta_alpha0p1_minus_alpha0p5, alpha0p5_selected_round, alpha0p1_selected_round","alpha0p5_test_macro_f1, alpha0p1_test_macro_f1, delta_alpha0p1_minus_alpha0p5, alpha0p5_selected_round, alpha0p1_selected_round",algorithm,"method: algorithm; metric: alpha0p1_test_macro_f1, alpha0p5_test_macro_f1; round_or_epoch: alpha0p1_selected_round, alpha0p5_selected_round",read,
results/Rice/Federated/Summaries/NonIID_alpha_comparison_MobileNetV2/comparison_summary.json,.json,3,3,"rank, algorithm, test_macro_f1","rank, test_macro_f1",algorithm,method: algorithm; metric: test_macro_f1,read,
results/Rice/Federated/Summaries/Presentation_tables/table_1_alpha0p5_comprehensive.csv,.csv,12,7,"Approach, Data setting, Backbone, Accuracy, Balanced Acc., Macro-F1, Evaluation basis","Accuracy, Balanced Acc., Macro-F1","Approach, Data setting, Backbone, Evaluation basis","method: Approach; metric: Accuracy, Balanced Acc., Macro-F1; model: Backbone",read,
results/Rice/Federated/Summaries/Presentation_tables/table_2_alpha0p1_comparison.csv,.csv,3,9,"Method, IID F1, α=0.5 F1, α=0.1 F1, Δ 0.1−0.5, α=0.1 Bal. Acc., Worst client, Client std, Best round","IID F1, α=0.5 F1, α=0.1 F1, Δ 0.1−0.5, α=0.1 Bal. Acc., Best round","Method, Worst client, Client std","client: Client std, Worst client; distribution: IID F1; method: Method; metric: α=0.1 Bal. Acc.; round_or_epoch: Best round",read,
results/Rice/Summaries/resnet18_multiseed_summary.json,.json,0,42,"aggregate, aggregate.accuracy, aggregate.accuracy.maximum, aggregate.accuracy.mean, aggregate.accuracy.minimum, aggregate.accuracy.std, aggregate.balanced_accuracy, aggregate.balanced_accuracy.maximum, aggregate.balanced_accuracy.mean, aggregate.balanced_accuracy.minimum, aggregate.balanced_accuracy.std, aggregate.macro_f1, aggregate.macro_f1.maximum, aggregate.macro_f1.mean, aggregate.macro_f1.minimum, aggregate.macro_f1.std, aggregate.weighted_f1, aggregate.weighted_f1.maximum, aggregate.weighted_f1.mean, aggregate.weighted_f1.minimum, aggregate.weighted_f1.std, experiment, runs, runs.123, runs.123.accuracy, runs.123.balanced_accuracy, runs.123.loss, runs.123.macro_f1, runs.123.weighted_f1, runs.2026, runs.2026.accuracy, runs.2026.balanced_accuracy, runs.2026.loss, runs.2026.macro_f1, runs.2026.weighted_f1, runs.42, runs.42.accuracy, runs.42.balanced_accuracy, runs.42.loss, runs.42.macro_f1, runs.42.weighted_f1, seeds",,"aggregate, aggregate.accuracy, aggregate.accuracy.maximum, aggregate.accuracy.mean, aggregate.accuracy.minimum, aggregate.accuracy.std, aggregate.balanced_accuracy, aggregate.balanced_accuracy.maximum, aggregate.balanced_accuracy.mean, aggregate.balanced_accuracy.minimum, aggregate.balanced_accuracy.std, aggregate.macro_f1, aggregate.macro_f1.maximum, aggregate.macro_f1.mean, aggregate.macro_f1.minimum, aggregate.macro_f1.std, aggregate.weighted_f1, aggregate.weighted_f1.maximum, aggregate.weighted_f1.mean, aggregate.weighted_f1.minimum, aggregate.weighted_f1.std, experiment, runs, runs.123, runs.123.accuracy, runs.123.balanced_accuracy, runs.123.loss, runs.123.macro_f1, runs.123.weighted_f1, runs.2026, runs.2026.accuracy, runs.2026.balanced_accuracy, runs.2026.loss, runs.2026.macro_f1, runs.2026.weighted_f1, runs.42, runs.42.accuracy, runs.42.balanced_accuracy, runs.42.loss, runs.42.macro_f1, runs.42.weighted_f1, seeds","metric: aggregate.accuracy, aggregate.balanced_accuracy, aggregate.macro_f1, runs.123.accuracy, runs.123.balanced_accuracy, runs.123.loss, runs.123.macro_f1, runs.2026.accuracy, runs.2026.balanced_accuracy, runs.2026.loss, runs.2026.macro_f1, runs.42.accuracy, runs.42.balanced_accuracy, runs.42.loss, runs.42.macro_f1",keys-only,JSON was inspected as nested key paths.
results/Rice/SupportingEvidence/ResNet18Proof/exact_duplicate_summary.json,.json,0,6,"cross_split_duplicate_groups, cross_split_duplicate_images, duplicate_hash_groups, same_split_duplicate_groups, total_images, unique_hashes",,"cross_split_duplicate_groups, cross_split_duplicate_images, duplicate_hash_groups, same_split_duplicate_groups, total_images, unique_hashes","count: cross_split_duplicate_images, total_images",keys-only,JSON was inspected as nested key paths.
results/Rice/SupportingEvidence/ResNet18Proof/history.json,.json,10,8,"epoch, stage, train_loss, validation_loss, validation_accuracy, validation_balanced_accuracy, validation_macro_f1, epoch_seconds","epoch, train_loss, validation_loss, validation_accuracy, validation_balanced_accuracy, validation_macro_f1, epoch_seconds",stage,"metric: epoch_seconds, train_loss, validation_accuracy, validation_balanced_accuracy, validation_loss, validation_macro_f1; round_or_epoch: epoch, epoch_seconds; runtime: epoch_seconds",read,
results/Rice/SupportingEvidence/ResNet18Proof/metrics.json,.json,0,72,"classes, classification_report, classification_report.0_NOR, classification_report.0_NOR.f1-score, classification_report.0_NOR.precision, classification_report.0_NOR.recall, classification_report.0_NOR.support, classification_report.1_F&S, classification_report.1_F&S.f1-score, classification_report.1_F&S.precision, classification_report.1_F&S.recall, classification_report.1_F&S.support, classification_report.2_SD, classification_report.2_SD.f1-score, classification_report.2_SD.precision, classification_report.2_SD.recall, classification_report.2_SD.support, classification_report.3_MY, classification_report.3_MY.f1-score, classification_report.3_MY.precision, classification_report.3_MY.recall, classification_report.3_MY.support, classification_report.4_AP, classification_report.4_AP.f1-score, classification_report.4_AP.precision, classification_report.4_AP.recall, classification_report.4_AP.support, classification_report.5_BN, classification_report.5_BN.f1-score, classification_report.5_BN.precision, classification_report.5_BN.recall, classification_report.5_BN.support, classification_report.6_UN, classification_report.6_UN.f1-score, classification_report.6_UN.precision, classification_report.6_UN.recall, classification_report.6_UN.support, classification_report.7_IM, classification_report.7_IM.f1-score, classification_report.7_IM.precision, classification_report.7_IM.recall, classification_report.7_IM.support, classification_report.accuracy, classification_report.macro avg, classification_report.macro avg.f1-score, classification_report.macro avg.precision, classification_report.macro avg.recall, classification_report.macro avg.support, classification_report.weighted avg, classification_report.weighted avg.f1-score, classification_report.weighted avg.precision, classification_report.weighted avg.recall, classification_report.weighted avg.support, dataset_root, experiment, seed, split_sizes, split_sizes.test, split_sizes.train, split_sizes.validation, test, test.accuracy, test.balanced_accuracy, test.loss, test.macro_f1, test.weighted_f1, training, training.best_epoch, training.best_validation_macro_f1, training.finetune_epochs, training.total_seconds, training.warmup_epochs",,"classes, classification_report, classification_report.0_NOR, classification_report.0_NOR.f1-score, classification_report.0_NOR.precision, classification_report.0_NOR.recall, classification_report.0_NOR.support, classification_report.1_F&S, classification_report.1_F&S.f1-score, classification_report.1_F&S.precision, classification_report.1_F&S.recall, classification_report.1_F&S.support, classification_report.2_SD, classification_report.2_SD.f1-score, classification_report.2_SD.precision, classification_report.2_SD.recall, classification_report.2_SD.support, classification_report.3_MY, classification_report.3_MY.f1-score, classification_report.3_MY.precision, classification_report.3_MY.recall, classification_report.3_MY.support, classification_report.4_AP, classification_report.4_AP.f1-score, classification_report.4_AP.precision, classification_report.4_AP.recall, classification_report.4_AP.support, classification_report.5_BN, classification_report.5_BN.f1-score, classification_report.5_BN.precision, classification_report.5_BN.recall, classification_report.5_BN.support, classification_report.6_UN, classification_report.6_UN.f1-score, classification_report.6_UN.precision, classification_report.6_UN.recall, classification_report.6_UN.support, classification_report.7_IM, classification_report.7_IM.f1-score, classification_report.7_IM.precision, classification_report.7_IM.recall, classification_report.7_IM.support, classification_report.accuracy, classification_report.macro avg, classification_report.macro avg.f1-score, classification_report.macro avg.precision, classification_report.macro avg.recall, classification_report.macro avg.support, classification_report.weighted avg, classification_report.weighted avg.f1-score, classification_report.weighted avg.precision, classification_report.weighted avg.recall, classification_report.weighted avg.support, dataset_root, experiment, seed, split_sizes, split_sizes.test, split_sizes.train, split_sizes.validation, test, test.accuracy, test.balanced_accuracy, test.loss, test.macro_f1, test.weighted_f1, training, training.best_epoch, training.best_validation_macro_f1, training.finetune_epochs, training.total_seconds, training.warmup_epochs","count: classification_report.0_NOR.support, classification_report.1_F&S.support, classification_report.2_SD.support, classification_report.3_MY.support, classification_report.4_AP.support, classification_report.5_BN.support, classification_report.6_UN.support, classification_report.7_IM.support, classification_report.macro avg.support, classification_report.weighted avg.support; dataset: dataset_root; metric: classification_report.0_NOR.precision, classification_report.0_NOR.recall, classification_report.0_NOR.support, classification_report.1_F&S.precision, classification_report.1_F&S.recall, classification_report.1_F&S.support, classification_report.2_SD.precision, classification_report.2_SD.recall, classification_report.2_SD.support, classification_report.3_MY.precision, classification_report.3_MY.recall, classification_report.3_MY.support, classification_report.4_AP.precision, classification_report.4_AP.recall, classification_report.4_AP.support, classification_report.5_BN.precision, classification_report.5_BN.recall, classification_report.5_BN.support, classification_report.6_UN.precision, classification_report.6_UN.recall, classification_report.6_UN.support, classification_report.7_IM.precision, classification_report.7_IM.recall, classification_report.7_IM.support, classification_report.accuracy, classification_report.macro avg.precision, classification_report.macro avg.recall, classification_report.macro avg.support, classification_report.weighted avg.precision, classification_report.weighted avg.recall, classification_report.weighted avg.support, test.accuracy, test.balanced_accuracy, test.loss, test.macro_f1, training.best_validation_macro_f1, training.total_seconds; round_or_epoch: training.best_epoch; runtime: training.total_seconds; seed: seed; split: split_sizes, split_sizes.test, split_sizes.train, split_sizes.validation",keys-only,JSON was inspected as nested key paths.
results/Rice/SupportingEvidence/ResNet18Proof/metrics_seed123.json,.json,0,72,"classes, classification_report, classification_report.0_NOR, classification_report.0_NOR.f1-score, classification_report.0_NOR.precision, classification_report.0_NOR.recall, classification_report.0_NOR.support, classification_report.1_F&S, classification_report.1_F&S.f1-score, classification_report.1_F&S.precision, classification_report.1_F&S.recall, classification_report.1_F&S.support, classification_report.2_SD, classification_report.2_SD.f1-score, classification_report.2_SD.precision, classification_report.2_SD.recall, classification_report.2_SD.support, classification_report.3_MY, classification_report.3_MY.f1-score, classification_report.3_MY.precision, classification_report.3_MY.recall, classification_report.3_MY.support, classification_report.4_AP, classification_report.4_AP.f1-score, classification_report.4_AP.precision, classification_report.4_AP.recall, classification_report.4_AP.support, classification_report.5_BN, classification_report.5_BN.f1-score, classification_report.5_BN.precision, classification_report.5_BN.recall, classification_report.5_BN.support, classification_report.6_UN, classification_report.6_UN.f1-score, classification_report.6_UN.precision, classification_report.6_UN.recall, classification_report.6_UN.support, classification_report.7_IM, classification_report.7_IM.f1-score, classification_report.7_IM.precision, classification_report.7_IM.recall, classification_report.7_IM.support, classification_report.accuracy, classification_report.macro avg, classification_report.macro avg.f1-score, classification_report.macro avg.precision, classification_report.macro avg.recall, classification_report.macro avg.support, classification_report.weighted avg, classification_report.weighted avg.f1-score, classification_report.weighted avg.precision, classification_report.weighted avg.recall, classification_report.weighted avg.support, dataset_root, experiment, seed, split_sizes, split_sizes.test, split_sizes.train, split_sizes.validation, test, test.accuracy, test.balanced_accuracy, test.loss, test.macro_f1, test.weighted_f1, training, training.best_epoch, training.best_validation_macro_f1, training.finetune_epochs, training.total_seconds, training.warmup_epochs",,"classes, classification_report, classification_report.0_NOR, classification_report.0_NOR.f1-score, classification_report.0_NOR.precision, classification_report.0_NOR.recall, classification_report.0_NOR.support, classification_report.1_F&S, classification_report.1_F&S.f1-score, classification_report.1_F&S.precision, classification_report.1_F&S.recall, classification_report.1_F&S.support, classification_report.2_SD, classification_report.2_SD.f1-score, classification_report.2_SD.precision, classification_report.2_SD.recall, classification_report.2_SD.support, classification_report.3_MY, classification_report.3_MY.f1-score, classification_report.3_MY.precision, classification_report.3_MY.recall, classification_report.3_MY.support, classification_report.4_AP, classification_report.4_AP.f1-score, classification_report.4_AP.precision, classification_report.4_AP.recall, classification_report.4_AP.support, classification_report.5_BN, classification_report.5_BN.f1-score, classification_report.5_BN.precision, classification_report.5_BN.recall, classification_report.5_BN.support, classification_report.6_UN, classification_report.6_UN.f1-score, classification_report.6_UN.precision, classification_report.6_UN.recall, classification_report.6_UN.support, classification_report.7_IM, classification_report.7_IM.f1-score, classification_report.7_IM.precision, classification_report.7_IM.recall, classification_report.7_IM.support, classification_report.accuracy, classification_report.macro avg, classification_report.macro avg.f1-score, classification_report.macro avg.precision, classification_report.macro avg.recall, classification_report.macro avg.support, classification_report.weighted avg, classification_report.weighted avg.f1-score, classification_report.weighted avg.precision, classification_report.weighted avg.recall, classification_report.weighted avg.support, dataset_root, experiment, seed, split_sizes, split_sizes.test, split_sizes.train, split_sizes.validation, test, test.accuracy, test.balanced_accuracy, test.loss, test.macro_f1, test.weighted_f1, training, training.best_epoch, training.best_validation_macro_f1, training.finetune_epochs, training.total_seconds, training.warmup_epochs","count: classification_report.0_NOR.support, classification_report.1_F&S.support, classification_report.2_SD.support, classification_report.3_MY.support, classification_report.4_AP.support, classification_report.5_BN.support, classification_report.6_UN.support, classification_report.7_IM.support, classification_report.macro avg.support, classification_report.weighted avg.support; dataset: dataset_root; metric: classification_report.0_NOR.precision, classification_report.0_NOR.recall, classification_report.0_NOR.support, classification_report.1_F&S.precision, classification_report.1_F&S.recall, classification_report.1_F&S.support, classification_report.2_SD.precision, classification_report.2_SD.recall, classification_report.2_SD.support, classification_report.3_MY.precision, classification_report.3_MY.recall, classification_report.3_MY.support, classification_report.4_AP.precision, classification_report.4_AP.recall, classification_report.4_AP.support, classification_report.5_BN.precision, classification_report.5_BN.recall, classification_report.5_BN.support, classification_report.6_UN.precision, classification_report.6_UN.recall, classification_report.6_UN.support, classification_report.7_IM.precision, classification_report.7_IM.recall, classification_report.7_IM.support, classification_report.accuracy, classification_report.macro avg.precision, classification_report.macro avg.recall, classification_report.macro avg.support, classification_report.weighted avg.precision, classification_report.weighted avg.recall, classification_report.weighted avg.support, test.accuracy, test.balanced_accuracy, test.loss, test.macro_f1, training.best_validation_macro_f1, training.total_seconds; round_or_epoch: training.best_epoch; runtime: training.total_seconds; seed: seed; split: split_sizes, split_sizes.test, split_sizes.train, split_sizes.validation",keys-only,JSON was inspected as nested key paths.
results/Rice/SupportingEvidence/ResNet18Proof/metrics_seed2026.json,.json,0,72,"classes, classification_report, classification_report.0_NOR, classification_report.0_NOR.f1-score, classification_report.0_NOR.precision, classification_report.0_NOR.recall, classification_report.0_NOR.support, classification_report.1_F&S, classification_report.1_F&S.f1-score, classification_report.1_F&S.precision, classification_report.1_F&S.recall, classification_report.1_F&S.support, classification_report.2_SD, classification_report.2_SD.f1-score, classification_report.2_SD.precision, classification_report.2_SD.recall, classification_report.2_SD.support, classification_report.3_MY, classification_report.3_MY.f1-score, classification_report.3_MY.precision, classification_report.3_MY.recall, classification_report.3_MY.support, classification_report.4_AP, classification_report.4_AP.f1-score, classification_report.4_AP.precision, classification_report.4_AP.recall, classification_report.4_AP.support, classification_report.5_BN, classification_report.5_BN.f1-score, classification_report.5_BN.precision, classification_report.5_BN.recall, classification_report.5_BN.support, classification_report.6_UN, classification_report.6_UN.f1-score, classification_report.6_UN.precision, classification_report.6_UN.recall, classification_report.6_UN.support, classification_report.7_IM, classification_report.7_IM.f1-score, classification_report.7_IM.precision, classification_report.7_IM.recall, classification_report.7_IM.support, classification_report.accuracy, classification_report.macro avg, classification_report.macro avg.f1-score, classification_report.macro avg.precision, classification_report.macro avg.recall, classification_report.macro avg.support, classification_report.weighted avg, classification_report.weighted avg.f1-score, classification_report.weighted avg.precision, classification_report.weighted avg.recall, classification_report.weighted avg.support, dataset_root, experiment, seed, split_sizes, split_sizes.test, split_sizes.train, split_sizes.validation, test, test.accuracy, test.balanced_accuracy, test.loss, test.macro_f1, test.weighted_f1, training, training.best_epoch, training.best_validation_macro_f1, training.finetune_epochs, training.total_seconds, training.warmup_epochs",,"classes, classification_report, classification_report.0_NOR, classification_report.0_NOR.f1-score, classification_report.0_NOR.precision, classification_report.0_NOR.recall, classification_report.0_NOR.support, classification_report.1_F&S, classification_report.1_F&S.f1-score, classification_report.1_F&S.precision, classification_report.1_F&S.recall, classification_report.1_F&S.support, classification_report.2_SD, classification_report.2_SD.f1-score, classification_report.2_SD.precision, classification_report.2_SD.recall, classification_report.2_SD.support, classification_report.3_MY, classification_report.3_MY.f1-score, classification_report.3_MY.precision, classification_report.3_MY.recall, classification_report.3_MY.support, classification_report.4_AP, classification_report.4_AP.f1-score, classification_report.4_AP.precision, classification_report.4_AP.recall, classification_report.4_AP.support, classification_report.5_BN, classification_report.5_BN.f1-score, classification_report.5_BN.precision, classification_report.5_BN.recall, classification_report.5_BN.support, classification_report.6_UN, classification_report.6_UN.f1-score, classification_report.6_UN.precision, classification_report.6_UN.recall, classification_report.6_UN.support, classification_report.7_IM, classification_report.7_IM.f1-score, classification_report.7_IM.precision, classification_report.7_IM.recall, classification_report.7_IM.support, classification_report.accuracy, classification_report.macro avg, classification_report.macro avg.f1-score, classification_report.macro avg.precision, classification_report.macro avg.recall, classification_report.macro avg.support, classification_report.weighted avg, classification_report.weighted avg.f1-score, classification_report.weighted avg.precision, classification_report.weighted avg.recall, classification_report.weighted avg.support, dataset_root, experiment, seed, split_sizes, split_sizes.test, split_sizes.train, split_sizes.validation, test, test.accuracy, test.balanced_accuracy, test.loss, test.macro_f1, test.weighted_f1, training, training.best_epoch, training.best_validation_macro_f1, training.finetune_epochs, training.total_seconds, training.warmup_epochs","count: classification_report.0_NOR.support, classification_report.1_F&S.support, classification_report.2_SD.support, classification_report.3_MY.support, classification_report.4_AP.support, classification_report.5_BN.support, classification_report.6_UN.support, classification_report.7_IM.support, classification_report.macro avg.support, classification_report.weighted avg.support; dataset: dataset_root; metric: classification_report.0_NOR.precision, classification_report.0_NOR.recall, classification_report.0_NOR.support, classification_report.1_F&S.precision, classification_report.1_F&S.recall, classification_report.1_F&S.support, classification_report.2_SD.precision, classification_report.2_SD.recall, classification_report.2_SD.support, classification_report.3_MY.precision, classification_report.3_MY.recall, classification_report.3_MY.support, classification_report.4_AP.precision, classification_report.4_AP.recall, classification_report.4_AP.support, classification_report.5_BN.precision, classification_report.5_BN.recall, classification_report.5_BN.support, classification_report.6_UN.precision, classification_report.6_UN.recall, classification_report.6_UN.support, classification_report.7_IM.precision, classification_report.7_IM.recall, classification_report.7_IM.support, classification_report.accuracy, classification_report.macro avg.precision, classification_report.macro avg.recall, classification_report.macro avg.support, classification_report.weighted avg.precision, classification_report.weighted avg.recall, classification_report.weighted avg.support, test.accuracy, test.balanced_accuracy, test.loss, test.macro_f1, training.best_validation_macro_f1, training.total_seconds; round_or_epoch: training.best_epoch; runtime: training.total_seconds; seed: seed; split: split_sizes, split_sizes.test, split_sizes.train, split_sizes.validation",keys-only,JSON was inspected as nested key paths.
results/Rice/SupportingEvidence/ResNet18Proof/perceptual_duplicate_summary.json,.json,0,5,"cross_split_near_duplicate_candidates, hamming_threshold, hash_bits, nearest_neighbors_checked, total_images",,"cross_split_near_duplicate_candidates, hamming_threshold, hash_bits, nearest_neighbors_checked, total_images",count: total_images,keys-only,JSON was inspected as nested key paths.
results/Rice/SupportingEvidence/ResNet18Proof/rice_resnet18_multiseed_summary.json,.json,0,42,"aggregate, aggregate.accuracy, aggregate.accuracy.maximum, aggregate.accuracy.mean, aggregate.accuracy.minimum, aggregate.accuracy.std, aggregate.balanced_accuracy, aggregate.balanced_accuracy.maximum, aggregate.balanced_accuracy.mean, aggregate.balanced_accuracy.minimum, aggregate.balanced_accuracy.std, aggregate.macro_f1, aggregate.macro_f1.maximum, aggregate.macro_f1.mean, aggregate.macro_f1.minimum, aggregate.macro_f1.std, aggregate.weighted_f1, aggregate.weighted_f1.maximum, aggregate.weighted_f1.mean, aggregate.weighted_f1.minimum, aggregate.weighted_f1.std, experiment, runs, runs.123, runs.123.accuracy, runs.123.balanced_accuracy, runs.123.loss, runs.123.macro_f1, runs.123.weighted_f1, runs.2026, runs.2026.accuracy, runs.2026.balanced_accuracy, runs.2026.loss, runs.2026.macro_f1, runs.2026.weighted_f1, runs.42, runs.42.accuracy, runs.42.balanced_accuracy, runs.42.loss, runs.42.macro_f1, runs.42.weighted_f1, seeds",,"aggregate, aggregate.accuracy, aggregate.accuracy.maximum, aggregate.accuracy.mean, aggregate.accuracy.minimum, aggregate.accuracy.std, aggregate.balanced_accuracy, aggregate.balanced_accuracy.maximum, aggregate.balanced_accuracy.mean, aggregate.balanced_accuracy.minimum, aggregate.balanced_accuracy.std, aggregate.macro_f1, aggregate.macro_f1.maximum, aggregate.macro_f1.mean, aggregate.macro_f1.minimum, aggregate.macro_f1.std, aggregate.weighted_f1, aggregate.weighted_f1.maximum, aggregate.weighted_f1.mean, aggregate.weighted_f1.minimum, aggregate.weighted_f1.std, experiment, runs, runs.123, runs.123.accuracy, runs.123.balanced_accuracy, runs.123.loss, runs.123.macro_f1, runs.123.weighted_f1, runs.2026, runs.2026.accuracy, runs.2026.balanced_accuracy, runs.2026.loss, runs.2026.macro_f1, runs.2026.weighted_f1, runs.42, runs.42.accuracy, runs.42.balanced_accuracy, runs.42.loss, runs.42.macro_f1, runs.42.weighted_f1, seeds","metric: aggregate.accuracy, aggregate.balanced_accuracy, aggregate.macro_f1, runs.123.accuracy, runs.123.balanced_accuracy, runs.123.loss, runs.123.macro_f1, runs.2026.accuracy, runs.2026.balanced_accuracy, runs.2026.loss, runs.2026.macro_f1, runs.42.accuracy, runs.42.balanced_accuracy, runs.42.loss, runs.42.macro_f1",keys-only,JSON was inspected as nested key paths.
results/Rice/SupportingEvidence/ResNet18Proof/split_summary.json,.json,0,43,"seed, splits, splits.test, splits.test.class_counts, splits.test.class_counts.0_NOR, splits.test.class_counts.1_F&S, splits.test.class_counts.2_SD, splits.test.class_counts.3_MY, splits.test.class_counts.4_AP, splits.test.class_counts.5_BN, splits.test.class_counts.6_UN, splits.test.class_counts.7_IM, splits.test.groups, splits.test.images, splits.test.percentage, splits.train, splits.train.class_counts, splits.train.class_counts.0_NOR, splits.train.class_counts.1_F&S, splits.train.class_counts.2_SD, splits.train.class_counts.3_MY, splits.train.class_counts.4_AP, splits.train.class_counts.5_BN, splits.train.class_counts.6_UN, splits.train.class_counts.7_IM, splits.train.groups, splits.train.images, splits.train.percentage, splits.validation, splits.validation.class_counts, splits.validation.class_counts.0_NOR, splits.validation.class_counts.1_F&S, splits.validation.class_counts.2_SD, splits.validation.class_counts.3_MY, splits.validation.class_counts.4_AP, splits.validation.class_counts.5_BN, splits.validation.class_counts.6_UN, splits.validation.class_counts.7_IM, splits.validation.groups, splits.validation.images, splits.validation.percentage, total_groups, total_images",,"seed, splits, splits.test, splits.test.class_counts, splits.test.class_counts.0_NOR, splits.test.class_counts.1_F&S, splits.test.class_counts.2_SD, splits.test.class_counts.3_MY, splits.test.class_counts.4_AP, splits.test.class_counts.5_BN, splits.test.class_counts.6_UN, splits.test.class_counts.7_IM, splits.test.groups, splits.test.images, splits.test.percentage, splits.train, splits.train.class_counts, splits.train.class_counts.0_NOR, splits.train.class_counts.1_F&S, splits.train.class_counts.2_SD, splits.train.class_counts.3_MY, splits.train.class_counts.4_AP, splits.train.class_counts.5_BN, splits.train.class_counts.6_UN, splits.train.class_counts.7_IM, splits.train.groups, splits.train.images, splits.train.percentage, splits.validation, splits.validation.class_counts, splits.validation.class_counts.0_NOR, splits.validation.class_counts.1_F&S, splits.validation.class_counts.2_SD, splits.validation.class_counts.3_MY, splits.validation.class_counts.4_AP, splits.validation.class_counts.5_BN, splits.validation.class_counts.6_UN, splits.validation.class_counts.7_IM, splits.validation.groups, splits.validation.images, splits.validation.percentage, total_groups, total_images","count: splits.test.images, splits.train.images, splits.validation.images, total_images; seed: seed",keys-only,JSON was inspected as nested key paths.
results/Wheat/Centralized/ResNet18/GroupedV2_FullInverseWeights/evaluation_summary.csv,.csv,3,7,"experiment, split, num_images, accuracy, balanced_accuracy, macro_f1, weighted_f1","num_images, accuracy, balanced_accuracy, macro_f1, weighted_f1","experiment, split","count: num_images; metric: accuracy, balanced_accuracy, macro_f1; split: split",read,
results/Wheat/Centralized/ResNet18/GroupedV2_FullInverseWeights/history.json,.json,10,9,"epoch, stage, train_loss, validation_loss, validation_accuracy, validation_balanced_accuracy, validation_macro_f1, validation_weighted_f1, epoch_seconds","epoch, train_loss, validation_loss, validation_accuracy, validation_balanced_accuracy, validation_macro_f1, validation_weighted_f1, epoch_seconds",stage,"metric: epoch_seconds, train_loss, validation_accuracy, validation_balanced_accuracy, validation_loss, validation_macro_f1; round_or_epoch: epoch, epoch_seconds; runtime: epoch_seconds",read,
results/Wheat/Centralized/ResNet18/GroupedV2_FullInverseWeights/metrics.json,.json,0,199,"capture_groups, capture_groups.test, capture_groups.test_07, capture_groups.train, capture_groups.validation, classes, experiment, manifest_dir, results, results.test, results.test.accuracy, results.test.balanced_accuracy, results.test.classification_report, results.test.classification_report.Black Germ, results.test.classification_report.Black Germ.f1-score, results.test.classification_report.Black Germ.precision, results.test.classification_report.Black Germ.recall, results.test.classification_report.Black Germ.support, results.test.classification_report.Broken, results.test.classification_report.Broken.f1-score, results.test.classification_report.Broken.precision, results.test.classification_report.Broken.recall, results.test.classification_report.Broken.support, results.test.classification_report.Fusarium, results.test.classification_report.Fusarium.f1-score, results.test.classification_report.Fusarium.precision, results.test.classification_report.Fusarium.recall, results.test.classification_report.Fusarium.support, results.test.classification_report.Insect, results.test.classification_report.Insect.f1-score, results.test.classification_report.Insect.precision, results.test.classification_report.Insect.recall, results.test.classification_report.Insect.support, results.test.classification_report.Moldy, results.test.classification_report.Moldy.f1-score, results.test.classification_report.Moldy.precision, results.test.classification_report.Moldy.recall, results.test.classification_report.Moldy.support, results.test.classification_report.Sound, results.test.classification_report.Sound.f1-score, results.test.classification_report.Sound.precision, results.test.classification_report.Sound.recall, results.test.classification_report.Sound.support, results.test.classification_report.Spotted, results.test.classification_report.Spotted.f1-score, results.test.classification_report.Spotted.precision, results.test.classification_report.Spotted.recall, results.test.classification_report.Spotted.support, results.test.classification_report.Sprouted, results.test.classification_report.Sprouted.f1-score, results.test.classification_report.Sprouted.precision, results.test.classification_report.Sprouted.recall, results.test.classification_report.Sprouted.support, results.test.classification_report.accuracy, results.test.classification_report.macro avg, results.test.classification_report.macro avg.f1-score, results.test.classification_report.macro avg.precision, results.test.classification_report.macro avg.recall, results.test.classification_report.macro avg.support, results.test.classification_report.weighted avg, results.test.classification_report.weighted avg.f1-score, results.test.classification_report.weighted avg.precision, results.test.classification_report.weighted avg.recall, results.test.classification_report.weighted avg.support, results.test.loss, results.test.macro_f1, results.test.weighted_f1, results.test_07, results.test_07.accuracy, results.test_07.balanced_accuracy, results.test_07.classification_report, results.test_07.classification_report.Black Germ, results.test_07.classification_report.Black Germ.f1-score, results.test_07.classification_report.Black Germ.precision, results.test_07.classification_report.Black Germ.recall, results.test_07.classification_report.Black Germ.support, results.test_07.classification_report.Broken, results.test_07.classification_report.Broken.f1-score, results.test_07.classification_report.Broken.precision, results.test_07.classification_report.Broken.recall, results.test_07.classification_report.Broken.support, results.test_07.classification_report.Fusarium, results.test_07.classification_report.Fusarium.f1-score, results.test_07.classification_report.Fusarium.precision, results.test_07.classification_report.Fusarium.recall, results.test_07.classification_report.Fusarium.support, results.test_07.classification_report.Insect, results.test_07.classification_report.Insect.f1-score, results.test_07.classification_report.Insect.precision, results.test_07.classification_report.Insect.recall, results.test_07.classification_report.Insect.support, results.test_07.classification_report.Moldy, results.test_07.classification_report.Moldy.f1-score, results.test_07.classification_report.Moldy.precision, results.test_07.classification_report.Moldy.recall, results.test_07.classification_report.Moldy.support, results.test_07.classification_report.Sound, results.test_07.classification_report.Sound.f1-score, results.test_07.classification_report.Sound.precision, results.test_07.classification_report.Sound.recall, results.test_07.classification_report.Sound.support, results.test_07.classification_report.Spotted, results.test_07.classification_report.Spotted.f1-score, results.test_07.classification_report.Spotted.precision, results.test_07.classification_report.Spotted.recall, results.test_07.classification_report.Spotted.support, results.test_07.classification_report.Sprouted, results.test_07.classification_report.Sprouted.f1-score, results.test_07.classification_report.Sprouted.precision, results.test_07.classification_report.Sprouted.recall, results.test_07.classification_report.Sprouted.support, results.test_07.classification_report.accuracy, results.test_07.classification_report.macro avg, results.test_07.classification_report.macro avg.f1-score, results.test_07.classification_report.macro avg.precision, results.test_07.classification_report.macro avg.recall, results.test_07.classification_report.macro avg.support, results.test_07.classification_report.weighted avg, results.test_07.classification_report.weighted avg.f1-score, results.test_07.classification_report.weighted avg.precision, results.test_07.classification_report.weighted avg.recall, results.test_07.classification_report.weighted avg.support, results.test_07.loss, results.test_07.macro_f1, results.test_07.weighted_f1, results.validation, results.validation.accuracy, results.validation.balanced_accuracy, results.validation.classification_report, results.validation.classification_report.Black Germ, results.validation.classification_report.Black Germ.f1-score, results.validation.classification_report.Black Germ.precision, results.validation.classification_report.Black Germ.recall, results.validation.classification_report.Black Germ.support, results.validation.classification_report.Broken, results.validation.classification_report.Broken.f1-score, results.validation.classification_report.Broken.precision, results.validation.classification_report.Broken.recall, results.validation.classification_report.Broken.support, results.validation.classification_report.Fusarium, results.validation.classification_report.Fusarium.f1-score, results.validation.classification_report.Fusarium.precision, results.validation.classification_report.Fusarium.recall, results.validation.classification_report.Fusarium.support, results.validation.classification_report.Insect, results.validation.classification_report.Insect.f1-score, results.validation.classification_report.Insect.precision, results.validation.classification_report.Insect.recall, results.validation.classification_report.Insect.support, results.validation.classification_report.Moldy, results.validation.classification_report.Moldy.f1-score, results.validation.classification_report.Moldy.precision, results.validation.classification_report.Moldy.recall, results.validation.classification_report.Moldy.support, results.validation.classification_report.Sound, results.validation.classification_report.Sound.f1-score, results.validation.classification_report.Sound.precision, results.validation.classification_report.Sound.recall, results.validation.classification_report.Sound.support, results.validation.classification_report.Spotted, results.validation.classification_report.Spotted.f1-score, results.validation.classification_report.Spotted.precision, results.validation.classification_report.Spotted.recall, results.validation.classification_report.Spotted.support, results.validation.classification_report.Sprouted, results.validation.classification_report.Sprouted.f1-score, results.validation.classification_report.Sprouted.precision, results.validation.classification_report.Sprouted.recall, results.validation.classification_report.Sprouted.support, results.validation.classification_report.accuracy, results.validation.classification_report.macro avg, results.validation.classification_report.macro avg.f1-score, results.validation.classification_report.macro avg.precision, results.validation.classification_report.macro avg.recall, results.validation.classification_report.macro avg.support, results.validation.classification_report.weighted avg, results.validation.classification_report.weighted avg.f1-score, results.validation.classification_report.weighted avg.precision, results.validation.classification_report.weighted avg.recall, results.validation.classification_report.weighted avg.support, results.validation.loss, results.validation.macro_f1, results.validation.weighted_f1, seed, split_sizes, split_sizes.test, split_sizes.test_07, split_sizes.train, split_sizes.validation, training, training.batch_size, training.best_epoch, training.best_validation_macro_f1, training.finetune_epochs, training.finetune_lr, training.total_seconds, training.warmup_epochs, training.warmup_lr, training.weight_decay",,"capture_groups, capture_groups.test, capture_groups.test_07, capture_groups.train, capture_groups.validation, classes, experiment, manifest_dir, results, results.test, results.test.accuracy, results.test.balanced_accuracy, results.test.classification_report, results.test.classification_report.Black Germ, results.test.classification_report.Black Germ.f1-score, results.test.classification_report.Black Germ.precision, results.test.classification_report.Black Germ.recall, results.test.classification_report.Black Germ.support, results.test.classification_report.Broken, results.test.classification_report.Broken.f1-score, results.test.classification_report.Broken.precision, results.test.classification_report.Broken.recall, results.test.classification_report.Broken.support, results.test.classification_report.Fusarium, results.test.classification_report.Fusarium.f1-score, results.test.classification_report.Fusarium.precision, results.test.classification_report.Fusarium.recall, results.test.classification_report.Fusarium.support, results.test.classification_report.Insect, results.test.classification_report.Insect.f1-score, results.test.classification_report.Insect.precision, results.test.classification_report.Insect.recall, results.test.classification_report.Insect.support, results.test.classification_report.Moldy, results.test.classification_report.Moldy.f1-score, results.test.classification_report.Moldy.precision, results.test.classification_report.Moldy.recall, results.test.classification_report.Moldy.support, results.test.classification_report.Sound, results.test.classification_report.Sound.f1-score, results.test.classification_report.Sound.precision, results.test.classification_report.Sound.recall, results.test.classification_report.Sound.support, results.test.classification_report.Spotted, results.test.classification_report.Spotted.f1-score, results.test.classification_report.Spotted.precision, results.test.classification_report.Spotted.recall, results.test.classification_report.Spotted.support, results.test.classification_report.Sprouted, results.test.classification_report.Sprouted.f1-score, results.test.classification_report.Sprouted.precision, results.test.classification_report.Sprouted.recall, results.test.classification_report.Sprouted.support, results.test.classification_report.accuracy, results.test.classification_report.macro avg, results.test.classification_report.macro avg.f1-score, results.test.classification_report.macro avg.precision, results.test.classification_report.macro avg.recall, results.test.classification_report.macro avg.support, results.test.classification_report.weighted avg, results.test.classification_report.weighted avg.f1-score, results.test.classification_report.weighted avg.precision, results.test.classification_report.weighted avg.recall, results.test.classification_report.weighted avg.support, results.test.loss, results.test.macro_f1, results.test.weighted_f1, results.test_07, results.test_07.accuracy, results.test_07.balanced_accuracy, results.test_07.classification_report, results.test_07.classification_report.Black Germ, results.test_07.classification_report.Black Germ.f1-score, results.test_07.classification_report.Black Germ.precision, results.test_07.classification_report.Black Germ.recall, results.test_07.classification_report.Black Germ.support, results.test_07.classification_report.Broken, results.test_07.classification_report.Broken.f1-score, results.test_07.classification_report.Broken.precision, results.test_07.classification_report.Broken.recall, results.test_07.classification_report.Broken.support, results.test_07.classification_report.Fusarium, results.test_07.classification_report.Fusarium.f1-score, results.test_07.classification_report.Fusarium.precision, results.test_07.classification_report.Fusarium.recall, results.test_07.classification_report.Fusarium.support, results.test_07.classification_report.Insect, results.test_07.classification_report.Insect.f1-score, results.test_07.classification_report.Insect.precision, results.test_07.classification_report.Insect.recall, results.test_07.classification_report.Insect.support, results.test_07.classification_report.Moldy, results.test_07.classification_report.Moldy.f1-score, results.test_07.classification_report.Moldy.precision, results.test_07.classification_report.Moldy.recall, results.test_07.classification_report.Moldy.support, results.test_07.classification_report.Sound, results.test_07.classification_report.Sound.f1-score, results.test_07.classification_report.Sound.precision, results.test_07.classification_report.Sound.recall, results.test_07.classification_report.Sound.support, results.test_07.classification_report.Spotted, results.test_07.classification_report.Spotted.f1-score, results.test_07.classification_report.Spotted.precision, results.test_07.classification_report.Spotted.recall, results.test_07.classification_report.Spotted.support, results.test_07.classification_report.Sprouted, results.test_07.classification_report.Sprouted.f1-score, results.test_07.classification_report.Sprouted.precision, results.test_07.classification_report.Sprouted.recall, results.test_07.classification_report.Sprouted.support, results.test_07.classification_report.accuracy, results.test_07.classification_report.macro avg, results.test_07.classification_report.macro avg.f1-score, results.test_07.classification_report.macro avg.precision, results.test_07.classification_report.macro avg.recall, results.test_07.classification_report.macro avg.support, results.test_07.classification_report.weighted avg, results.test_07.classification_report.weighted avg.f1-score, results.test_07.classification_report.weighted avg.precision, results.test_07.classification_report.weighted avg.recall, results.test_07.classification_report.weighted avg.support, results.test_07.loss, results.test_07.macro_f1, results.test_07.weighted_f1, results.validation, results.validation.accuracy, results.validation.balanced_accuracy, results.validation.classification_report, results.validation.classification_report.Black Germ, results.validation.classification_report.Black Germ.f1-score, results.validation.classification_report.Black Germ.precision, results.validation.classification_report.Black Germ.recall, results.validation.classification_report.Black Germ.support, results.validation.classification_report.Broken, results.validation.classification_report.Broken.f1-score, results.validation.classification_report.Broken.precision, results.validation.classification_report.Broken.recall, results.validation.classification_report.Broken.support, results.validation.classification_report.Fusarium, results.validation.classification_report.Fusarium.f1-score, results.validation.classification_report.Fusarium.precision, results.validation.classification_report.Fusarium.recall, results.validation.classification_report.Fusarium.support, results.validation.classification_report.Insect, results.validation.classification_report.Insect.f1-score, results.validation.classification_report.Insect.precision, results.validation.classification_report.Insect.recall, results.validation.classification_report.Insect.support, results.validation.classification_report.Moldy, results.validation.classification_report.Moldy.f1-score, results.validation.classification_report.Moldy.precision, results.validation.classification_report.Moldy.recall, results.validation.classification_report.Moldy.support, results.validation.classification_report.Sound, results.validation.classification_report.Sound.f1-score, results.validation.classification_report.Sound.precision, results.validation.classification_report.Sound.recall, results.validation.classification_report.Sound.support, results.validation.classification_report.Spotted, results.validation.classification_report.Spotted.f1-score, results.validation.classification_report.Spotted.precision, results.validation.classification_report.Spotted.recall, results.validation.classification_report.Spotted.support, results.validation.classification_report.Sprouted, results.validation.classification_report.Sprouted.f1-score, results.validation.classification_report.Sprouted.precision, results.validation.classification_report.Sprouted.recall, results.validation.classification_report.Sprouted.support, results.validation.classification_report.accuracy, results.validation.classification_report.macro avg, results.validation.classification_report.macro avg.f1-score, results.validation.classification_report.macro avg.precision, results.validation.classification_report.macro avg.recall, results.validation.classification_report.macro avg.support, results.validation.classification_report.weighted avg, results.validation.classification_report.weighted avg.f1-score, results.validation.classification_report.weighted avg.precision, results.validation.classification_report.weighted avg.recall, results.validation.classification_report.weighted avg.support, results.validation.loss, results.validation.macro_f1, results.validation.weighted_f1, seed, split_sizes, split_sizes.test, split_sizes.test_07, split_sizes.train, split_sizes.validation, training, training.batch_size, training.best_epoch, training.best_validation_macro_f1, training.finetune_epochs, training.finetune_lr, training.total_seconds, training.warmup_epochs, training.warmup_lr, training.weight_decay","count: results.test.classification_report.Black Germ.support, results.test.classification_report.Broken.support, results.test.classification_report.Fusarium.support, results.test.classification_report.Insect.support, results.test.classification_report.Moldy.support, results.test.classification_report.Sound.support, results.test.classification_report.Spotted.support, results.test.classification_report.Sprouted.support, results.test.classification_report.macro avg.support, results.test.classification_report.weighted avg.support, results.test_07.classification_report.Black Germ.support, results.test_07.classification_report.Broken.support, results.test_07.classification_report.Fusarium.support, results.test_07.classification_report.Insect.support, results.test_07.classification_report.Moldy.support, results.test_07.classification_report.Sound.support, results.test_07.classification_report.Spotted.support, results.test_07.classification_report.Sprouted.support, results.test_07.classification_report.macro avg.support, results.test_07.classification_report.weighted avg.support, results.validation.classification_report.Black Germ.support, results.validation.classification_report.Broken.support, results.validation.classification_report.Fusarium.support, results.validation.classification_report.Insect.support, results.validation.classification_report.Moldy.support, results.validation.classification_report.Sound.support, results.validation.classification_report.Spotted.support, results.validation.classification_report.Sprouted.support, results.validation.classification_report.macro avg.support, results.validation.classification_report.weighted avg.support; metric: results.test.accuracy, results.test.balanced_accuracy, results.test.classification_report.Black Germ.precision, results.test.classification_report.Black Germ.recall, results.test.classification_report.Black Germ.support, results.test.classification_report.Broken.precision, results.test.classification_report.Broken.recall, results.test.classification_report.Broken.support, results.test.classification_report.Fusarium.precision, results.test.classification_report.Fusarium.recall, results.test.classification_report.Fusarium.support, results.test.classification_report.Insect.precision, results.test.classification_report.Insect.recall, results.test.classification_report.Insect.support, results.test.classification_report.Moldy.precision, results.test.classification_report.Moldy.recall, results.test.classification_report.Moldy.support, results.test.classification_report.Sound.precision, results.test.classification_report.Sound.recall, results.test.classification_report.Sound.support, results.test.classification_report.Spotted.precision, results.test.classification_report.Spotted.recall, results.test.classification_report.Spotted.support, results.test.classification_report.Sprouted.precision, results.test.classification_report.Sprouted.recall, results.test.classification_report.Sprouted.support, results.test.classification_report.accuracy, results.test.classification_report.macro avg.precision, results.test.classification_report.macro avg.recall, results.test.classification_report.macro avg.support, results.test.classification_report.weighted avg.precision, results.test.classification_report.weighted avg.recall, results.test.classification_report.weighted avg.support, results.test.loss, results.test.macro_f1, results.test_07.accuracy, results.test_07.balanced_accuracy, results.test_07.classification_report.Black Germ.precision, results.test_07.classification_report.Black Germ.recall, results.test_07.classification_report.Black Germ.support, results.test_07.classification_report.Broken.precision, results.test_07.classification_report.Broken.recall, results.test_07.classification_report.Broken.support, results.test_07.classification_report.Fusarium.precision, results.test_07.classification_report.Fusarium.recall, results.test_07.classification_report.Fusarium.support, results.test_07.classification_report.Insect.precision, results.test_07.classification_report.Insect.recall, results.test_07.classification_report.Insect.support, results.test_07.classification_report.Moldy.precision, results.test_07.classification_report.Moldy.recall, results.test_07.classification_report.Moldy.support, results.test_07.classification_report.Sound.precision, results.test_07.classification_report.Sound.recall, results.test_07.classification_report.Sound.support, results.test_07.classification_report.Spotted.precision, results.test_07.classification_report.Spotted.recall, results.test_07.classification_report.Spotted.support, results.test_07.classification_report.Sprouted.precision, results.test_07.classification_report.Sprouted.recall, results.test_07.classification_report.Sprouted.support, results.test_07.classification_report.accuracy, results.test_07.classification_report.macro avg.precision, results.test_07.classification_report.macro avg.recall, results.test_07.classification_report.macro avg.support, results.test_07.classification_report.weighted avg.precision, results.test_07.classification_report.weighted avg.recall, results.test_07.classification_report.weighted avg.support, results.test_07.loss, results.test_07.macro_f1, results.validation.accuracy, results.validation.balanced_accuracy, results.validation.classification_report.Black Germ.precision, results.validation.classification_report.Black Germ.recall, results.validation.classification_report.Black Germ.support, results.validation.classification_report.Broken.precision, results.validation.classification_report.Broken.recall, results.validation.classification_report.Broken.support, results.validation.classification_report.Fusarium.precision, results.validation.classification_report.Fusarium.recall, results.validation.classification_report.Fusarium.support, results.validation.classification_report.Insect.precision, results.validation.classification_report.Insect.recall, results.validation.classification_report.Insect.support, results.validation.classification_report.Moldy.precision, results.validation.classification_report.Moldy.recall, results.validation.classification_report.Moldy.support, results.validation.classification_report.Sound.precision, results.validation.classification_report.Sound.recall, results.validation.classification_report.Sound.support, results.validation.classification_report.Spotted.precision, results.validation.classification_report.Spotted.recall, results.validation.classification_report.Spotted.support, results.validation.classification_report.Sprouted.precision, results.validation.classification_report.Sprouted.recall, results.validation.classification_report.Sprouted.support, results.validation.classification_report.accuracy, results.validation.classification_report.macro avg.precision, results.validation.classification_report.macro avg.recall, results.validation.classification_report.macro avg.support, results.validation.classification_report.weighted avg.precision, results.validation.classification_report.weighted avg.recall, results.validation.classification_report.weighted avg.support, results.validation.loss, results.validation.macro_f1, training.best_validation_macro_f1, training.total_seconds; round_or_epoch: training.best_epoch; runtime: training.total_seconds; seed: seed; split: split_sizes, split_sizes.test, split_sizes.test_07, split_sizes.train, split_sizes.validation",keys-only,JSON was inspected as nested key paths.
results/Wheat/Centralized/ResNet18/GroupedV2_FullInverseWeights/test_07_confusion_matrix.csv,.csv,8,9,"Unnamed: 0, Black Germ, Broken, Fusarium, Insect, Moldy, Sound, Spotted, Sprouted","Black Germ, Broken, Fusarium, Insect, Moldy, Sound, Spotted, Sprouted",Unnamed: 0,,read,
results/Wheat/Centralized/ResNet18/GroupedV2_FullInverseWeights/test_07_per_class_metrics.csv,.csv,8,5,"class_name, precision, recall, f1_score, support","precision, recall, f1_score, support",class_name,"class_or_category: class_name; count: support; metric: precision, recall, support",read,
results/Wheat/Centralized/ResNet18/GroupedV2_FullInverseWeights/test_confusion_matrix.csv,.csv,8,9,"Unnamed: 0, Black Germ, Broken, Fusarium, Insect, Moldy, Sound, Spotted, Sprouted","Black Germ, Broken, Fusarium, Insect, Moldy, Sound, Spotted, Sprouted",Unnamed: 0,,read,
results/Wheat/Centralized/ResNet18/GroupedV2_FullInverseWeights/test_per_class_metrics.csv,.csv,8,5,"class_name, precision, recall, f1_score, support","precision, recall, f1_score, support",class_name,"class_or_category: class_name; count: support; metric: precision, recall, support",read,
results/Wheat/Centralized/ResNet18/GroupedV2_FullInverseWeights/validation_confusion_matrix.csv,.csv,8,9,"Unnamed: 0, Black Germ, Broken, Fusarium, Insect, Moldy, Sound, Spotted, Sprouted","Black Germ, Broken, Fusarium, Insect, Moldy, Sound, Spotted, Sprouted",Unnamed: 0,,read,
results/Wheat/Centralized/ResNet18/GroupedV2_FullInverseWeights/validation_per_class_metrics.csv,.csv,8,5,"class_name, precision, recall, f1_score, support","precision, recall, f1_score, support",class_name,"class_or_category: class_name; count: support; metric: precision, recall, support",read,
results/Wheat/Centralized/ResNet18/GroupedV3_SqrtWeights/evaluation_summary.csv,.csv,3,7,"experiment, split, num_images, accuracy, balanced_accuracy, macro_f1, weighted_f1","num_images, accuracy, balanced_accuracy, macro_f1, weighted_f1","experiment, split","count: num_images; metric: accuracy, balanced_accuracy, macro_f1; split: split",read,
results/Wheat/Centralized/ResNet18/GroupedV3_SqrtWeights/history.json,.json,10,9,"epoch, stage, train_loss, validation_loss, validation_accuracy, validation_balanced_accuracy, validation_macro_f1, validation_weighted_f1, epoch_seconds","epoch, train_loss, validation_loss, validation_accuracy, validation_balanced_accuracy, validation_macro_f1, validation_weighted_f1, epoch_seconds",stage,"metric: epoch_seconds, train_loss, validation_accuracy, validation_balanced_accuracy, validation_loss, validation_macro_f1; round_or_epoch: epoch, epoch_seconds; runtime: epoch_seconds",read,
results/Wheat/Centralized/ResNet18/GroupedV3_SqrtWeights/metrics.json,.json,0,199,"capture_groups, capture_groups.test, capture_groups.test_07, capture_groups.train, capture_groups.validation, classes, experiment, manifest_dir, results, results.test, results.test.accuracy, results.test.balanced_accuracy, results.test.classification_report, results.test.classification_report.Black Germ, results.test.classification_report.Black Germ.f1-score, results.test.classification_report.Black Germ.precision, results.test.classification_report.Black Germ.recall, results.test.classification_report.Black Germ.support, results.test.classification_report.Broken, results.test.classification_report.Broken.f1-score, results.test.classification_report.Broken.precision, results.test.classification_report.Broken.recall, results.test.classification_report.Broken.support, results.test.classification_report.Fusarium, results.test.classification_report.Fusarium.f1-score, results.test.classification_report.Fusarium.precision, results.test.classification_report.Fusarium.recall, results.test.classification_report.Fusarium.support, results.test.classification_report.Insect, results.test.classification_report.Insect.f1-score, results.test.classification_report.Insect.precision, results.test.classification_report.Insect.recall, results.test.classification_report.Insect.support, results.test.classification_report.Moldy, results.test.classification_report.Moldy.f1-score, results.test.classification_report.Moldy.precision, results.test.classification_report.Moldy.recall, results.test.classification_report.Moldy.support, results.test.classification_report.Sound, results.test.classification_report.Sound.f1-score, results.test.classification_report.Sound.precision, results.test.classification_report.Sound.recall, results.test.classification_report.Sound.support, results.test.classification_report.Spotted, results.test.classification_report.Spotted.f1-score, results.test.classification_report.Spotted.precision, results.test.classification_report.Spotted.recall, results.test.classification_report.Spotted.support, results.test.classification_report.Sprouted, results.test.classification_report.Sprouted.f1-score, results.test.classification_report.Sprouted.precision, results.test.classification_report.Sprouted.recall, results.test.classification_report.Sprouted.support, results.test.classification_report.accuracy, results.test.classification_report.macro avg, results.test.classification_report.macro avg.f1-score, results.test.classification_report.macro avg.precision, results.test.classification_report.macro avg.recall, results.test.classification_report.macro avg.support, results.test.classification_report.weighted avg, results.test.classification_report.weighted avg.f1-score, results.test.classification_report.weighted avg.precision, results.test.classification_report.weighted avg.recall, results.test.classification_report.weighted avg.support, results.test.loss, results.test.macro_f1, results.test.weighted_f1, results.test_07, results.test_07.accuracy, results.test_07.balanced_accuracy, results.test_07.classification_report, results.test_07.classification_report.Black Germ, results.test_07.classification_report.Black Germ.f1-score, results.test_07.classification_report.Black Germ.precision, results.test_07.classification_report.Black Germ.recall, results.test_07.classification_report.Black Germ.support, results.test_07.classification_report.Broken, results.test_07.classification_report.Broken.f1-score, results.test_07.classification_report.Broken.precision, results.test_07.classification_report.Broken.recall, results.test_07.classification_report.Broken.support, results.test_07.classification_report.Fusarium, results.test_07.classification_report.Fusarium.f1-score, results.test_07.classification_report.Fusarium.precision, results.test_07.classification_report.Fusarium.recall, results.test_07.classification_report.Fusarium.support, results.test_07.classification_report.Insect, results.test_07.classification_report.Insect.f1-score, results.test_07.classification_report.Insect.precision, results.test_07.classification_report.Insect.recall, results.test_07.classification_report.Insect.support, results.test_07.classification_report.Moldy, results.test_07.classification_report.Moldy.f1-score, results.test_07.classification_report.Moldy.precision, results.test_07.classification_report.Moldy.recall, results.test_07.classification_report.Moldy.support, results.test_07.classification_report.Sound, results.test_07.classification_report.Sound.f1-score, results.test_07.classification_report.Sound.precision, results.test_07.classification_report.Sound.recall, results.test_07.classification_report.Sound.support, results.test_07.classification_report.Spotted, results.test_07.classification_report.Spotted.f1-score, results.test_07.classification_report.Spotted.precision, results.test_07.classification_report.Spotted.recall, results.test_07.classification_report.Spotted.support, results.test_07.classification_report.Sprouted, results.test_07.classification_report.Sprouted.f1-score, results.test_07.classification_report.Sprouted.precision, results.test_07.classification_report.Sprouted.recall, results.test_07.classification_report.Sprouted.support, results.test_07.classification_report.accuracy, results.test_07.classification_report.macro avg, results.test_07.classification_report.macro avg.f1-score, results.test_07.classification_report.macro avg.precision, results.test_07.classification_report.macro avg.recall, results.test_07.classification_report.macro avg.support, results.test_07.classification_report.weighted avg, results.test_07.classification_report.weighted avg.f1-score, results.test_07.classification_report.weighted avg.precision, results.test_07.classification_report.weighted avg.recall, results.test_07.classification_report.weighted avg.support, results.test_07.loss, results.test_07.macro_f1, results.test_07.weighted_f1, results.validation, results.validation.accuracy, results.validation.balanced_accuracy, results.validation.classification_report, results.validation.classification_report.Black Germ, results.validation.classification_report.Black Germ.f1-score, results.validation.classification_report.Black Germ.precision, results.validation.classification_report.Black Germ.recall, results.validation.classification_report.Black Germ.support, results.validation.classification_report.Broken, results.validation.classification_report.Broken.f1-score, results.validation.classification_report.Broken.precision, results.validation.classification_report.Broken.recall, results.validation.classification_report.Broken.support, results.validation.classification_report.Fusarium, results.validation.classification_report.Fusarium.f1-score, results.validation.classification_report.Fusarium.precision, results.validation.classification_report.Fusarium.recall, results.validation.classification_report.Fusarium.support, results.validation.classification_report.Insect, results.validation.classification_report.Insect.f1-score, results.validation.classification_report.Insect.precision, results.validation.classification_report.Insect.recall, results.validation.classification_report.Insect.support, results.validation.classification_report.Moldy, results.validation.classification_report.Moldy.f1-score, results.validation.classification_report.Moldy.precision, results.validation.classification_report.Moldy.recall, results.validation.classification_report.Moldy.support, results.validation.classification_report.Sound, results.validation.classification_report.Sound.f1-score, results.validation.classification_report.Sound.precision, results.validation.classification_report.Sound.recall, results.validation.classification_report.Sound.support, results.validation.classification_report.Spotted, results.validation.classification_report.Spotted.f1-score, results.validation.classification_report.Spotted.precision, results.validation.classification_report.Spotted.recall, results.validation.classification_report.Spotted.support, results.validation.classification_report.Sprouted, results.validation.classification_report.Sprouted.f1-score, results.validation.classification_report.Sprouted.precision, results.validation.classification_report.Sprouted.recall, results.validation.classification_report.Sprouted.support, results.validation.classification_report.accuracy, results.validation.classification_report.macro avg, results.validation.classification_report.macro avg.f1-score, results.validation.classification_report.macro avg.precision, results.validation.classification_report.macro avg.recall, results.validation.classification_report.macro avg.support, results.validation.classification_report.weighted avg, results.validation.classification_report.weighted avg.f1-score, results.validation.classification_report.weighted avg.precision, results.validation.classification_report.weighted avg.recall, results.validation.classification_report.weighted avg.support, results.validation.loss, results.validation.macro_f1, results.validation.weighted_f1, seed, split_sizes, split_sizes.test, split_sizes.test_07, split_sizes.train, split_sizes.validation, training, training.batch_size, training.best_epoch, training.best_validation_macro_f1, training.finetune_epochs, training.finetune_lr, training.total_seconds, training.warmup_epochs, training.warmup_lr, training.weight_decay",,"capture_groups, capture_groups.test, capture_groups.test_07, capture_groups.train, capture_groups.validation, classes, experiment, manifest_dir, results, results.test, results.test.accuracy, results.test.balanced_accuracy, results.test.classification_report, results.test.classification_report.Black Germ, results.test.classification_report.Black Germ.f1-score, results.test.classification_report.Black Germ.precision, results.test.classification_report.Black Germ.recall, results.test.classification_report.Black Germ.support, results.test.classification_report.Broken, results.test.classification_report.Broken.f1-score, results.test.classification_report.Broken.precision, results.test.classification_report.Broken.recall, results.test.classification_report.Broken.support, results.test.classification_report.Fusarium, results.test.classification_report.Fusarium.f1-score, results.test.classification_report.Fusarium.precision, results.test.classification_report.Fusarium.recall, results.test.classification_report.Fusarium.support, results.test.classification_report.Insect, results.test.classification_report.Insect.f1-score, results.test.classification_report.Insect.precision, results.test.classification_report.Insect.recall, results.test.classification_report.Insect.support, results.test.classification_report.Moldy, results.test.classification_report.Moldy.f1-score, results.test.classification_report.Moldy.precision, results.test.classification_report.Moldy.recall, results.test.classification_report.Moldy.support, results.test.classification_report.Sound, results.test.classification_report.Sound.f1-score, results.test.classification_report.Sound.precision, results.test.classification_report.Sound.recall, results.test.classification_report.Sound.support, results.test.classification_report.Spotted, results.test.classification_report.Spotted.f1-score, results.test.classification_report.Spotted.precision, results.test.classification_report.Spotted.recall, results.test.classification_report.Spotted.support, results.test.classification_report.Sprouted, results.test.classification_report.Sprouted.f1-score, results.test.classification_report.Sprouted.precision, results.test.classification_report.Sprouted.recall, results.test.classification_report.Sprouted.support, results.test.classification_report.accuracy, results.test.classification_report.macro avg, results.test.classification_report.macro avg.f1-score, results.test.classification_report.macro avg.precision, results.test.classification_report.macro avg.recall, results.test.classification_report.macro avg.support, results.test.classification_report.weighted avg, results.test.classification_report.weighted avg.f1-score, results.test.classification_report.weighted avg.precision, results.test.classification_report.weighted avg.recall, results.test.classification_report.weighted avg.support, results.test.loss, results.test.macro_f1, results.test.weighted_f1, results.test_07, results.test_07.accuracy, results.test_07.balanced_accuracy, results.test_07.classification_report, results.test_07.classification_report.Black Germ, results.test_07.classification_report.Black Germ.f1-score, results.test_07.classification_report.Black Germ.precision, results.test_07.classification_report.Black Germ.recall, results.test_07.classification_report.Black Germ.support, results.test_07.classification_report.Broken, results.test_07.classification_report.Broken.f1-score, results.test_07.classification_report.Broken.precision, results.test_07.classification_report.Broken.recall, results.test_07.classification_report.Broken.support, results.test_07.classification_report.Fusarium, results.test_07.classification_report.Fusarium.f1-score, results.test_07.classification_report.Fusarium.precision, results.test_07.classification_report.Fusarium.recall, results.test_07.classification_report.Fusarium.support, results.test_07.classification_report.Insect, results.test_07.classification_report.Insect.f1-score, results.test_07.classification_report.Insect.precision, results.test_07.classification_report.Insect.recall, results.test_07.classification_report.Insect.support, results.test_07.classification_report.Moldy, results.test_07.classification_report.Moldy.f1-score, results.test_07.classification_report.Moldy.precision, results.test_07.classification_report.Moldy.recall, results.test_07.classification_report.Moldy.support, results.test_07.classification_report.Sound, results.test_07.classification_report.Sound.f1-score, results.test_07.classification_report.Sound.precision, results.test_07.classification_report.Sound.recall, results.test_07.classification_report.Sound.support, results.test_07.classification_report.Spotted, results.test_07.classification_report.Spotted.f1-score, results.test_07.classification_report.Spotted.precision, results.test_07.classification_report.Spotted.recall, results.test_07.classification_report.Spotted.support, results.test_07.classification_report.Sprouted, results.test_07.classification_report.Sprouted.f1-score, results.test_07.classification_report.Sprouted.precision, results.test_07.classification_report.Sprouted.recall, results.test_07.classification_report.Sprouted.support, results.test_07.classification_report.accuracy, results.test_07.classification_report.macro avg, results.test_07.classification_report.macro avg.f1-score, results.test_07.classification_report.macro avg.precision, results.test_07.classification_report.macro avg.recall, results.test_07.classification_report.macro avg.support, results.test_07.classification_report.weighted avg, results.test_07.classification_report.weighted avg.f1-score, results.test_07.classification_report.weighted avg.precision, results.test_07.classification_report.weighted avg.recall, results.test_07.classification_report.weighted avg.support, results.test_07.loss, results.test_07.macro_f1, results.test_07.weighted_f1, results.validation, results.validation.accuracy, results.validation.balanced_accuracy, results.validation.classification_report, results.validation.classification_report.Black Germ, results.validation.classification_report.Black Germ.f1-score, results.validation.classification_report.Black Germ.precision, results.validation.classification_report.Black Germ.recall, results.validation.classification_report.Black Germ.support, results.validation.classification_report.Broken, results.validation.classification_report.Broken.f1-score, results.validation.classification_report.Broken.precision, results.validation.classification_report.Broken.recall, results.validation.classification_report.Broken.support, results.validation.classification_report.Fusarium, results.validation.classification_report.Fusarium.f1-score, results.validation.classification_report.Fusarium.precision, results.validation.classification_report.Fusarium.recall, results.validation.classification_report.Fusarium.support, results.validation.classification_report.Insect, results.validation.classification_report.Insect.f1-score, results.validation.classification_report.Insect.precision, results.validation.classification_report.Insect.recall, results.validation.classification_report.Insect.support, results.validation.classification_report.Moldy, results.validation.classification_report.Moldy.f1-score, results.validation.classification_report.Moldy.precision, results.validation.classification_report.Moldy.recall, results.validation.classification_report.Moldy.support, results.validation.classification_report.Sound, results.validation.classification_report.Sound.f1-score, results.validation.classification_report.Sound.precision, results.validation.classification_report.Sound.recall, results.validation.classification_report.Sound.support, results.validation.classification_report.Spotted, results.validation.classification_report.Spotted.f1-score, results.validation.classification_report.Spotted.precision, results.validation.classification_report.Spotted.recall, results.validation.classification_report.Spotted.support, results.validation.classification_report.Sprouted, results.validation.classification_report.Sprouted.f1-score, results.validation.classification_report.Sprouted.precision, results.validation.classification_report.Sprouted.recall, results.validation.classification_report.Sprouted.support, results.validation.classification_report.accuracy, results.validation.classification_report.macro avg, results.validation.classification_report.macro avg.f1-score, results.validation.classification_report.macro avg.precision, results.validation.classification_report.macro avg.recall, results.validation.classification_report.macro avg.support, results.validation.classification_report.weighted avg, results.validation.classification_report.weighted avg.f1-score, results.validation.classification_report.weighted avg.precision, results.validation.classification_report.weighted avg.recall, results.validation.classification_report.weighted avg.support, results.validation.loss, results.validation.macro_f1, results.validation.weighted_f1, seed, split_sizes, split_sizes.test, split_sizes.test_07, split_sizes.train, split_sizes.validation, training, training.batch_size, training.best_epoch, training.best_validation_macro_f1, training.finetune_epochs, training.finetune_lr, training.total_seconds, training.warmup_epochs, training.warmup_lr, training.weight_decay","count: results.test.classification_report.Black Germ.support, results.test.classification_report.Broken.support, results.test.classification_report.Fusarium.support, results.test.classification_report.Insect.support, results.test.classification_report.Moldy.support, results.test.classification_report.Sound.support, results.test.classification_report.Spotted.support, results.test.classification_report.Sprouted.support, results.test.classification_report.macro avg.support, results.test.classification_report.weighted avg.support, results.test_07.classification_report.Black Germ.support, results.test_07.classification_report.Broken.support, results.test_07.classification_report.Fusarium.support, results.test_07.classification_report.Insect.support, results.test_07.classification_report.Moldy.support, results.test_07.classification_report.Sound.support, results.test_07.classification_report.Spotted.support, results.test_07.classification_report.Sprouted.support, results.test_07.classification_report.macro avg.support, results.test_07.classification_report.weighted avg.support, results.validation.classification_report.Black Germ.support, results.validation.classification_report.Broken.support, results.validation.classification_report.Fusarium.support, results.validation.classification_report.Insect.support, results.validation.classification_report.Moldy.support, results.validation.classification_report.Sound.support, results.validation.classification_report.Spotted.support, results.validation.classification_report.Sprouted.support, results.validation.classification_report.macro avg.support, results.validation.classification_report.weighted avg.support; metric: results.test.accuracy, results.test.balanced_accuracy, results.test.classification_report.Black Germ.precision, results.test.classification_report.Black Germ.recall, results.test.classification_report.Black Germ.support, results.test.classification_report.Broken.precision, results.test.classification_report.Broken.recall, results.test.classification_report.Broken.support, results.test.classification_report.Fusarium.precision, results.test.classification_report.Fusarium.recall, results.test.classification_report.Fusarium.support, results.test.classification_report.Insect.precision, results.test.classification_report.Insect.recall, results.test.classification_report.Insect.support, results.test.classification_report.Moldy.precision, results.test.classification_report.Moldy.recall, results.test.classification_report.Moldy.support, results.test.classification_report.Sound.precision, results.test.classification_report.Sound.recall, results.test.classification_report.Sound.support, results.test.classification_report.Spotted.precision, results.test.classification_report.Spotted.recall, results.test.classification_report.Spotted.support, results.test.classification_report.Sprouted.precision, results.test.classification_report.Sprouted.recall, results.test.classification_report.Sprouted.support, results.test.classification_report.accuracy, results.test.classification_report.macro avg.precision, results.test.classification_report.macro avg.recall, results.test.classification_report.macro avg.support, results.test.classification_report.weighted avg.precision, results.test.classification_report.weighted avg.recall, results.test.classification_report.weighted avg.support, results.test.loss, results.test.macro_f1, results.test_07.accuracy, results.test_07.balanced_accuracy, results.test_07.classification_report.Black Germ.precision, results.test_07.classification_report.Black Germ.recall, results.test_07.classification_report.Black Germ.support, results.test_07.classification_report.Broken.precision, results.test_07.classification_report.Broken.recall, results.test_07.classification_report.Broken.support, results.test_07.classification_report.Fusarium.precision, results.test_07.classification_report.Fusarium.recall, results.test_07.classification_report.Fusarium.support, results.test_07.classification_report.Insect.precision, results.test_07.classification_report.Insect.recall, results.test_07.classification_report.Insect.support, results.test_07.classification_report.Moldy.precision, results.test_07.classification_report.Moldy.recall, results.test_07.classification_report.Moldy.support, results.test_07.classification_report.Sound.precision, results.test_07.classification_report.Sound.recall, results.test_07.classification_report.Sound.support, results.test_07.classification_report.Spotted.precision, results.test_07.classification_report.Spotted.recall, results.test_07.classification_report.Spotted.support, results.test_07.classification_report.Sprouted.precision, results.test_07.classification_report.Sprouted.recall, results.test_07.classification_report.Sprouted.support, results.test_07.classification_report.accuracy, results.test_07.classification_report.macro avg.precision, results.test_07.classification_report.macro avg.recall, results.test_07.classification_report.macro avg.support, results.test_07.classification_report.weighted avg.precision, results.test_07.classification_report.weighted avg.recall, results.test_07.classification_report.weighted avg.support, results.test_07.loss, results.test_07.macro_f1, results.validation.accuracy, results.validation.balanced_accuracy, results.validation.classification_report.Black Germ.precision, results.validation.classification_report.Black Germ.recall, results.validation.classification_report.Black Germ.support, results.validation.classification_report.Broken.precision, results.validation.classification_report.Broken.recall, results.validation.classification_report.Broken.support, results.validation.classification_report.Fusarium.precision, results.validation.classification_report.Fusarium.recall, results.validation.classification_report.Fusarium.support, results.validation.classification_report.Insect.precision, results.validation.classification_report.Insect.recall, results.validation.classification_report.Insect.support, results.validation.classification_report.Moldy.precision, results.validation.classification_report.Moldy.recall, results.validation.classification_report.Moldy.support, results.validation.classification_report.Sound.precision, results.validation.classification_report.Sound.recall, results.validation.classification_report.Sound.support, results.validation.classification_report.Spotted.precision, results.validation.classification_report.Spotted.recall, results.validation.classification_report.Spotted.support, results.validation.classification_report.Sprouted.precision, results.validation.classification_report.Sprouted.recall, results.validation.classification_report.Sprouted.support, results.validation.classification_report.accuracy, results.validation.classification_report.macro avg.precision, results.validation.classification_report.macro avg.recall, results.validation.classification_report.macro avg.support, results.validation.classification_report.weighted avg.precision, results.validation.classification_report.weighted avg.recall, results.validation.classification_report.weighted avg.support, results.validation.loss, results.validation.macro_f1, training.best_validation_macro_f1, training.total_seconds; round_or_epoch: training.best_epoch; runtime: training.total_seconds; seed: seed; split: split_sizes, split_sizes.test, split_sizes.test_07, split_sizes.train, split_sizes.validation",keys-only,JSON was inspected as nested key paths.
results/Wheat/Centralized/ResNet18/GroupedV3_SqrtWeights/test_07_confusion_matrix.csv,.csv,8,9,"Unnamed: 0, Black Germ, Broken, Fusarium, Insect, Moldy, Sound, Spotted, Sprouted","Black Germ, Broken, Fusarium, Insect, Moldy, Sound, Spotted, Sprouted",Unnamed: 0,,read,
results/Wheat/Centralized/ResNet18/GroupedV3_SqrtWeights/test_07_per_class_metrics.csv,.csv,8,5,"class_name, precision, recall, f1_score, support","precision, recall, f1_score, support",class_name,"class_or_category: class_name; count: support; metric: precision, recall, support",read,
results/Wheat/Centralized/ResNet18/GroupedV3_SqrtWeights/test_confusion_matrix.csv,.csv,8,9,"Unnamed: 0, Black Germ, Broken, Fusarium, Insect, Moldy, Sound, Spotted, Sprouted","Black Germ, Broken, Fusarium, Insect, Moldy, Sound, Spotted, Sprouted",Unnamed: 0,,read,
results/Wheat/Centralized/ResNet18/GroupedV3_SqrtWeights/test_per_class_metrics.csv,.csv,8,5,"class_name, precision, recall, f1_score, support","precision, recall, f1_score, support",class_name,"class_or_category: class_name; count: support; metric: precision, recall, support",read,
results/Wheat/Centralized/ResNet18/GroupedV3_SqrtWeights/validation_confusion_matrix.csv,.csv,8,9,"Unnamed: 0, Black Germ, Broken, Fusarium, Insect, Moldy, Sound, Spotted, Sprouted","Black Germ, Broken, Fusarium, Insect, Moldy, Sound, Spotted, Sprouted",Unnamed: 0,,read,
results/Wheat/Centralized/ResNet18/GroupedV3_SqrtWeights/validation_per_class_metrics.csv,.csv,8,5,"class_name, precision, recall, f1_score, support","precision, recall, f1_score, support",class_name,"class_or_category: class_name; count: support; metric: precision, recall, support",read,
streamlit-ui/streamlit-ui/data/client_statistics.csv,.csv,3,8,"dataset, distribution, alpha, client, images, capture_groups, class_entropy, source","alpha, images, capture_groups, class_entropy","dataset, distribution, client, source",alpha: alpha; class_or_category: class_entropy; client: client; count: images; dataset: dataset; distribution: distribution; metric: class_entropy,read,
streamlit-ui/streamlit-ui/data/dataset_categories.csv,.csv,2,4,"dataset, category, count, source",count,"dataset, category, source",class_or_category: category; count: count; dataset: dataset,read,
streamlit-ui/streamlit-ui/data/dataset_splits.csv,.csv,3,5,"dataset, split, count, capture_group_overlap, source","count, capture_group_overlap","dataset, split, source",count: count; dataset: dataset; split: split,read,
streamlit-ui/streamlit-ui/data/experiment_results.csv,.csv,12,13,"dataset, architecture, method, distribution, alpha, client, seed, accuracy, macro_f1, selected_round, status, confusion_matrix_path, notes","alpha, seed, accuracy, macro_f1, selected_round, confusion_matrix_path","dataset, architecture, method, distribution, client, status, notes","alpha: alpha; client: client; dataset: dataset; distribution: distribution; method: method; metric: accuracy, macro_f1; model: architecture; round_or_epoch: selected_round; seed: seed",read,
streamlit-ui/streamlit-ui/data/project_metadata.json,.json,0,8,"capture_group_overlap, dataset_count, federated_clients, federated_rounds, institution, note, project_title, total_images",,"capture_group_overlap, dataset_count, federated_clients, federated_rounds, institution, note, project_title, total_images","count: dataset_count, total_images; dataset: dataset_count",keys-only,JSON was inspected as nested key paths.
streamlit-ui/streamlit-ui/data/round_metrics.csv,.csv,0,11,"dataset, architecture, method, distribution, alpha, client, round, accuracy, macro_f1, loss, source",,"dataset, architecture, method, distribution, alpha, client, round, accuracy, macro_f1, loss, source","alpha: alpha; client: client; dataset: dataset; distribution: distribution; method: method; metric: accuracy, loss, macro_f1; model: architecture; round_or_epoch: round",read,
